date,restaurant_id,restaurant_name,meal_type,day_of_week,is_weekend,is_holiday,month,temperature,rainfall,special_event,previous_day_sales,previous_week_avg_sales,avg_7day_sales,quantity_prepared,quantity_sold,quantity_wasted
2025-01-01,R1,Spice Route Kitchen,dinner,2,0,0,1,15.8,0.0,0,57,57.0,57.0,60,49,11
2025-01-01,R1,Spice Route Kitchen,lunch,2,0,0,1,15.8,0.0,0,38,38.0,38.0,43,37,6
2025-01-01,R2,Green Leaf Cafe,dinner,2,0,0,1,15.9,2.9,0,36,36.0,36.0,38,34,4
2025-01-01,R2,Green Leaf Cafe,lunch,2,0,0,1,15.9,2.9,0,24,24.0,24.0,29,25,4
2025-01-01,R3,Coastal Kitchen,dinner,2,0,0,1,12.9,1.2,0,66,66.0,66.0,78,62,16
2025-01-01,R3,Coastal Kitchen,lunch,2,0,0,1,12.9,1.2,0,44,44.0,44.0,55,44,11
2025-01-01,R4,Urban Tandoor,dinner,2,0,0,1,12.8,6.5,0,45,45.0,45.0,44,39,5
2025-01-01,R4,Urban Tandoor,lunch,2,0,0,1,12.8,6.5,0,30,30.0,30.0,32,28,4
2025-01-01,R5,Campus Canteen,dinner,2,0,0,1,14.3,3.0,0,84,84.0,84.0,82,77,5
2025-01-01,R5,Campus Canteen,lunch,2,0,0,1,14.3,3.0,0,56,56.0,56.0,56,52,4
2025-01-02,R1,Spice Route Kitchen,dinner,3,0,0,1,14.6,0.3,0,49,49.0,49.0,70,56,14
2025-01-02,R1,Spice Route Kitchen,lunch,3,0,0,1,14.6,0.3,0,37,37.0,37.0,48,39,9
2025-01-02,R2,Green Leaf Cafe,dinner,3,0,0,1,16.0,0.0,0,34,34.0,34.0,38,34,4
2025-01-02,R2,Green Leaf Cafe,lunch,3,0,0,1,16.0,0.0,0,25,25.0,25.0,28,22,6
2025-01-02,R3,Coastal Kitchen,dinner,3,0,0,1,14.1,4.9,0,62,62.0,62.0,71,57,14
2025-01-02,R3,Coastal Kitchen,lunch,3,0,0,1,14.1,4.9,0,44,44.0,44.0,52,41,11
2025-01-02,R4,Urban Tandoor,dinner,3,0,0,1,13.3,0.0,0,39,39.0,39.0,52,45,7
2025-01-02,R4,Urban Tandoor,lunch,3,0,0,1,13.3,0.0,0,28,28.0,28.0,31,27,4
2025-01-02,R5,Campus Canteen,dinner,3,0,0,1,15.4,1.2,0,77,77.0,77.0,89,83,6
2025-01-02,R5,Campus Canteen,lunch,3,0,0,1,15.4,1.2,0,52,52.0,52.0,62,55,7
2025-01-03,R1,Spice Route Kitchen,dinner,4,0,0,1,16.2,0.0,0,56,52.5,56.0,79,65,14
2025-01-03,R1,Spice Route Kitchen,lunch,4,0,0,1,16.2,0.0,0,39,38.0,39.0,52,41,11
2025-01-03,R2,Green Leaf Cafe,dinner,4,0,0,1,13.8,0.2,0,34,34.0,34.0,46,40,6
2025-01-03,R2,Green Leaf Cafe,lunch,4,0,0,1,13.8,0.2,0,22,23.5,22.0,33,29,4
2025-01-03,R3,Coastal Kitchen,dinner,4,0,0,1,15.5,3.3,0,57,59.5,57.0,94,75,19
2025-01-03,R3,Coastal Kitchen,lunch,4,0,0,1,15.5,3.3,0,41,42.5,41.0,70,55,15
2025-01-03,R4,Urban Tandoor,dinner,4,0,0,1,13.5,0.0,0,45,42.0,45.0,54,47,7
2025-01-03,R4,Urban Tandoor,lunch,4,0,0,1,13.5,0.0,0,27,27.5,27.0,41,35,6
2025-01-03,R5,Campus Canteen,dinner,4,0,0,1,14.7,1.6,0,83,80.0,83.0,113,102,11
2025-01-03,R5,Campus Canteen,lunch,4,0,0,1,14.7,1.6,0,55,53.5,55.0,72,63,9
2025-01-04,R1,Spice Route Kitchen,dinner,5,1,0,1,13.9,4.1,0,65,56.7,65.0,94,76,18
2025-01-04,R1,Spice Route Kitchen,lunch,5,1,0,1,13.9,4.1,0,41,39.0,41.0,58,48,10
2025-01-04,R2,Green Leaf Cafe,dinner,5,1,0,1,13.5,0.0,0,40,36.0,40.0,58,49,9
2025-01-04,R2,Green Leaf Cafe,lunch,5,1,0,1,13.5,0.0,0,29,25.3,29.0,34,29,5
2025-01-04,R3,Coastal Kitchen,dinner,5,1,0,1,17.3,6.7,0,75,64.7,75.0,104,78,26
2025-01-04,R3,Coastal Kitchen,lunch,5,1,0,1,17.3,6.7,0,55,46.7,55.0,76,56,20
2025-01-04,R4,Urban Tandoor,dinner,5,1,0,1,12.7,4.3,0,47,43.7,47.0,65,57,8
2025-01-04,R4,Urban Tandoor,lunch,5,1,0,1,12.7,4.3,0,35,30.0,35.0,45,40,5
2025-01-04,R5,Campus Canteen,dinner,5,1,0,1,17.6,4.0,0,102,87.3,102.0,125,105,20
2025-01-04,R5,Campus Canteen,lunch,5,1,0,1,17.6,4.0,0,63,56.7,63.0,90,75,15
2025-01-05,R1,Spice Route Kitchen,dinner,6,1,0,1,16.2,1.7,0,76,61.5,76.0,81,65,16
2025-01-05,R1,Spice Route Kitchen,lunch,6,1,0,1,16.2,1.7,0,48,41.2,48.0,53,44,9
2025-01-05,R2,Green Leaf Cafe,dinner,6,1,0,1,15.4,2.7,0,49,39.2,49.0,52,45,7
2025-01-05,R2,Green Leaf Cafe,lunch,6,1,0,1,15.4,2.7,0,29,26.2,29.0,35,30,5
2025-01-05,R3,Coastal Kitchen,dinner,6,1,0,1,17.8,0.6,0,78,68.0,78.0,101,79,22
2025-01-05,R3,Coastal Kitchen,lunch,6,1,0,1,17.8,0.6,0,56,49.0,56.0,80,58,22
2025-01-05,R4,Urban Tandoor,dinner,6,1,0,1,13.6,1.8,0,57,47.0,57.0,70,58,12
2025-01-05,R4,Urban Tandoor,lunch,6,1,0,1,13.6,1.8,0,40,32.5,40.0,50,40,10
2025-01-05,R5,Campus Canteen,dinner,6,1,0,1,16.9,4.4,0,105,91.8,105.0,105,94,11
2025-01-05,R5,Campus Canteen,lunch,6,1,0,1,16.9,4.4,0,75,61.2,75.0,82,71,11
2025-01-06,R1,Spice Route Kitchen,dinner,0,0,0,1,17.6,0.1,0,65,62.2,65.0,68,55,13
2025-01-06,R1,Spice Route Kitchen,lunch,0,0,0,1,17.6,0.1,0,44,41.8,44.0,41,33,8
2025-01-06,R2,Green Leaf Cafe,dinner,0,0,0,1,13.4,0.0,0,45,40.4,45.0,34,30,4
2025-01-06,R2,Green Leaf Cafe,lunch,0,0,0,1,13.4,0.0,0,30,27.0,30.0,27,23,4
2025-01-06,R3,Coastal Kitchen,dinner,0,0,0,1,13.5,3.3,0,79,70.2,79.0,77,59,18
2025-01-06,R3,Coastal Kitchen,lunch,0,0,0,1,13.5,3.3,0,58,50.8,58.0,52,40,12
2025-01-06,R4,Urban Tandoor,dinner,0,0,0,1,14.5,2.2,1,58,49.2,58.0,67,57,10
2025-01-06,R4,Urban Tandoor,lunch,0,0,0,1,14.5,2.2,1,40,34.0,40.0,49,41,8
2025-01-06,R5,Campus Canteen,dinner,0,0,0,1,11.1,0.0,0,94,92.2,94.0,91,85,6
2025-01-06,R5,Campus Canteen,lunch,0,0,0,1,11.1,0.0,0,71,63.2,71.0,62,51,11
2025-01-07,R1,Spice Route Kitchen,dinner,1,0,0,1,14.1,1.1,0,55,61.0,55.0,65,52,13
2025-01-07,R1,Spice Route Kitchen,lunch,1,0,0,1,14.1,1.1,0,33,40.3,33.0,43,35,8
2025-01-07,R2,Green Leaf Cafe,dinner,1,0,0,1,14.0,0.0,0,30,38.7,30.0,36,33,3
2025-01-07,R2,Green Leaf Cafe,lunch,1,0,0,1,14.0,0.0,0,23,26.3,23.0,22,20,2
2025-01-07,R3,Coastal Kitchen,dinner,1,0,0,1,20.6,0.0,0,59,68.3,59.0,84,65,19
2025-01-07,R3,Coastal Kitchen,lunch,1,0,0,1,20.6,0.0,0,40,49.0,40.0,55,42,13
2025-01-07,R4,Urban Tandoor,dinner,1,0,0,1,18.9,0.0,0,57,50.5,57.0,43,39,4
2025-01-07,R4,Urban Tandoor,lunch,1,0,0,1,18.9,0.0,0,41,35.2,41.0,30,27,3
2025-01-07,R5,Campus Canteen,dinner,1,0,0,1,16.5,2.8,0,85,91.0,85.0,75,69,6
2025-01-07,R5,Campus Canteen,lunch,1,0,0,1,16.5,2.8,0,51,61.2,51.0,58,51,7
2025-01-08,R1,Spice Route Kitchen,dinner,2,0,0,1,15.6,1.3,0,52,59.7,59.7,62,52,10
2025-01-08,R1,Spice Route Kitchen,lunch,2,0,0,1,15.6,1.3,0,35,39.6,39.6,39,32,7
2025-01-08,R2,Green Leaf Cafe,dinner,2,0,0,1,15.2,3.6,0,33,37.9,37.9,37,33,4
2025-01-08,R2,Green Leaf Cafe,lunch,2,0,0,1,15.2,3.6,0,20,25.4,25.4,26,22,4
2025-01-08,R3,Coastal Kitchen,dinner,2,0,0,1,15.0,0.0,0,65,67.9,67.9,76,56,20
2025-01-08,R3,Coastal Kitchen,lunch,2,0,0,1,15.0,0.0,0,42,48.0,48.0,48,36,12
2025-01-08,R4,Urban Tandoor,dinner,2,0,0,1,16.8,0.0,0,39,48.9,48.9,47,41,6
2025-01-08,R4,Urban Tandoor,lunch,2,0,0,1,16.8,0.0,0,27,34.0,34.0,34,30,4
2025-01-08,R5,Campus Canteen,dinner,2,0,0,1,15.8,0.7,0,69,87.9,87.9,92,82,10
2025-01-08,R5,Campus Canteen,lunch,2,0,0,1,15.8,0.7,0,51,59.7,59.7,55,50,5
2025-01-09,R1,Spice Route Kitchen,dinner,3,0,0,1,15.0,4.9,0,52,60.1,60.1,66,54,12
2025-01-09,R1,Spice Route Kitchen,lunch,3,0,0,1,15.0,4.9,0,32,38.9,38.9,45,39,6
2025-01-09,R2,Green Leaf Cafe,dinner,3,0,0,1,17.9,0.0,0,33,37.7,37.7,42,36,6
2025-01-09,R2,Green Leaf Cafe,lunch,3,0,0,1,17.9,0.0,0,22,25.0,25.0,27,24,3
2025-01-09,R3,Coastal Kitchen,dinner,3,0,0,1,15.6,0.0,0,56,67.0,67.0,81,60,21
2025-01-09,R3,Coastal Kitchen,lunch,3,0,0,1,15.6,0.0,0,36,46.9,46.9,56,44,12
2025-01-09,R4,Urban Tandoor,dinner,3,0,0,1,14.7,8.1,0,41,49.1,49.1,44,37,7
2025-01-09,R4,Urban Tandoor,lunch,3,0,0,1,14.7,8.1,0,30,34.3,34.3,28,24,4
2025-01-09,R5,Campus Canteen,dinner,3,0,0,1,18.8,0.0,0,82,88.6,88.6,92,78,14
2025-01-09,R5,Campus Canteen,lunch,3,0,0,1,18.8,0.0,0,50,59.4,59.4,61,53,8
2025-01-10,R1,Spice Route Kitchen,dinner,4,0,0,1,16.8,2.5,0,54,59.9,59.9,84,69,15
2025-01-10,R1,Spice Route Kitchen,lunch,4,0,0,1,16.8,2.5,0,39,38.9,38.9,51,43,8
2025-01-10,R2,Green Leaf Cafe,dinner,4,0,0,1,17.6,0.0,0,36,38.0,38.0,46,39,7
2025-01-10,R2,Green Leaf Cafe,lunch,4,0,0,1,17.6,0.0,0,24,25.3,25.3,32,27,5
2025-01-10,R3,Coastal Kitchen,dinner,4,0,0,1,16.3,0.0,0,60,67.4,67.4,100,72,28
2025-01-10,R3,Coastal Kitchen,lunch,4,0,0,1,16.3,0.0,0,44,47.3,47.3,67,51,16
2025-01-10,R4,Urban Tandoor,dinner,4,0,0,1,14.7,2.0,0,37,48.0,48.0,58,48,10
2025-01-10,R4,Urban Tandoor,lunch,4,0,0,1,14.7,2.0,0,24,33.9,33.9,39,33,6
2025-01-10,R5,Campus Canteen,dinner,4,0,0,1,12.2,5.5,0,78,87.9,87.9,111,102,9
2025-01-10,R5,Campus Canteen,lunch,4,0,0,1,12.2,5.5,0,53,59.1,59.1,78,67,11
2025-01-11,R1,Spice Route Kitchen,dinner,5,1,0,1,13.1,0.0,0,69,60.4,60.4,93,77,16
2025-01-11,R1,Spice Route Kitchen,lunch,5,1,0,1,13.1,0.0,0,43,39.1,39.1,62,51,11
2025-01-11,R2,Green Leaf Cafe,dinner,5,1,0,1,16.6,0.0,0,39,37.9,37.9,59,51,8
2025-01-11,R2,Green Leaf Cafe,lunch,5,1,0,1,16.6,0.0,0,27,25.0,25.0,42,35,7
2025-01-11,R3,Coastal Kitchen,dinner,5,1,0,1,14.5,5.1,0,72,67.0,67.0,116,92,24
2025-01-11,R3,Coastal Kitchen,lunch,5,1,0,1,14.5,5.1,0,51,46.7,46.7,80,60,20
2025-01-11,R4,Urban Tandoor,dinner,5,1,0,1,15.6,0.0,0,48,48.1,48.1,72,58,14
2025-01-11,R4,Urban Tandoor,lunch,5,1,0,1,15.6,0.0,0,33,33.6,33.6,42,35,7
2025-01-11,R5,Campus Canteen,dinner,5,1,0,1,16.8,6.0,0,102,87.9,87.9,116,106,10
2025-01-11,R5,Campus Canteen,lunch,5,1,0,1,16.8,6.0,0,67,59.7,59.7,93,82,11
2025-01-12,R1,Spice Route Kitchen,dinner,6,1,0,1,16.0,2.3,0,77,60.6,60.6,81,67,14
2025-01-12,R1,Spice Route Kitchen,lunch,6,1,0,1,16.0,2.3,0,51,39.6,39.6,56,47,9
2025-01-12,R2,Green Leaf Cafe,dinner,6,1,0,1,12.4,0.0,1,51,38.1,38.1,68,58,10
2025-01-12,R2,Green Leaf Cafe,lunch,6,1,0,1,12.4,0.0,1,35,25.9,25.9,42,37,5
2025-01-12,R3,Coastal Kitchen,dinner,6,1,0,1,17.9,5.9,1,92,69.0,69.0,143,105,38
2025-01-12,R3,Coastal Kitchen,lunch,6,1,0,1,17.9,5.9,1,60,47.3,47.3,91,71,20
2025-01-12,R4,Urban Tandoor,dinner,6,1,0,1,17.8,0.0,0,58,48.3,48.3,71,60,11
2025-01-12,R4,Urban Tandoor,lunch,6,1,0,1,17.8,0.0,0,35,32.9,32.9,39,34,5
2025-01-12,R5,Campus Canteen,dinner,6,1,0,1,15.3,0.0,0,106,88.0,88.0,117,105,12
2025-01-12,R5,Campus Canteen,lunch,6,1,0,1,15.3,0.0,0,82,60.7,60.7,72,66,6
2025-01-13,R1,Spice Route Kitchen,dinner,0,0,0,1,13.4,1.9,0,67,60.9,60.9,67,54,13
2025-01-13,R1,Spice Route Kitchen,lunch,0,0,0,1,13.4,1.9,0,47,40.0,40.0,43,35,8
2025-01-13,R2,Green Leaf Cafe,dinner,0,0,0,1,12.9,0.0,0,58,40.0,40.0,38,32,6
2025-01-13,R2,Green Leaf Cafe,lunch,0,0,0,1,12.9,0.0,0,37,26.9,26.9,24,21,3
2025-01-13,R3,Coastal Kitchen,dinner,0,0,0,1,13.8,0.0,0,105,72.7,72.7,77,59,18
2025-01-13,R3,Coastal Kitchen,lunch,0,0,0,1,13.8,0.0,0,71,49.1,49.1,58,42,16
2025-01-13,R4,Urban Tandoor,dinner,0,0,0,1,17.6,0.0,0,60,48.6,48.6,48,42,6
2025-01-13,R4,Urban Tandoor,lunch,0,0,0,1,17.6,0.0,0,34,32.0,32.0,34,28,6
2025-01-13,R5,Campus Canteen,dinner,0,0,0,1,14.5,0.0,0,105,89.6,89.6,87,78,9
2025-01-13,R5,Campus Canteen,lunch,0,0,0,1,14.5,0.0,0,66,60.0,60.0,57,52,5
2025-01-14,R1,Spice Route Kitchen,dinner,1,0,0,1,15.6,0.0,0,54,60.7,60.7,56,47,9
2025-01-14,R1,Spice Route Kitchen,lunch,1,0,0,1,15.6,0.0,0,35,40.3,40.3,36,31,5
2025-01-14,R2,Green Leaf Cafe,dinner,1,0,0,1,18.0,2.6,0,32,40.3,40.3,36,31,5
2025-01-14,R2,Green Leaf Cafe,lunch,1,0,0,1,18.0,2.6,0,21,26.6,26.6,24,20,4
2025-01-14,R3,Coastal Kitchen,dinner,1,0,0,1,14.5,0.8,0,59,72.7,72.7,76,59,17
2025-01-14,R3,Coastal Kitchen,lunch,1,0,0,1,14.5,0.8,0,42,49.4,49.4,54,41,13
2025-01-14,R4,Urban Tandoor,dinner,1,0,0,1,19.1,0.0,0,42,46.4,46.4,48,41,7
2025-01-14,R4,Urban Tandoor,lunch,1,0,0,1,19.1,0.0,0,28,30.1,30.1,27,22,5
2025-01-14,R5,Campus Canteen,dinner,1,0,0,1,13.6,0.0,0,78,88.6,88.6,86,79,7
2025-01-14,R5,Campus Canteen,lunch,1,0,0,1,13.6,0.0,0,52,60.1,60.1,58,52,6
2025-01-15,R1,Spice Route Kitchen,dinner,2,0,0,1,16.7,0.0,0,47,60.0,60.0,66,55,11
2025-01-15,R1,Spice Route Kitchen,lunch,2,0,0,1,16.7,0.0,0,31,39.7,39.7,46,38,8
2025-01-15,R2,Green Leaf Cafe,dinner,2,0,0,1,16.4,1.9,0,31,40.0,40.0,41,35,6
2025-01-15,R2,Green Leaf Cafe,lunch,2,0,0,1,16.4,1.9,0,20,26.6,26.6,23,21,2
2025-01-15,R3,Coastal Kitchen,dinner,2,0,0,1,14.1,2.6,0,59,71.9,71.9,83,67,16
2025-01-15,R3,Coastal Kitchen,lunch,2,0,0,1,14.1,2.6,0,41,49.3,49.3,58,42,16
2025-01-15,R4,Urban Tandoor,dinner,2,0,0,1,15.1,0.0,0,41,46.7,46.7,50,41,9
2025-01-15,R4,Urban Tandoor,lunch,2,0,0,1,15.1,0.0,0,22,29.4,29.4,34,29,5
2025-01-15,R5,Campus Canteen,dinner,2,0,0,1,14.0,0.0,0,79,90.0,90.0,95,85,10
2025-01-15,R5,Campus Canteen,lunch,2,0,0,1,14.0,0.0,0,52,60.3,60.3,58,53,5
2025-01-16,R1,Spice Route Kitchen,dinner,3,0,0,1,15.6,0.0,0,55,60.4,60.4,70,57,13
2025-01-16,R1,Spice Route Kitchen,lunch,3,0,0,1,15.6,0.0,0,38,40.6,40.6,45,39,6
2025-01-16,R2,Green Leaf Cafe,dinner,3,0,0,1,18.3,0.3,0,35,40.3,40.3,40,36,4
2025-01-16,R2,Green Leaf Cafe,lunch,3,0,0,1,18.3,0.3,0,21,26.4,26.4,28,25,3
2025-01-16,R3,Coastal Kitchen,dinner,3,0,0,1,14.9,1.7,0,67,73.4,73.4,88,64,24
2025-01-16,R3,Coastal Kitchen,lunch,3,0,0,1,14.9,1.7,0,42,50.1,50.1,51,39,12
2025-01-16,R4,Urban Tandoor,dinner,3,0,0,1,15.8,0.0,0,41,46.7,46.7,45,40,5
2025-01-16,R4,Urban Tandoor,lunch,3,0,0,1,15.8,0.0,0,29,29.3,29.3,32,27,5
2025-01-16,R5,Campus Canteen,dinner,3,0,0,1,20.4,0.0,0,85,90.4,90.4,94,78,16
2025-01-16,R5,Campus Canteen,lunch,3,0,0,1,20.4,0.0,0,53,60.7,60.7,60,54,6
2025-01-17,R1,Spice Route Kitchen,dinner,4,0,0,1,14.9,0.0,0,57,60.9,60.9,84,66,18
2025-01-17,R1,Spice Route Kitchen,lunch,4,0,0,1,14.9,0.0,0,39,40.6,40.6,52,42,10
2025-01-17,R2,Green Leaf Cafe,dinner,4,0,0,1,19.3,0.0,0,36,40.3,40.3,51,42,9
2025-01-17,R2,Green Leaf Cafe,lunch,4,0,0,1,19.3,0.0,0,25,26.6,26.6,31,28,3
2025-01-17,R3,Coastal Kitchen,dinner,4,0,0,1,15.5,3.9,0,64,74.0,74.0,102,81,21
2025-01-17,R3,Coastal Kitchen,lunch,4,0,0,1,15.5,3.9,0,39,49.4,49.4,63,47,16
2025-01-17,R4,Urban Tandoor,dinner,4,0,0,1,12.0,0.0,0,40,47.1,47.1,71,59,12
2025-01-17,R4,Urban Tandoor,lunch,4,0,0,1,12.0,0.0,0,27,29.7,29.7,41,34,7
2025-01-17,R5,Campus Canteen,dinner,4,0,0,1,16.7,1.8,0,78,90.4,90.4,94,87,7
2025-01-17,R5,Campus Canteen,lunch,4,0,0,1,16.7,1.8,0,54,60.9,60.9,72,62,10
2025-01-18,R1,Spice Route Kitchen,dinner,5,1,0,1,15.7,0.0,0,66,60.4,60.4,96,78,18
2025-01-18,R1,Spice Route Kitchen,lunch,5,1,0,1,15.7,0.0,0,42,40.4,40.4,64,50,14
2025-01-18,R2,Green Leaf Cafe,dinner,5,1,0,1,15.2,1.6,0,42,40.7,40.7,53,45,8
2025-01-18,R2,Green Leaf Cafe,lunch,5,1,0,1,15.2,1.6,0,28,26.7,26.7,35,31,4
2025-01-18,R3,Coastal Kitchen,dinner,5,1,0,1,16.2,0.0,0,81,75.3,75.3,106,85,21
2025-01-18,R3,Coastal Kitchen,lunch,5,1,0,1,16.2,0.0,0,47,48.9,48.9,77,60,17
2025-01-18,R4,Urban Tandoor,dinner,5,1,0,1,14.6,0.0,0,59,48.7,48.7,75,62,13
2025-01-18,R4,Urban Tandoor,lunch,5,1,0,1,14.6,0.0,0,34,29.9,29.9,44,38,6
2025-01-18,R5,Campus Canteen,dinner,5,1,0,1,15.6,4.5,0,87,88.3,88.3,126,118,8
2025-01-18,R5,Campus Canteen,lunch,5,1,0,1,15.6,4.5,0,62,60.1,60.1,84,75,9
2025-01-19,R1,Spice Route Kitchen,dinner,6,1,0,1,19.1,0.0,0,78,60.6,60.6,78,63,15
2025-01-19,R1,Spice Route Kitchen,lunch,6,1,0,1,19.1,0.0,0,50,40.3,40.3,52,43,9
2025-01-19,R2,Green Leaf Cafe,dinner,6,1,0,1,15.6,0.0,0,45,39.9,39.9,49,46,3
2025-01-19,R2,Green Leaf Cafe,lunch,6,1,0,1,15.6,0.0,0,31,26.1,26.1,28,25,3
2025-01-19,R3,Coastal Kitchen,dinner,6,1,0,1,14.9,5.7,0,85,74.3,74.3,90,72,18
2025-01-19,R3,Coastal Kitchen,lunch,6,1,0,1,14.9,5.7,0,60,48.9,48.9,64,50,14
2025-01-19,R4,Urban Tandoor,dinner,6,1,0,1,12.9,0.0,0,62,49.3,49.3,73,63,10
2025-01-19,R4,Urban Tandoor,lunch,6,1,0,1,12.9,0.0,0,38,30.3,30.3,46,37,9
2025-01-19,R5,Campus Canteen,dinner,6,1,0,1,17.7,0.0,0,118,90.0,90.0,109,100,9
2025-01-19,R5,Campus Canteen,lunch,6,1,0,1,17.7,0.0,0,75,59.1,59.1,72,64,8
2025-01-20,R1,Spice Route Kitchen,dinner,0,0,0,1,15.9,0.0,0,63,60.0,60.0,78,59,19
2025-01-20,R1,Spice Route Kitchen,lunch,0,0,0,1,15.9,0.0,0,43,39.7,39.7,45,36,9
2025-01-20,R2,Green Leaf Cafe,dinner,0,0,0,1,14.8,0.0,0,46,38.1,38.1,40,36,4
2025-01-20,R2,Green Leaf Cafe,lunch,0,0,0,1,14.8,0.0,0,25,24.4,24.4,26,23,3
2025-01-20,R3,Coastal Kitchen,dinner,0,0,0,1,19.0,0.0,0,72,69.6,69.6,75,63,12
2025-01-20,R3,Coastal Kitchen,lunch,0,0,0,1,19.0,0.0,0,50,45.9,45.9,52,40,12
2025-01-20,R4,Urban Tandoor,dinner,0,0,0,1,15.5,2.2,0,63,49.7,49.7,41,35,6
2025-01-20,R4,Urban Tandoor,lunch,0,0,0,1,15.5,2.2,0,37,30.7,30.7,32,27,5
2025-01-20,R5,Campus Canteen,dinner,0,0,0,1,13.7,0.0,0,100,89.3,89.3,76,69,7
2025-01-20,R5,Campus Canteen,lunch,0,0,0,1,13.7,0.0,0,64,58.9,58.9,55,49,6
2025-01-21,R1,Spice Route Kitchen,dinner,1,0,0,1,17.2,0.0,0,59,60.7,60.7,60,50,10
2025-01-21,R1,Spice Route Kitchen,lunch,1,0,0,1,17.2,0.0,0,36,39.9,39.9,41,35,6
2025-01-21,R2,Green Leaf Cafe,dinner,1,0,0,1,18.4,0.0,0,36,38.7,38.7,37,32,5
2025-01-21,R2,Green Leaf Cafe,lunch,1,0,0,1,18.4,0.0,0,23,24.7,24.7,23,21,2
2025-01-21,R3,Coastal Kitchen,dinner,1,0,0,1,16.8,0.3,0,63,70.1,70.1,82,64,18
2025-01-21,R3,Coastal Kitchen,lunch,1,0,0,1,16.8,0.3,0,40,45.6,45.6,53,42,11
2025-01-21,R4,Urban Tandoor,dinner,1,0,0,1,16.0,4.2,0,35,48.7,48.7,40,35,5
2025-01-21,R4,Urban Tandoor,lunch,1,0,0,1,16.0,4.2,0,27,30.6,30.6,29,25,4
2025-01-21,R5,Campus Canteen,dinner,1,0,0,1,18.4,2.5,0,69,88.0,88.0,84,72,12
2025-01-21,R5,Campus Canteen,lunch,1,0,0,1,18.4,2.5,0,49,58.4,58.4,57,51,6
2025-01-22,R1,Spice Route Kitchen,dinner,2,0,0,1,16.2,3.6,0,50,61.1,61.1,57,48,9
2025-01-22,R1,Spice Route Kitchen,lunch,2,0,0,1,16.2,3.6,0,35,40.4,40.4,41,35,6
2025-01-22,R2,Green Leaf Cafe,dinner,2,0,0,1,15.5,2.1,0,32,38.9,38.9,38,33,5
2025-01-22,R2,Green Leaf Cafe,lunch,2,0,0,1,15.5,2.1,0,21,24.9,24.9,27,23,4
2025-01-22,R3,Coastal Kitchen,dinner,2,0,0,1,14.7,1.0,1,64,70.9,70.9,112,84,28
2025-01-22,R3,Coastal Kitchen,lunch,2,0,0,1,14.7,1.0,1,42,45.7,45.7,79,60,19
2025-01-22,R4,Urban Tandoor,dinner,2,0,0,1,17.7,0.0,0,35,47.9,47.9,49,41,8
2025-01-22,R4,Urban Tandoor,lunch,2,0,0,1,17.7,0.0,0,25,31.0,31.0,29,25,4
2025-01-22,R5,Campus Canteen,dinner,2,0,0,1,20.6,0.9,0,72,87.0,87.0,83,75,8
2025-01-22,R5,Campus Canteen,lunch,2,0,0,1,20.6,0.9,0,51,58.3,58.3,54,50,4
2025-01-23,R1,Spice Route Kitchen,dinner,3,0,0,1,16.5,5.7,0,48,60.1,60.1,61,51,10
2025-01-23,R1,Spice Route Kitchen,lunch,3,0,0,1,16.5,5.7,0,35,40.0,40.0,47,39,8
2025-01-23,R2,Green Leaf Cafe,dinner,3,0,0,1,16.9,2.1,0,33,38.6,38.6,48,41,7
2025-01-23,R2,Green Leaf Cafe,lunch,3,0,0,1,16.9,2.1,0,23,25.1,25.1,29,25,4
2025-01-23,R3,Coastal Kitchen,dinner,3,0,0,1,18.7,2.8,0,84,73.3,73.3,89,69,20
2025-01-23,R3,Coastal Kitchen,lunch,3,0,0,1,18.7,2.8,0,60,48.3,48.3,58,44,14
2025-01-23,R4,Urban Tandoor,dinner,3,0,0,1,17.9,2.3,0,41,47.9,47.9,47,41,6
2025-01-23,R4,Urban Tandoor,lunch,3,0,0,1,17.9,2.3,0,25,30.4,30.4,35,28,7
2025-01-23,R5,Campus Canteen,dinner,3,0,0,1,21.2,0.0,0,75,85.6,85.6,95,86,9
2025-01-23,R5,Campus Canteen,lunch,3,0,0,1,21.2,0.0,0,50,57.9,57.9,60,51,9
2025-01-24,R1,Spice Route Kitchen,dinner,4,0,0,1,15.2,6.8,0,51,59.3,59.3,85,69,16
2025-01-24,R1,Spice Route Kitchen,lunch,4,0,0,1,15.2,6.8,0,39,40.0,40.0,54,46,8
2025-01-24,R2,Green Leaf Cafe,dinner,4,0,0,1,17.6,2.5,0,41,39.3,39.3,49,43,6
2025-01-24,R2,Green Leaf Cafe,lunch,4,0,0,1,17.6,2.5,0,25,25.1,25.1,30,27,3
2025-01-24,R3,Coastal Kitchen,dinner,4,0,0,1,16.7,5.6,0,69,74.0,74.0,110,83,27
2025-01-24,R3,Coastal Kitchen,lunch,4,0,0,1,16.7,5.6,0,44,49.0,49.0,65,51,14
2025-01-24,R4,Urban Tandoor,dinner,4,0,0,1,18.2,0.0,0,41,48.0,48.0,61,52,9
2025-01-24,R4,Urban Tandoor,lunch,4,0,0,1,18.2,0.0,0,28,30.6,30.6,42,35,7
2025-01-24,R5,Campus Canteen,dinner,4,0,0,1,12.9,0.0,0,86,86.7,86.7,127,107,20
2025-01-24,R5,Campus Canteen,lunch,4,0,0,1,12.9,0.0,0,51,57.4,57.4,75,67,8
2025-01-25,R1,Spice Route Kitchen,dinner,5,1,0,1,16.4,0.3,0,69,59.7,59.7,81,69,12
2025-01-25,R1,Spice Route Kitchen,lunch,5,1,0,1,16.4,0.3,0,46,40.6,40.6,61,51,10
2025-01-25,R2,Green Leaf Cafe,dinner,5,1,0,1,17.0,3.7,0,43,39.4,39.4,59,50,9
2025-01-25,R2,Green Leaf Cafe,lunch,5,1,0,1,17.0,3.7,0,27,25.0,25.0,35,31,4
2025-01-25,R3,Coastal Kitchen,dinner,5,1,0,1,17.4,0.0,0,83,74.3,74.3,113,86,27
2025-01-25,R3,Coastal Kitchen,lunch,5,1,0,1,17.4,0.0,0,51,49.6,49.6,73,57,16
2025-01-25,R4,Urban Tandoor,dinner,5,1,0,1,17.8,0.0,0,52,47.0,47.0,67,57,10
2025-01-25,R4,Urban Tandoor,lunch,5,1,0,1,17.8,0.0,0,35,30.7,30.7,47,40,7
2025-01-25,R5,Campus Canteen,dinner,5,1,0,1,16.7,0.3,0,107,89.6,89.6,106,99,7
2025-01-25,R5,Campus Canteen,lunch,5,1,0,1,16.7,0.3,0,67,58.1,58.1,77,72,5
2025-01-26,R1,Spice Route Kitchen,dinner,6,1,1,1,17.2,5.1,0,69,58.4,58.4,116,94,22
2025-01-26,R1,Spice Route Kitchen,lunch,6,1,1,1,17.2,5.1,0,51,40.7,40.7,71,58,13
2025-01-26,R2,Green Leaf Cafe,dinner,6,1,1,1,13.6,0.0,0,50,40.1,40.1,66,56,10
2025-01-26,R2,Green Leaf Cafe,lunch,6,1,1,1,13.6,0.0,0,31,25.0,25.0,46,39,7
2025-01-26,R3,Coastal Kitchen,dinner,6,1,1,1,16.1,3.1,0,86,74.4,74.4,138,106,32
2025-01-26,R3,Coastal Kitchen,lunch,6,1,1,1,16.1,3.1,0,57,49.1,49.1,92,72,20
2025-01-26,R4,Urban Tandoor,dinner,6,1,1,1,20.0,0.0,0,57,46.3,46.3,87,72,15
2025-01-26,R4,Urban Tandoor,lunch,6,1,1,1,20.0,0.0,0,40,31.0,31.0,49,41,8
2025-01-26,R5,Campus Canteen,dinner,6,1,1,1,19.0,0.0,0,99,86.9,86.9,135,126,9
2025-01-26,R5,Campus Canteen,lunch,6,1,1,1,19.0,0.0,0,72,57.7,57.7,97,82,15
2025-01-27,R1,Spice Route Kitchen,dinner,0,0,0,1,16.1,3.7,0,94,62.9,62.9,57,49,8
2025-01-27,R1,Spice Route Kitchen,lunch,0,0,0,1,16.1,3.7,0,58,42.9,42.9,47,38,9
2025-01-27,R2,Green Leaf Cafe,dinner,0,0,0,1,17.1,0.0,0,56,41.6,41.6,33,29,4
2025-01-27,R2,Green Leaf Cafe,lunch,0,0,0,1,17.1,0.0,0,39,27.0,27.0,25,22,3
2025-01-27,R3,Coastal Kitchen,dinner,0,0,0,1,14.5,2.4,0,106,79.3,79.3,83,63,20
2025-01-27,R3,Coastal Kitchen,lunch,0,0,0,1,14.5,2.4,0,72,52.3,52.3,63,47,16
2025-01-27,R4,Urban Tandoor,dinner,0,0,0,1,17.2,3.3,0,72,47.6,47.6,53,45,8
2025-01-27,R4,Urban Tandoor,lunch,0,0,0,1,17.2,3.3,0,41,31.6,31.6,36,29,7
2025-01-27,R5,Campus Canteen,dinner,0,0,0,1,19.5,4.6,0,126,90.6,90.6,86,77,9
2025-01-27,R5,Campus Canteen,lunch,0,0,0,1,19.5,4.6,0,82,60.3,60.3,55,50,5
2025-01-28,R1,Spice Route Kitchen,dinner,1,0,0,1,20.4,5.6,0,49,61.4,61.4,57,48,9
2025-01-28,R1,Spice Route Kitchen,lunch,1,0,0,1,20.4,5.6,0,38,43.1,43.1,43,33,10
2025-01-28,R2,Green Leaf Cafe,dinner,1,0,0,1,17.2,0.0,0,29,40.6,40.6,33,29,4
2025-01-28,R2,Green Leaf Cafe,lunch,1,0,0,1,17.2,0.0,0,22,26.9,26.9,25,22,3
2025-01-28,R3,Coastal Kitchen,dinner,1,0,0,1,17.4,0.0,0,63,79.3,79.3,66,52,14
2025-01-28,R3,Coastal Kitchen,lunch,1,0,0,1,17.4,0.0,0,47,53.3,53.3,49,38,11
2025-01-28,R4,Urban Tandoor,dinner,1,0,0,1,14.4,2.4,0,45,49.0,49.0,54,45,9
2025-01-28,R4,Urban Tandoor,lunch,1,0,0,1,14.4,2.4,0,29,31.9,31.9,36,30,6
2025-01-28,R5,Campus Canteen,dinner,1,0,0,1,16.4,0.0,1,77,91.7,91.7,109,100,9
2025-01-28,R5,Campus Canteen,lunch,1,0,0,1,16.4,0.0,1,50,60.4,60.4,79,71,8
2025-01-29,R1,Spice Route Kitchen,dinner,2,0,0,1,18.4,0.0,0,48,61.1,61.1,70,57,13
2025-01-29,R1,Spice Route Kitchen,lunch,2,0,0,1,18.4,0.0,0,33,42.9,42.9,43,35,8
2025-01-29,R2,Green Leaf Cafe,dinner,2,0,0,1,18.7,5.5,0,29,40.1,40.1,39,34,5
2025-01-29,R2,Green Leaf Cafe,lunch,2,0,0,1,18.7,5.5,0,22,27.0,27.0,23,20,3
2025-01-29,R3,Coastal Kitchen,dinner,2,0,0,1,16.7,0.0,0,52,77.6,77.6,82,64,18
2025-01-29,R3,Coastal Kitchen,lunch,2,0,0,1,16.7,0.0,0,38,52.7,52.7,55,40,15
2025-01-29,R4,Urban Tandoor,dinner,2,0,0,1,17.6,0.0,0,45,50.4,50.4,50,42,8
2025-01-29,R4,Urban Tandoor,lunch,2,0,0,1,17.6,0.0,0,30,32.6,32.6,32,27,5
2025-01-29,R5,Campus Canteen,dinner,2,0,0,1,15.9,4.6,0,100,95.7,95.7,87,79,8
2025-01-29,R5,Campus Canteen,lunch,2,0,0,1,15.9,4.6,0,71,63.3,63.3,61,54,7
2025-01-30,R1,Spice Route Kitchen,dinner,3,0,0,1,18.6,0.0,0,57,62.4,62.4,63,52,11
2025-01-30,R1,Spice Route Kitchen,lunch,3,0,0,1,18.6,0.0,0,35,42.9,42.9,41,35,6
2025-01-30,R2,Green Leaf Cafe,dinner,3,0,0,1,18.3,0.0,0,34,40.3,40.3,38,33,5
2025-01-30,R2,Green Leaf Cafe,lunch,3,0,0,1,18.3,0.0,0,20,26.6,26.6,28,24,4
2025-01-30,R3,Coastal Kitchen,dinner,3,0,0,1,17.1,0.3,0,64,74.7,74.7,78,62,16
2025-01-30,R3,Coastal Kitchen,lunch,3,0,0,1,17.1,0.3,0,40,49.9,49.9,55,41,14
2025-01-30,R4,Urban Tandoor,dinner,3,0,0,1,17.1,3.2,0,42,50.6,50.6,59,49,10
2025-01-30,R4,Urban Tandoor,lunch,3,0,0,1,17.1,3.2,0,27,32.9,32.9,36,29,7
2025-01-30,R5,Campus Canteen,dinner,3,0,0,1,16.6,0.4,0,79,96.3,96.3,104,92,12
2025-01-30,R5,Campus Canteen,lunch,3,0,0,1,16.6,0.4,0,54,63.9,63.9,63,55,8
2025-01-31,R1,Spice Route Kitchen,dinner,4,0,0,1,19.2,0.0,0,52,62.6,62.6,86,69,17
2025-01-31,R1,Spice Route Kitchen,lunch,4,0,0,1,19.2,0.0,0,35,42.3,42.3,51,42,9
2025-01-31,R2,Green Leaf Cafe,dinner,4,0,0,1,12.0,0.0,0,33,39.1,39.1,44,41,3
2025-01-31,R2,Green Leaf Cafe,lunch,4,0,0,1,12.0,0.0,0,24,26.4,26.4,30,26,4
2025-01-31,R3,Coastal Kitchen,dinner,4,0,0,1,17.3,0.8,0,62,73.7,73.7,108,78,30
2025-01-31,R3,Coastal Kitchen,lunch,4,0,0,1,17.3,0.8,0,41,49.4,49.4,67,50,17
2025-01-31,R4,Urban Tandoor,dinner,4,0,0,1,20.8,0.9,0,49,51.7,51.7,57,49,8
2025-01-31,R4,Urban Tandoor,lunch,4,0,0,1,20.8,0.9,0,29,33.0,33.0,42,36,6
2025-01-31,R5,Campus Canteen,dinner,4,0,0,1,13.6,3.9,0,92,97.1,97.1,107,94,13
2025-01-31,R5,Campus Canteen,lunch,4,0,0,1,13.6,3.9,0,55,64.4,64.4,84,72,12
2025-02-01,R1,Spice Route Kitchen,dinner,5,1,0,2,20.2,0.0,0,69,62.6,62.6,88,75,13
2025-02-01,R1,Spice Route Kitchen,lunch,5,1,0,2,20.2,0.0,0,42,41.7,41.7,60,49,11
2025-02-01,R2,Green Leaf Cafe,dinner,5,1,0,2,17.9,0.0,0,41,38.9,38.9,53,46,7
2025-02-01,R2,Green Leaf Cafe,lunch,5,1,0,2,17.9,0.0,0,26,26.3,26.3,33,29,4
2025-02-01,R3,Coastal Kitchen,dinner,5,1,0,2,20.0,4.7,0,78,73.0,73.0,116,91,25
2025-02-01,R3,Coastal Kitchen,lunch,5,1,0,2,20.0,4.7,0,50,49.3,49.3,78,60,18
2025-02-01,R4,Urban Tandoor,dinner,5,1,0,2,15.3,2.0,1,49,51.3,51.3,98,81,17
2025-02-01,R4,Urban Tandoor,lunch,5,1,0,2,15.3,2.0,1,36,33.1,33.1,60,52,8
2025-02-01,R5,Campus Canteen,dinner,5,1,0,2,16.3,0.4,0,94,95.3,95.3,132,110,22
2025-02-01,R5,Campus Canteen,lunch,5,1,0,2,16.3,0.4,0,72,65.1,65.1,89,78,11
2025-02-02,R1,Spice Route Kitchen,dinner,6,1,0,2,17.8,1.1,0,75,63.4,63.4,78,67,11
2025-02-02,R1,Spice Route Kitchen,lunch,6,1,0,2,17.8,1.1,0,49,41.4,41.4,60,51,9
2025-02-02,R2,Green Leaf Cafe,dinner,6,1,0,2,17.9,0.0,0,46,38.3,38.3,49,43,6
2025-02-02,R2,Green Leaf Cafe,lunch,6,1,0,2,17.9,0.0,0,29,26.0,26.0,30,26,4
2025-02-02,R3,Coastal Kitchen,dinner,6,1,0,2,17.8,0.0,0,91,73.7,73.7,105,81,24
2025-02-02,R3,Coastal Kitchen,lunch,6,1,0,2,17.8,0.0,0,60,49.7,49.7,65,51,14
2025-02-02,R4,Urban Tandoor,dinner,6,1,0,2,15.3,0.0,0,81,54.7,54.7,73,59,14
2025-02-02,R4,Urban Tandoor,lunch,6,1,0,2,15.3,0.0,0,52,34.9,34.9,40,33,7
2025-02-02,R5,Campus Canteen,dinner,6,1,0,2,16.9,0.0,0,110,96.9,96.9,112,102,10
2025-02-02,R5,Campus Canteen,lunch,6,1,0,2,16.9,0.0,0,78,66.0,66.0,82,73,9
2025-02-03,R1,Spice Route Kitchen,dinner,0,0,0,2,16.5,1.3,0,67,59.6,59.6,55,46,9
2025-02-03,R1,Spice Route Kitchen,lunch,0,0,0,2,16.5,1.3,0,51,40.4,40.4,40,33,7
2025-02-03,R2,Green Leaf Cafe,dinner,0,0,0,2,19.0,0.0,0,43,36.4,36.4,41,34,7
2025-02-03,R2,Green Leaf Cafe,lunch,0,0,0,2,19.0,0.0,0,26,24.1,24.1,25,22,3
2025-02-03,R3,Coastal Kitchen,dinner,0,0,0,2,13.9,0.0,0,81,70.1,70.1,83,62,21
2025-02-03,R3,Coastal Kitchen,lunch,0,0,0,2,13.9,0.0,0,51,46.7,46.7,50,38,12
2025-02-03,R4,Urban Tandoor,dinner,0,0,0,2,19.2,2.5,0,59,52.9,52.9,51,44,7
2025-02-03,R4,Urban Tandoor,lunch,0,0,0,2,19.2,2.5,0,33,33.7,33.7,28,24,4
2025-02-03,R5,Campus Canteen,dinner,0,0,0,2,16.8,0.0,0,102,93.4,93.4,87,79,8
2025-02-03,R5,Campus Canteen,lunch,0,0,0,2,16.8,0.0,0,73,64.7,64.7,58,51,7
2025-02-04,R1,Spice Route Kitchen,dinner,1,0,0,2,15.7,0.0,0,46,59.1,59.1,54,46,8
2025-02-04,R1,Spice Route Kitchen,lunch,1,0,0,2,15.7,0.0,0,33,39.7,39.7,44,37,7
2025-02-04,R2,Green Leaf Cafe,dinner,1,0,0,2,16.5,0.2,0,34,37.1,37.1,33,29,4
2025-02-04,R2,Green Leaf Cafe,lunch,1,0,0,2,16.5,0.2,0,22,24.1,24.1,24,22,2
2025-02-04,R3,Coastal Kitchen,dinner,1,0,0,2,19.3,3.6,0,62,70.0,70.0,82,63,19
2025-02-04,R3,Coastal Kitchen,lunch,1,0,0,2,19.3,3.6,0,38,45.4,45.4,54,40,14
2025-02-04,R4,Urban Tandoor,dinner,1,0,0,2,20.3,0.3,1,44,52.7,52.7,63,53,10
2025-02-04,R4,Urban Tandoor,lunch,1,0,0,2,20.3,0.3,1,24,33.0,33.0,42,36,6
2025-02-04,R5,Campus Canteen,dinner,1,0,0,2,14.9,0.0,0,79,93.7,93.7,81,73,8
2025-02-04,R5,Campus Canteen,lunch,1,0,0,2,14.9,0.0,0,51,64.9,64.9,64,55,9
2025-02-05,R1,Spice Route Kitchen,dinner,2,0,0,2,22.2,0.0,0,46,58.9,58.9,59,49,10
2025-02-05,R1,Spice Route Kitchen,lunch,2,0,0,2,22.2,0.0,0,37,40.3,40.3,52,39,13
2025-02-05,R2,Green Leaf Cafe,dinner,2,0,0,2,15.8,0.0,0,29,37.1,37.1,39,35,4
2025-02-05,R2,Green Leaf Cafe,lunch,2,0,0,2,15.8,0.0,0,22,24.1,24.1,24,21,3
2025-02-05,R3,Coastal Kitchen,dinner,2,0,0,2,20.5,0.0,0,63,71.6,71.6,84,67,17
2025-02-05,R3,Coastal Kitchen,lunch,2,0,0,2,20.5,0.0,0,40,45.7,45.7,54,40,14
2025-02-05,R4,Urban Tandoor,dinner,2,0,0,2,16.4,3.3,0,53,53.9,53.9,44,38,6
2025-02-05,R4,Urban Tandoor,lunch,2,0,0,2,16.4,3.3,0,36,33.9,33.9,34,30,4
2025-02-05,R5,Campus Canteen,dinner,2,0,0,2,16.3,0.0,0,73,89.9,89.9,82,74,8
2025-02-05,R5,Campus Canteen,lunch,2,0,0,2,16.3,0.0,0,55,62.6,62.6,65,56,9
2025-02-06,R1,Spice Route Kitchen,dinner,3,0,0,2,18.8,5.6,0,49,57.7,57.7,68,57,11
2025-02-06,R1,Spice Route Kitchen,lunch,3,0,0,2,18.8,5.6,0,39,40.9,40.9,45,36,9
2025-02-06,R2,Green Leaf Cafe,dinner,3,0,0,2,17.6,0.0,0,35,37.3,37.3,40,33,7
2025-02-06,R2,Green Leaf Cafe,lunch,3,0,0,2,17.6,0.0,0,21,24.3,24.3,28,24,4
2025-02-06,R3,Coastal Kitchen,dinner,3,0,0,2,20.9,0.0,0,67,72.0,72.0,77,58,19
2025-02-06,R3,Coastal Kitchen,lunch,3,0,0,2,20.9,0.0,0,40,45.7,45.7,54,42,12
2025-02-06,R4,Urban Tandoor,dinner,3,0,0,2,23.9,4.2,0,38,53.3,53.3,49,40,9
2025-02-06,R4,Urban Tandoor,lunch,3,0,0,2,23.9,4.2,0,30,34.3,34.3,36,30,6
2025-02-06,R5,Campus Canteen,dinner,3,0,0,2,19.6,0.0,0,74,89.1,89.1,91,83,8
2025-02-06,R5,Campus Canteen,lunch,3,0,0,2,19.6,0.0,0,56,62.9,62.9,63,56,7
2025-02-07,R1,Spice Route Kitchen,dinner,4,0,0,2,17.9,0.0,1,57,58.4,58.4,106,86,20
2025-02-07,R1,Spice Route Kitchen,lunch,4,0,0,2,17.9,0.0,1,36,41.0,41.0,71,58,13
2025-02-07,R2,Green Leaf Cafe,dinner,4,0,0,2,15.2,0.0,0,33,37.3,37.3,44,41,3
2025-02-07,R2,Green Leaf Cafe,lunch,4,0,0,2,15.2,0.0,0,24,24.3,24.3,35,30,5
2025-02-07,R3,Coastal Kitchen,dinner,4,0,0,2,19.6,3.6,0,58,71.4,71.4,99,84,15
2025-02-07,R3,Coastal Kitchen,lunch,4,0,0,2,19.6,3.6,0,42,45.9,45.9,66,50,16
2025-02-07,R4,Urban Tandoor,dinner,4,0,0,2,17.9,0.1,0,40,52.0,52.0,55,46,9
2025-02-07,R4,Urban Tandoor,lunch,4,0,0,2,17.9,0.1,0,30,34.4,34.4,43,37,6
2025-02-07,R5,Campus Canteen,dinner,4,0,0,2,17.1,0.0,0,83,87.9,87.9,100,89,11
2025-02-07,R5,Campus Canteen,lunch,4,0,0,2,17.1,0.0,0,56,63.0,63.0,73,64,9
2025-02-08,R1,Spice Route Kitchen,dinner,5,1,0,2,20.4,0.9,0,86,60.9,60.9,87,71,16
2025-02-08,R1,Spice Route Kitchen,lunch,5,1,0,2,20.4,0.9,0,58,43.3,43.3,60,50,10
2025-02-08,R2,Green Leaf Cafe,dinner,5,1,0,2,14.3,0.8,0,41,37.3,37.3,56,47,9
2025-02-08,R2,Green Leaf Cafe,lunch,5,1,0,2,14.3,0.8,0,30,24.9,24.9,34,29,5
2025-02-08,R3,Coastal Kitchen,dinner,5,1,0,2,16.4,0.4,0,84,72.3,72.3,107,82,25
2025-02-08,R3,Coastal Kitchen,lunch,5,1,0,2,16.4,0.4,0,50,45.9,45.9,73,56,17
2025-02-08,R4,Urban Tandoor,dinner,5,1,0,2,14.3,0.0,0,46,51.6,51.6,77,61,16
2025-02-08,R4,Urban Tandoor,lunch,5,1,0,2,14.3,0.0,0,37,34.6,34.6,49,40,9
2025-02-08,R5,Campus Canteen,dinner,5,1,0,2,19.9,0.0,0,89,87.1,87.1,111,97,14
2025-02-08,R5,Campus Canteen,lunch,5,1,0,2,19.9,0.0,0,64,61.9,61.9,91,80,11
2025-02-09,R1,Spice Route Kitchen,dinner,6,1,0,2,18.3,6.7,0,71,60.3,60.3,81,64,17
2025-02-09,R1,Spice Route Kitchen,lunch,6,1,0,2,18.3,6.7,0,50,43.4,43.4,56,47,9
2025-02-09,R2,Green Leaf Cafe,dinner,6,1,0,2,18.7,4.1,1,47,37.4,37.4,68,55,13
2025-02-09,R2,Green Leaf Cafe,lunch,6,1,0,2,18.7,4.1,1,29,24.9,24.9,46,39,7
2025-02-09,R3,Coastal Kitchen,dinner,6,1,0,2,19.7,0.0,0,82,71.0,71.0,93,71,22
2025-02-09,R3,Coastal Kitchen,lunch,6,1,0,2,19.7,0.0,0,56,45.3,45.3,68,52,16
2025-02-09,R4,Urban Tandoor,dinner,6,1,0,2,17.3,1.6,0,61,48.7,48.7,69,60,9
2025-02-09,R4,Urban Tandoor,lunch,6,1,0,2,17.3,1.6,0,40,32.9,32.9,45,38,7
2025-02-09,R5,Campus Canteen,dinner,6,1,0,2,17.0,2.5,0,97,85.3,85.3,111,101,10
2025-02-09,R5,Campus Canteen,lunch,6,1,0,2,17.0,2.5,0,80,62.1,62.1,74,67,7
2025-02-10,R1,Spice Route Kitchen,dinner,0,0,0,2,19.1,1.8,0,64,59.9,59.9,59,49,10
2025-02-10,R1,Spice Route Kitchen,lunch,0,0,0,2,19.1,1.8,0,47,42.9,42.9,46,37,9
2025-02-10,R2,Green Leaf Cafe,dinner,0,0,0,2,19.4,1.5,0,55,39.1,39.1,36,30,6
2025-02-10,R2,Green Leaf Cafe,lunch,0,0,0,2,19.4,1.5,0,39,26.7,26.7,29,25,4
2025-02-10,R3,Coastal Kitchen,dinner,0,0,0,2,17.7,4.2,0,71,69.6,69.6,74,59,15
2025-02-10,R3,Coastal Kitchen,lunch,0,0,0,2,17.7,4.2,0,52,45.4,45.4,55,43,12
2025-02-10,R4,Urban Tandoor,dinner,0,0,0,2,21.4,2.2,0,60,48.9,48.9,50,42,8
2025-02-10,R4,Urban Tandoor,lunch,0,0,0,2,21.4,2.2,0,38,33.6,33.6,34,28,6
2025-02-10,R5,Campus Canteen,dinner,0,0,0,2,18.2,0.0,0,101,85.1,85.1,91,82,9
2025-02-10,R5,Campus Canteen,lunch,0,0,0,2,18.2,0.0,0,67,61.3,61.3,55,52,3
2025-02-11,R1,Spice Route Kitchen,dinner,1,0,0,2,19.3,0.6,0,49,60.3,60.3,66,52,14
2025-02-11,R1,Spice Route Kitchen,lunch,1,0,0,2,19.3,0.6,0,37,43.4,43.4,41,34,7
2025-02-11,R2,Green Leaf Cafe,dinner,1,0,0,2,18.1,0.7,0,30,38.6,38.6,37,33,4
2025-02-11,R2,Green Leaf Cafe,lunch,1,0,0,2,18.1,0.7,0,25,27.1,27.1,25,22,3
2025-02-11,R3,Coastal Kitchen,dinner,1,0,0,2,17.3,4.2,0,59,69.1,69.1,78,59,19
2025-02-11,R3,Coastal Kitchen,lunch,1,0,0,2,17.3,4.2,0,43,46.1,46.1,47,37,10
2025-02-11,R4,Urban Tandoor,dinner,1,0,0,2,17.3,0.0,0,42,48.6,48.6,48,40,8
2025-02-11,R4,Urban Tandoor,lunch,1,0,0,2,17.3,0.0,0,28,34.1,34.1,32,28,4
2025-02-11,R5,Campus Canteen,dinner,1,0,0,2,19.1,2.7,0,82,85.6,85.6,90,80,10
2025-02-11,R5,Campus Canteen,lunch,1,0,0,2,19.1,2.7,0,52,61.4,61.4,60,54,6
2025-02-12,R1,Spice Route Kitchen,dinner,2,0,0,2,13.7,0.0,0,52,61.1,61.1,58,47,11
2025-02-12,R1,Spice Route Kitchen,lunch,2,0,0,2,13.7,0.0,0,34,43.0,43.0,43,36,7
2025-02-12,R2,Green Leaf Cafe,dinner,2,0,0,2,22.7,6.3,0,33,39.1,39.1,41,36,5
2025-02-12,R2,Green Leaf Cafe,lunch,2,0,0,2,22.7,6.3,0,22,27.1,27.1,25,22,3
2025-02-12,R3,Coastal Kitchen,dinner,2,0,0,2,15.4,0.0,0,59,68.6,68.6,82,62,20
2025-02-12,R3,Coastal Kitchen,lunch,2,0,0,2,15.4,0.0,0,37,45.7,45.7,46,36,10
2025-02-12,R4,Urban Tandoor,dinner,2,0,0,2,20.5,0.0,0,40,46.7,46.7,52,45,7
2025-02-12,R4,Urban Tandoor,lunch,2,0,0,2,20.5,0.0,0,28,33.0,33.0,34,29,5
2025-02-12,R5,Campus Canteen,dinner,2,0,0,2,19.9,1.6,0,80,86.6,86.6,84,75,9
2025-02-12,R5,Campus Canteen,lunch,2,0,0,2,19.9,1.6,0,54,61.3,61.3,60,54,6
2025-02-13,R1,Spice Route Kitchen,dinner,3,0,0,2,22.5,0.0,0,47,60.9,60.9,63,52,11
2025-02-13,R1,Spice Route Kitchen,lunch,3,0,0,2,22.5,0.0,0,36,42.6,42.6,44,36,8
2025-02-13,R2,Green Leaf Cafe,dinner,3,0,0,2,18.2,3.3,0,36,39.3,39.3,44,36,8
2025-02-13,R2,Green Leaf Cafe,lunch,3,0,0,2,18.2,3.3,0,22,27.3,27.3,25,23,2
2025-02-13,R3,Coastal Kitchen,dinner,3,0,0,2,18.7,0.0,0,62,67.9,67.9,84,64,20
2025-02-13,R3,Coastal Kitchen,lunch,3,0,0,2,18.7,0.0,0,36,45.1,45.1,55,43,12
2025-02-13,R4,Urban Tandoor,dinner,3,0,0,2,14.9,2.8,0,45,47.7,47.7,53,47,6
2025-02-13,R4,Urban Tandoor,lunch,3,0,0,2,14.9,2.8,0,29,32.9,32.9,31,26,5
2025-02-13,R5,Campus Canteen,dinner,3,0,0,2,17.5,0.0,0,75,86.7,86.7,93,78,15
2025-02-13,R5,Campus Canteen,lunch,3,0,0,2,17.5,0.0,0,54,61.0,61.0,58,49,9
2025-02-14,R1,Spice Route Kitchen,dinner,4,0,0,2,21.7,2.1,0,52,60.1,60.1,90,72,18
2025-02-14,R1,Spice Route Kitchen,lunch,4,0,0,2,21.7,2.1,0,36,42.6,42.6,58,47,11
2025-02-14,R2,Green Leaf Cafe,dinner,4,0,0,2,20.6,4.8,0,36,39.7,39.7,48,41,7
2025-02-14,R2,Green Leaf Cafe,lunch,4,0,0,2,20.6,4.8,0,23,27.1,27.1,31,28,3
2025-02-14,R3,Coastal Kitchen,dinner,4,0,0,2,22.6,2.8,0,64,68.7,68.7,97,75,22
2025-02-14,R3,Coastal Kitchen,lunch,4,0,0,2,22.6,2.8,0,43,45.3,45.3,62,49,13
2025-02-14,R4,Urban Tandoor,dinner,4,0,0,2,23.8,0.0,0,47,48.7,48.7,58,51,7
2025-02-14,R4,Urban Tandoor,lunch,4,0,0,2,23.8,0.0,0,26,32.3,32.3,38,32,6
2025-02-14,R5,Campus Canteen,dinner,4,0,0,2,20.0,0.3,0,78,86.0,86.0,119,106,13
2025-02-14,R5,Campus Canteen,lunch,4,0,0,2,20.0,0.3,0,49,60.0,60.0,76,64,12
2025-02-15,R1,Spice Route Kitchen,dinner,5,1,0,2,20.9,0.0,0,72,58.1,58.1,86,69,17
2025-02-15,R1,Spice Route Kitchen,lunch,5,1,0,2,20.9,0.0,0,47,41.0,41.0,59,47,12
2025-02-15,R2,Green Leaf Cafe,dinner,5,1,0,2,19.5,0.0,0,41,39.7,39.7,63,53,10
2025-02-15,R2,Green Leaf Cafe,lunch,5,1,0,2,19.5,0.0,0,28,26.9,26.9,33,29,4
2025-02-15,R3,Coastal Kitchen,dinner,5,1,0,2,17.3,4.2,0,75,67.4,67.4,115,87,28
2025-02-15,R3,Coastal Kitchen,lunch,5,1,0,2,17.3,4.2,0,49,45.1,45.1,74,56,18
2025-02-15,R4,Urban Tandoor,dinner,5,1,0,2,24.9,0.0,0,51,49.4,49.4,71,62,9
2025-02-15,R4,Urban Tandoor,lunch,5,1,0,2,24.9,0.0,0,32,31.6,31.6,51,41,10
2025-02-15,R5,Campus Canteen,dinner,5,1,0,2,17.0,0.0,0,106,88.4,88.4,123,110,13
2025-02-15,R5,Campus Canteen,lunch,5,1,0,2,17.0,0.0,0,64,60.0,60.0,92,78,14
2025-02-16,R1,Spice Route Kitchen,dinner,6,1,0,2,19.0,3.9,0,69,57.9,57.9,75,62,13
2025-02-16,R1,Spice Route Kitchen,lunch,6,1,0,2,19.0,3.9,0,47,40.6,40.6,63,51,12
2025-02-16,R2,Green Leaf Cafe,dinner,6,1,0,2,15.6,4.7,0,53,40.6,40.6,54,46,8
2025-02-16,R2,Green Leaf Cafe,lunch,6,1,0,2,15.6,4.7,0,29,26.9,26.9,30,26,4
2025-02-16,R3,Coastal Kitchen,dinner,6,1,0,2,16.7,0.0,0,87,68.1,68.1,85,67,18
2025-02-16,R3,Coastal Kitchen,lunch,6,1,0,2,16.7,0.0,0,56,45.1,45.1,70,55,15
2025-02-16,R4,Urban Tandoor,dinner,6,1,0,2,19.9,0.0,0,62,49.6,49.6,65,54,11
2025-02-16,R4,Urban Tandoor,lunch,6,1,0,2,19.9,0.0,0,41,31.7,31.7,37,32,5
2025-02-16,R5,Campus Canteen,dinner,6,1,0,2,22.5,0.0,0,110,90.3,90.3,106,97,9
2025-02-16,R5,Campus Canteen,lunch,6,1,0,2,22.5,0.0,0,78,59.7,59.7,75,69,6
2025-02-17,R1,Spice Route Kitchen,dinner,0,0,0,2,17.2,0.0,0,62,57.6,57.6,60,49,11
2025-02-17,R1,Spice Route Kitchen,lunch,0,0,0,2,17.2,0.0,0,51,41.1,41.1,43,36,7
2025-02-17,R2,Green Leaf Cafe,dinner,0,0,0,2,17.0,2.2,0,46,39.3,39.3,38,33,5
2025-02-17,R2,Green Leaf Cafe,lunch,0,0,0,2,17.0,2.2,0,26,25.0,25.0,26,22,4
2025-02-17,R3,Coastal Kitchen,dinner,0,0,0,2,19.5,0.6,0,67,67.6,67.6,81,61,20
2025-02-17,R3,Coastal Kitchen,lunch,0,0,0,2,19.5,0.6,0,55,45.6,45.6,55,42,13
2025-02-17,R4,Urban Tandoor,dinner,0,0,0,2,19.1,5.0,0,54,48.7,48.7,53,46,7
2025-02-17,R4,Urban Tandoor,lunch,0,0,0,2,19.1,5.0,0,32,30.9,30.9,33,29,4
2025-02-17,R5,Campus Canteen,dinner,0,0,0,2,22.4,6.1,1,97,89.7,89.7,115,104,11
2025-02-17,R5,Campus Canteen,lunch,0,0,0,2,22.4,6.1,1,69,60.0,60.0,75,68,7
2025-02-18,R1,Spice Route Kitchen,dinner,1,0,0,2,17.3,0.0,0,49,57.6,57.6,60,53,7
2025-02-18,R1,Spice Route Kitchen,lunch,1,0,0,2,17.3,0.0,0,36,41.0,41.0,41,33,8
2025-02-18,R2,Green Leaf Cafe,dinner,1,0,0,2,21.5,3.3,0,33,39.7,39.7,39,34,5
2025-02-18,R2,Green Leaf Cafe,lunch,1,0,0,2,21.5,3.3,0,22,24.6,24.6,27,23,4
2025-02-18,R3,Coastal Kitchen,dinner,1,0,0,2,18.5,0.0,0,61,67.9,67.9,74,57,17
2025-02-18,R3,Coastal Kitchen,lunch,1,0,0,2,18.5,0.0,0,42,45.4,45.4,57,43,14
2025-02-18,R4,Urban Tandoor,dinner,1,0,0,2,23.2,6.5,0,46,49.3,49.3,49,40,9
2025-02-18,R4,Urban Tandoor,lunch,1,0,0,2,23.2,6.5,0,29,31.0,31.0,31,29,2
2025-02-18,R5,Campus Canteen,dinner,1,0,0,2,19.5,1.6,0,104,92.9,92.9,82,74,8
2025-02-18,R5,Campus Canteen,lunch,1,0,0,2,19.5,1.6,0,68,62.3,62.3,55,50,5
2025-02-19,R1,Spice Route Kitchen,dinner,2,0,0,2,20.5,0.6,0,53,57.7,57.7,63,51,12
2025-02-19,R1,Spice Route Kitchen,lunch,2,0,0,2,20.5,0.6,0,33,40.9,40.9,44,39,5
2025-02-19,R2,Green Leaf Cafe,dinner,2,0,0,2,20.0,0.0,0,34,39.9,39.9,41,34,7
2025-02-19,R2,Green Leaf Cafe,lunch,2,0,0,2,20.0,0.0,0,23,24.7,24.7,24,21,3
2025-02-19,R3,Coastal Kitchen,dinner,2,0,0,2,20.9,0.0,0,57,67.6,67.6,77,60,17
2025-02-19,R3,Coastal Kitchen,lunch,2,0,0,2,20.9,0.0,0,43,46.3,46.3,52,39,13
2025-02-19,R4,Urban Tandoor,dinner,2,0,0,2,21.7,0.0,0,40,49.3,49.3,45,37,8
2025-02-19,R4,Urban Tandoor,lunch,2,0,0,2,21.7,0.0,0,29,31.1,31.1,28,24,4
2025-02-19,R5,Campus Canteen,dinner,2,0,0,2,21.4,0.0,0,74,92.0,92.0,89,82,7
2025-02-19,R5,Campus Canteen,lunch,2,0,0,2,21.4,0.0,0,50,61.7,61.7,60,53,7
2025-02-20,R1,Spice Route Kitchen,dinner,3,0,0,2,16.9,4.8,0,51,58.3,58.3,73,58,15
2025-02-20,R1,Spice Route Kitchen,lunch,3,0,0,2,16.9,4.8,0,39,41.3,41.3,46,39,7
2025-02-20,R2,Green Leaf Cafe,dinner,3,0,0,2,19.9,3.4,0,34,39.6,39.6,41,34,7
2025-02-20,R2,Green Leaf Cafe,lunch,3,0,0,2,19.9,3.4,0,21,24.6,24.6,27,23,4
2025-02-20,R3,Coastal Kitchen,dinner,3,0,0,2,17.3,0.6,0,60,67.3,67.3,89,67,22
2025-02-20,R3,Coastal Kitchen,lunch,3,0,0,2,17.3,0.6,0,39,46.7,46.7,55,42,13
2025-02-20,R4,Urban Tandoor,dinner,3,0,0,2,22.4,0.0,0,37,48.1,48.1,49,41,8
2025-02-20,R4,Urban Tandoor,lunch,3,0,0,2,22.4,0.0,0,24,30.4,30.4,34,29,5
2025-02-20,R5,Campus Canteen,dinner,3,0,0,2,18.2,0.0,0,82,93.0,93.0,88,84,4
2025-02-20,R5,Campus Canteen,lunch,3,0,0,2,18.2,0.0,0,53,61.6,61.6,62,57,5
2025-02-21,R1,Spice Route Kitchen,dinner,4,0,0,2,20.6,1.1,0,58,59.1,59.1,80,65,15
2025-02-21,R1,Spice Route Kitchen,lunch,4,0,0,2,20.6,1.1,0,39,41.7,41.7,50,41,9
2025-02-21,R2,Green Leaf Cafe,dinner,4,0,0,2,21.4,0.0,0,34,39.3,39.3,50,43,7
2025-02-21,R2,Green Leaf Cafe,lunch,4,0,0,2,21.4,0.0,0,23,24.6,24.6,35,30,5
2025-02-21,R3,Coastal Kitchen,dinner,4,0,0,2,21.3,0.0,0,67,67.7,67.7,96,76,20
2025-02-21,R3,Coastal Kitchen,lunch,4,0,0,2,21.3,0.0,0,42,46.6,46.6,61,47,14
2025-02-21,R4,Urban Tandoor,dinner,4,0,0,2,16.9,0.0,0,41,47.3,47.3,62,50,12
2025-02-21,R4,Urban Tandoor,lunch,4,0,0,2,16.9,0.0,0,29,30.9,30.9,41,34,7
2025-02-21,R5,Campus Canteen,dinner,4,0,0,2,19.4,3.9,0,84,93.9,93.9,86,79,7
2025-02-21,R5,Campus Canteen,lunch,4,0,0,2,19.4,3.9,0,57,62.7,62.7,67,61,6
2025-02-22,R1,Spice Route Kitchen,dinner,5,1,0,2,22.3,0.0,0,65,58.1,58.1,86,70,16
2025-02-22,R1,Spice Route Kitchen,lunch,5,1,0,2,22.3,0.0,0,41,40.9,40.9,64,54,10
2025-02-22,R2,Green Leaf Cafe,dinner,5,1,0,2,18.2,1.9,0,43,39.6,39.6,54,48,6
2025-02-22,R2,Green Leaf Cafe,lunch,5,1,0,2,18.2,1.9,0,30,24.9,24.9,36,30,6
2025-02-22,R3,Coastal Kitchen,dinner,5,1,0,2,20.5,0.0,0,76,67.9,67.9,102,81,21
2025-02-22,R3,Coastal Kitchen,lunch,5,1,0,2,20.5,0.0,0,47,46.3,46.3,77,60,17
2025-02-22,R4,Urban Tandoor,dinner,5,1,0,2,20.6,1.1,0,50,47.1,47.1,72,60,12
2025-02-22,R4,Urban Tandoor,lunch,5,1,0,2,20.6,1.1,0,34,31.1,31.1,50,41,9
2025-02-22,R5,Campus Canteen,dinner,5,1,0,2,22.4,0.0,0,79,90.0,90.0,133,117,16
2025-02-22,R5,Campus Canteen,lunch,5,1,0,2,22.4,0.0,0,61,62.3,62.3,67,63,4
2025-02-23,R1,Spice Route Kitchen,dinner,6,1,0,2,22.2,0.4,0,70,58.3,58.3,92,71,21
2025-02-23,R1,Spice Route Kitchen,lunch,6,1,0,2,22.2,0.4,0,54,41.9,41.9,60,48,12
2025-02-23,R2,Green Leaf Cafe,dinner,6,1,0,2,21.4,0.2,0,48,38.9,38.9,49,43,6
2025-02-23,R2,Green Leaf Cafe,lunch,6,1,0,2,21.4,0.2,0,30,25.0,25.0,34,30,4
2025-02-23,R3,Coastal Kitchen,dinner,6,1,0,2,21.3,4.5,0,81,67.0,67.0,97,71,26
2025-02-23,R3,Coastal Kitchen,lunch,6,1,0,2,21.3,4.5,0,60,46.9,46.9,70,52,18
2025-02-23,R4,Urban Tandoor,dinner,6,1,0,2,16.8,0.0,0,60,46.9,46.9,65,54,11
2025-02-23,R4,Urban Tandoor,lunch,6,1,0,2,16.8,0.0,0,41,31.1,31.1,43,36,7
2025-02-23,R5,Campus Canteen,dinner,6,1,0,2,17.9,0.0,0,117,91.0,91.0,114,100,14
2025-02-23,R5,Campus Canteen,lunch,6,1,0,2,17.9,0.0,0,63,60.1,60.1,66,62,4
2025-02-24,R1,Spice Route Kitchen,dinner,0,0,0,2,20.2,0.0,0,71,59.6,59.6,66,57,9
2025-02-24,R1,Spice Route Kitchen,lunch,0,0,0,2,20.2,0.0,0,48,41.4,41.4,42,34,8
2025-02-24,R2,Green Leaf Cafe,dinner,0,0,0,2,17.5,0.0,0,43,38.4,38.4,34,30,4
2025-02-24,R2,Green Leaf Cafe,lunch,0,0,0,2,17.5,0.0,0,30,25.6,25.6,25,23,2
2025-02-24,R3,Coastal Kitchen,dinner,0,0,0,2,25.5,0.0,0,71,67.6,67.6,79,59,20
2025-02-24,R3,Coastal Kitchen,lunch,0,0,0,2,25.5,0.0,0,52,46.4,46.4,50,39,11
2025-02-24,R4,Urban Tandoor,dinner,0,0,0,2,18.1,0.4,0,54,46.9,46.9,48,42,6
2025-02-24,R4,Urban Tandoor,lunch,0,0,0,2,18.1,0.4,0,36,31.7,31.7,31,28,3
2025-02-24,R5,Campus Canteen,dinner,0,0,0,2,21.8,3.0,0,100,91.4,91.4,86,77,9
2025-02-24,R5,Campus Canteen,lunch,0,0,0,2,21.8,3.0,0,62,59.1,59.1,57,52,5
2025-02-25,R1,Spice Route Kitchen,dinner,1,0,0,2,18.3,0.0,0,57,60.7,60.7,61,52,9
2025-02-25,R1,Spice Route Kitchen,lunch,1,0,0,2,18.3,0.0,0,34,41.1,41.1,43,35,8
2025-02-25,R2,Green Leaf Cafe,dinner,1,0,0,2,23.9,0.0,0,30,38.0,38.0,35,30,5
2025-02-25,R2,Green Leaf Cafe,lunch,1,0,0,2,23.9,0.0,0,23,25.7,25.7,26,22,4
2025-02-25,R3,Coastal Kitchen,dinner,1,0,0,2,20.6,0.0,0,59,67.3,67.3,74,54,20
2025-02-25,R3,Coastal Kitchen,lunch,1,0,0,2,20.6,0.0,0,39,46.0,46.0,51,41,10
2025-02-25,R4,Urban Tandoor,dinner,1,0,0,2,20.0,3.1,1,42,46.3,46.3,56,50,6
2025-02-25,R4,Urban Tandoor,lunch,1,0,0,2,20.0,3.1,1,28,31.6,31.6,38,33,5
2025-02-25,R5,Campus Canteen,dinner,1,0,0,2,19.5,0.0,0,77,87.6,87.6,86,78,8
2025-02-25,R5,Campus Canteen,lunch,1,0,0,2,19.5,0.0,0,52,56.9,56.9,55,51,4
2025-02-26,R1,Spice Route Kitchen,dinner,2,0,0,2,16.3,0.6,0,52,60.6,60.6,67,53,14
2025-02-26,R1,Spice Route Kitchen,lunch,2,0,0,2,16.3,0.6,0,35,41.4,41.4,45,36,9
2025-02-26,R2,Green Leaf Cafe,dinner,2,0,0,2,20.3,3.0,0,30,37.4,37.4,39,33,6
2025-02-26,R2,Green Leaf Cafe,lunch,2,0,0,2,20.3,3.0,0,22,25.6,25.6,26,23,3
2025-02-26,R3,Coastal Kitchen,dinner,2,0,0,2,19.6,0.0,0,54,66.9,66.9,79,64,15
2025-02-26,R3,Coastal Kitchen,lunch,2,0,0,2,19.6,0.0,0,41,45.7,45.7,58,42,16
2025-02-26,R4,Urban Tandoor,dinner,2,0,0,2,21.2,2.1,0,50,47.7,47.7,47,41,6
2025-02-26,R4,Urban Tandoor,lunch,2,0,0,2,21.2,2.1,0,33,32.1,32.1,34,29,5
2025-02-26,R5,Campus Canteen,dinner,2,0,0,2,20.1,0.0,0,78,88.1,88.1,93,83,10
2025-02-26,R5,Campus Canteen,lunch,2,0,0,2,20.1,0.0,0,51,57.0,57.0,54,50,4
2025-02-27,R1,Spice Route Kitchen,dinner,3,0,0,2,21.5,2.0,0,53,60.9,60.9,70,58,12
2025-02-27,R1,Spice Route Kitchen,lunch,3,0,0,2,21.5,2.0,0,36,41.0,41.0,45,36,9
2025-02-27,R2,Green Leaf Cafe,dinner,3,0,0,2,20.6,0.0,0,33,37.3,37.3,41,36,5
2025-02-27,R2,Green Leaf Cafe,lunch,3,0,0,2,20.6,0.0,0,23,25.9,25.9,28,25,3
2025-02-27,R3,Coastal Kitchen,dinner,3,0,0,2,18.3,0.0,0,64,67.4,67.4,81,60,21
2025-02-27,R3,Coastal Kitchen,lunch,3,0,0,2,18.3,0.0,0,42,46.1,46.1,51,38,13
2025-02-27,R4,Urban Tandoor,dinner,3,0,0,2,20.2,0.0,0,41,48.3,48.3,59,52,7
2025-02-27,R4,Urban Tandoor,lunch,3,0,0,2,20.2,0.0,0,29,32.9,32.9,34,29,5
2025-02-27,R5,Campus Canteen,dinner,3,0,0,2,20.8,2.5,0,83,88.3,88.3,83,74,9
2025-02-27,R5,Campus Canteen,lunch,3,0,0,2,20.8,2.5,0,50,56.6,56.6,60,53,7
2025-02-28,R1,Spice Route Kitchen,dinner,4,0,0,2,22.3,0.0,1,58,60.9,60.9,95,82,13
2025-02-28,R1,Spice Route Kitchen,lunch,4,0,0,2,22.3,0.0,1,36,40.6,40.6,71,62,9
2025-02-28,R2,Green Leaf Cafe,dinner,4,0,0,2,18.9,3.5,0,36,37.6,37.6,48,41,7
2025-02-28,R2,Green Leaf Cafe,lunch,4,0,0,2,18.9,3.5,0,25,26.1,26.1,33,29,4
2025-02-28,R3,Coastal Kitchen,dinner,4,0,0,2,24.9,0.0,0,60,66.4,66.4,93,74,19
2025-02-28,R3,Coastal Kitchen,lunch,4,0,0,2,24.9,0.0,0,38,45.6,45.6,62,47,15
2025-02-28,R4,Urban Tandoor,dinner,4,0,0,2,21.0,0.0,0,52,49.9,49.9,59,50,9
2025-02-28,R4,Urban Tandoor,lunch,4,0,0,2,21.0,0.0,0,29,32.9,32.9,41,34,7
2025-02-28,R5,Campus Canteen,dinner,4,0,0,2,19.7,3.0,0,74,86.9,86.9,104,96,8
2025-02-28,R5,Campus Canteen,lunch,4,0,0,2,19.7,3.0,0,53,56.0,56.0,70,66,4
2025-03-01,R1,Spice Route Kitchen,dinner,5,1,0,3,16.7,0.0,0,82,63.3,63.3,100,79,21
2025-03-01,R1,Spice Route Kitchen,lunch,5,1,0,3,16.7,0.0,0,62,43.6,43.6,60,49,11
2025-03-01,R2,Green Leaf Cafe,dinner,5,1,0,3,22.6,0.0,0,41,37.3,37.3,55,46,9
2025-03-01,R2,Green Leaf Cafe,lunch,5,1,0,3,22.6,0.0,0,29,26.0,26.0,35,31,4
2025-03-01,R3,Coastal Kitchen,dinner,5,1,0,3,20.8,0.0,0,74,66.1,66.1,118,95,23
2025-03-01,R3,Coastal Kitchen,lunch,5,1,0,3,20.8,0.0,0,47,45.6,45.6,77,60,17
2025-03-01,R4,Urban Tandoor,dinner,5,1,0,3,20.5,0.0,0,50,49.9,49.9,71,60,11
2025-03-01,R4,Urban Tandoor,lunch,5,1,0,3,20.5,0.0,0,34,32.9,32.9,45,38,7
2025-03-01,R5,Campus Canteen,dinner,5,1,0,3,21.3,0.0,0,96,89.3,89.3,116,107,9
2025-03-01,R5,Campus Canteen,lunch,5,1,0,3,21.3,0.0,0,66,56.7,56.7,88,78,10
2025-03-02,R1,Spice Route Kitchen,dinner,6,1,0,3,21.4,4.5,0,79,64.6,64.6,74,62,12
2025-03-02,R1,Spice Route Kitchen,lunch,6,1,0,3,21.4,4.5,0,49,42.9,42.9,52,43,9
2025-03-02,R2,Green Leaf Cafe,dinner,6,1,0,3,24.9,2.6,0,46,37.0,37.0,53,45,8
2025-03-02,R2,Green Leaf Cafe,lunch,6,1,0,3,24.9,2.6,0,31,26.1,26.1,35,30,5
2025-03-02,R3,Coastal Kitchen,dinner,6,1,0,3,24.8,0.0,0,95,68.1,68.1,113,83,30
2025-03-02,R3,Coastal Kitchen,lunch,6,1,0,3,24.8,0.0,0,60,45.6,45.6,66,51,15
2025-03-02,R4,Urban Tandoor,dinner,6,1,0,3,21.1,0.0,0,60,49.9,49.9,68,58,10
2025-03-02,R4,Urban Tandoor,lunch,6,1,0,3,21.1,0.0,0,38,32.4,32.4,42,34,8
2025-03-02,R5,Campus Canteen,dinner,6,1,0,3,19.4,1.0,0,107,87.9,87.9,109,101,8
2025-03-02,R5,Campus Canteen,lunch,6,1,0,3,19.4,1.0,0,78,58.9,58.9,82,73,9
2025-03-03,R1,Spice Route Kitchen,dinner,0,0,0,3,21.0,2.8,0,62,63.3,63.3,61,49,12
2025-03-03,R1,Spice Route Kitchen,lunch,0,0,0,3,21.0,2.8,0,43,42.1,42.1,40,32,8
2025-03-03,R2,Green Leaf Cafe,dinner,0,0,0,3,22.5,0.2,0,45,37.3,37.3,39,33,6
2025-03-03,R2,Green Leaf Cafe,lunch,0,0,0,3,22.5,0.2,0,30,26.1,26.1,23,20,3
2025-03-03,R3,Coastal Kitchen,dinner,0,0,0,3,24.1,0.0,0,83,69.9,69.9,73,57,16
2025-03-03,R3,Coastal Kitchen,lunch,0,0,0,3,24.1,0.0,0,51,45.4,45.4,49,39,10
2025-03-03,R4,Urban Tandoor,dinner,0,0,0,3,19.7,0.3,0,58,50.4,50.4,51,43,8
2025-03-03,R4,Urban Tandoor,lunch,0,0,0,3,19.7,0.3,0,34,32.1,32.1,31,27,4
2025-03-03,R5,Campus Canteen,dinner,0,0,0,3,21.0,0.9,0,101,88.0,88.0,95,84,11
2025-03-03,R5,Campus Canteen,lunch,0,0,0,3,21.0,0.9,0,73,60.4,60.4,57,50,7
2025-03-04,R1,Spice Route Kitchen,dinner,1,0,0,3,21.6,0.0,0,49,62.1,62.1,57,48,9
2025-03-04,R1,Spice Route Kitchen,lunch,1,0,0,3,21.6,0.0,0,32,41.9,41.9,40,33,7
2025-03-04,R2,Green Leaf Cafe,dinner,1,0,0,3,19.2,2.3,0,33,37.7,37.7,40,33,7
2025-03-04,R2,Green Leaf Cafe,lunch,1,0,0,3,19.2,2.3,0,20,25.7,25.7,25,22,3
2025-03-04,R3,Coastal Kitchen,dinner,1,0,0,3,22.4,0.0,0,57,69.6,69.6,71,57,14
2025-03-04,R3,Coastal Kitchen,lunch,1,0,0,3,22.4,0.0,0,39,45.4,45.4,58,43,15
2025-03-04,R4,Urban Tandoor,dinner,1,0,0,3,21.2,0.0,0,43,50.6,50.6,45,41,4
2025-03-04,R4,Urban Tandoor,lunch,1,0,0,3,21.2,0.0,0,27,32.0,32.0,31,26,5
2025-03-04,R5,Campus Canteen,dinner,1,0,0,3,24.2,2.3,0,84,89.0,89.0,85,75,10
2025-03-04,R5,Campus Canteen,lunch,1,0,0,3,24.2,2.3,0,50,60.1,60.1,54,49,5
2025-03-05,R1,Spice Route Kitchen,dinner,2,0,0,3,22.9,0.0,0,48,61.6,61.6,61,52,9
2025-03-05,R1,Spice Route Kitchen,lunch,2,0,0,3,22.9,0.0,0,33,41.6,41.6,46,36,10
2025-03-05,R2,Green Leaf Cafe,dinner,2,0,0,3,20.0,1.0,0,33,38.1,38.1,44,36,8
2025-03-05,R2,Green Leaf Cafe,lunch,2,0,0,3,20.0,1.0,0,22,25.7,25.7,25,22,3
2025-03-05,R3,Coastal Kitchen,dinner,2,0,0,3,23.0,0.0,0,57,70.0,70.0,73,55,18
2025-03-05,R3,Coastal Kitchen,lunch,2,0,0,3,23.0,0.0,0,43,45.7,45.7,55,40,15
2025-03-05,R4,Urban Tandoor,dinner,2,0,0,3,22.2,1.9,0,41,49.3,49.3,54,45,9
2025-03-05,R4,Urban Tandoor,lunch,2,0,0,3,22.2,1.9,0,26,31.0,31.0,31,28,3
2025-03-05,R5,Campus Canteen,dinner,2,0,0,3,23.6,0.8,0,75,88.6,88.6,95,83,12
2025-03-05,R5,Campus Canteen,lunch,2,0,0,3,23.6,0.8,0,49,59.9,59.9,58,50,8
2025-03-06,R1,Spice Route Kitchen,dinner,3,0,0,3,24.4,0.0,0,52,61.4,61.4,73,56,17
2025-03-06,R1,Spice Route Kitchen,lunch,3,0,0,3,24.4,0.0,0,36,41.6,41.6,46,38,8
2025-03-06,R2,Green Leaf Cafe,dinner,3,0,0,3,23.1,0.0,0,36,38.6,38.6,37,31,6
2025-03-06,R2,Green Leaf Cafe,lunch,3,0,0,3,23.1,0.0,0,22,25.6,25.6,26,23,3
2025-03-06,R3,Coastal Kitchen,dinner,3,0,0,3,22.0,0.0,0,55,68.7,68.7,95,71,24
2025-03-06,R3,Coastal Kitchen,lunch,3,0,0,3,22.0,0.0,0,40,45.4,45.4,59,44,15
2025-03-06,R4,Urban Tandoor,dinner,3,0,0,3,19.8,0.0,0,45,49.9,49.9,51,46,5
2025-03-06,R4,Urban Tandoor,lunch,3,0,0,3,19.8,0.0,0,28,30.9,30.9,35,30,5
2025-03-06,R5,Campus Canteen,dinner,3,0,0,3,22.5,2.5,0,83,88.6,88.6,85,75,10
2025-03-06,R5,Campus Canteen,lunch,3,0,0,3,22.5,2.5,0,50,59.9,59.9,62,55,7
2025-03-07,R1,Spice Route Kitchen,dinner,4,0,0,3,26.5,0.6,0,56,61.1,61.1,82,67,15
2025-03-07,R1,Spice Route Kitchen,lunch,4,0,0,3,26.5,0.6,0,38,41.9,41.9,55,47,8
2025-03-07,R2,Green Leaf Cafe,dinner,4,0,0,3,24.3,7.7,0,31,37.9,37.9,47,43,4
2025-03-07,R2,Green Leaf Cafe,lunch,4,0,0,3,24.3,7.7,0,23,25.3,25.3,35,30,5
2025-03-07,R3,Coastal Kitchen,dinner,4,0,0,3,21.2,0.0,0,71,70.3,70.3,109,83,26
2025-03-07,R3,Coastal Kitchen,lunch,4,0,0,3,21.2,0.0,0,44,46.3,46.3,70,55,15
2025-03-07,R4,Urban Tandoor,dinner,4,0,0,3,20.3,0.0,0,46,49.0,49.0,61,52,9
2025-03-07,R4,Urban Tandoor,lunch,4,0,0,3,20.3,0.0,0,30,31.0,31.0,47,38,9
2025-03-07,R5,Campus Canteen,dinner,4,0,0,3,19.9,0.0,0,75,88.7,88.7,106,97,9
2025-03-07,R5,Campus Canteen,lunch,4,0,0,3,19.9,0.0,0,55,60.1,60.1,69,62,7
2025-03-08,R1,Spice Route Kitchen,dinner,5,1,0,3,23.2,0.0,0,67,59.0,59.0,87,72,15
2025-03-08,R1,Spice Route Kitchen,lunch,5,1,0,3,23.2,0.0,0,47,39.7,39.7,51,43,8
2025-03-08,R2,Green Leaf Cafe,dinner,5,1,0,3,25.5,2.8,0,43,38.1,38.1,51,45,6
2025-03-08,R2,Green Leaf Cafe,lunch,5,1,0,3,25.5,2.8,0,30,25.4,25.4,36,32,4
2025-03-08,R3,Coastal Kitchen,dinner,5,1,0,3,23.2,0.0,0,83,71.6,71.6,116,89,27
2025-03-08,R3,Coastal Kitchen,lunch,5,1,0,3,23.2,0.0,0,55,47.4,47.4,73,57,16
2025-03-08,R4,Urban Tandoor,dinner,5,1,0,3,22.1,1.8,0,52,49.3,49.3,63,55,8
2025-03-08,R4,Urban Tandoor,lunch,5,1,0,3,22.1,1.8,0,38,31.6,31.6,46,38,8
2025-03-08,R5,Campus Canteen,dinner,5,1,0,3,23.7,0.0,0,97,88.9,88.9,119,103,16
2025-03-08,R5,Campus Canteen,lunch,5,1,0,3,23.7,0.0,0,62,59.6,59.6,78,72,6
2025-03-09,R1,Spice Route Kitchen,dinner,6,1,0,3,26.6,3.7,0,72,58.0,58.0,82,67,15
2025-03-09,R1,Spice Route Kitchen,lunch,6,1,0,3,26.6,3.7,0,43,38.9,38.9,56,47,9
2025-03-09,R2,Green Leaf Cafe,dinner,6,1,0,3,19.0,3.0,0,45,38.0,38.0,49,43,6
2025-03-09,R2,Green Leaf Cafe,lunch,6,1,0,3,19.0,3.0,0,32,25.6,25.6,32,28,4
2025-03-09,R3,Coastal Kitchen,dinner,6,1,0,3,21.1,2.2,0,89,70.7,70.7,100,73,27
2025-03-09,R3,Coastal Kitchen,lunch,6,1,0,3,21.1,2.2,0,57,47.0,47.0,70,54,16
2025-03-09,R4,Urban Tandoor,dinner,6,1,0,3,22.8,1.2,0,55,48.6,48.6,71,60,11
2025-03-09,R4,Urban Tandoor,lunch,6,1,0,3,22.8,1.2,0,38,31.6,31.6,43,36,7
2025-03-09,R5,Campus Canteen,dinner,6,1,0,3,21.9,0.0,0,103,88.3,88.3,120,106,14
2025-03-09,R5,Campus Canteen,lunch,6,1,0,3,21.9,0.0,0,72,58.7,58.7,75,66,9
2025-03-10,R1,Spice Route Kitchen,dinner,0,0,0,3,24.1,0.0,0,67,58.7,58.7,74,61,13
2025-03-10,R1,Spice Route Kitchen,lunch,0,0,0,3,24.1,0.0,0,47,39.4,39.4,40,33,7
2025-03-10,R2,Green Leaf Cafe,dinner,0,0,0,3,21.6,0.0,0,43,37.7,37.7,37,33,4
2025-03-10,R2,Green Leaf Cafe,lunch,0,0,0,3,21.6,0.0,0,28,25.3,25.3,27,22,5
2025-03-10,R3,Coastal Kitchen,dinner,0,0,0,3,26.0,3.1,0,73,69.3,69.3,76,59,17
2025-03-10,R3,Coastal Kitchen,lunch,0,0,0,3,26.0,3.1,0,54,47.4,47.4,54,40,14
2025-03-10,R4,Urban Tandoor,dinner,0,0,0,3,22.8,5.0,0,60,48.9,48.9,53,44,9
2025-03-10,R4,Urban Tandoor,lunch,0,0,0,3,22.8,5.0,0,36,31.9,31.9,30,25,5
2025-03-10,R5,Campus Canteen,dinner,0,0,0,3,27.7,0.0,0,106,89.0,89.0,100,86,14
2025-03-10,R5,Campus Canteen,lunch,0,0,0,3,27.7,0.0,0,66,57.7,57.7,61,51,10
2025-03-11,R1,Spice Route Kitchen,dinner,1,0,0,3,25.9,0.7,0,61,60.4,60.4,60,49,11
2025-03-11,R1,Spice Route Kitchen,lunch,1,0,0,3,25.9,0.7,0,33,39.6,39.6,41,34,7
2025-03-11,R2,Green Leaf Cafe,dinner,1,0,0,3,25.5,2.3,0,33,37.7,37.7,37,32,5
2025-03-11,R2,Green Leaf Cafe,lunch,1,0,0,3,25.5,2.3,0,22,25.6,25.6,26,23,3
2025-03-11,R3,Coastal Kitchen,dinner,1,0,0,3,26.8,0.3,0,59,69.6,69.6,87,67,20
2025-03-11,R3,Coastal Kitchen,lunch,1,0,0,3,26.8,0.3,0,40,47.6,47.6,48,36,12
2025-03-11,R4,Urban Tandoor,dinner,1,0,0,3,22.9,0.0,1,44,49.0,49.0,63,54,9
2025-03-11,R4,Urban Tandoor,lunch,1,0,0,3,22.9,0.0,1,25,31.6,31.6,44,39,5
2025-03-11,R5,Campus Canteen,dinner,1,0,0,3,21.5,0.0,0,86,89.3,89.3,83,74,9
2025-03-11,R5,Campus Canteen,lunch,1,0,0,3,21.5,0.0,0,51,57.9,57.9,56,48,8
2025-03-12,R1,Spice Route Kitchen,dinner,2,0,0,3,21.5,2.4,0,49,60.6,60.6,66,54,12
2025-03-12,R1,Spice Route Kitchen,lunch,2,0,0,3,21.5,2.4,0,34,39.7,39.7,44,36,8
2025-03-12,R2,Green Leaf Cafe,dinner,2,0,0,3,20.6,0.0,0,32,37.6,37.6,37,30,7
2025-03-12,R2,Green Leaf Cafe,lunch,2,0,0,3,20.6,0.0,0,23,25.7,25.7,25,23,2
2025-03-12,R3,Coastal Kitchen,dinner,2,0,0,3,22.7,0.0,0,67,71.0,71.0,77,57,20
2025-03-12,R3,Coastal Kitchen,lunch,2,0,0,3,22.7,0.0,0,36,46.6,46.6,51,39,12
2025-03-12,R4,Urban Tandoor,dinner,2,0,0,3,21.8,1.1,0,54,50.9,50.9,45,38,7
2025-03-12,R4,Urban Tandoor,lunch,2,0,0,3,21.8,1.1,0,39,33.4,33.4,33,29,4
2025-03-12,R5,Campus Canteen,dinner,2,0,0,3,24.8,0.0,0,74,89.1,89.1,83,75,8
2025-03-12,R5,Campus Canteen,lunch,2,0,0,3,24.8,0.0,0,48,57.7,57.7,54,49,5
2025-03-13,R1,Spice Route Kitchen,dinner,3,0,0,3,25.3,0.0,1,54,60.9,60.9,101,81,20
2025-03-13,R1,Spice Route Kitchen,lunch,3,0,0,3,25.3,0.0,1,36,39.7,39.7,51,44,7
2025-03-13,R2,Green Leaf Cafe,dinner,3,0,0,3,23.2,0.0,0,30,36.7,36.7,41,34,7
2025-03-13,R2,Green Leaf Cafe,lunch,3,0,0,3,23.2,0.0,0,23,25.9,25.9,25,21,4
2025-03-13,R3,Coastal Kitchen,dinner,3,0,0,3,25.7,0.3,0,57,71.3,71.3,74,60,14
2025-03-13,R3,Coastal Kitchen,lunch,3,0,0,3,25.7,0.3,0,39,46.4,46.4,60,47,13
2025-03-13,R4,Urban Tandoor,dinner,3,0,0,3,22.4,5.9,0,38,49.9,49.9,55,45,10
2025-03-13,R4,Urban Tandoor,lunch,3,0,0,3,22.4,5.9,0,29,33.6,33.6,37,33,4
2025-03-13,R5,Campus Canteen,dinner,3,0,0,3,23.9,1.1,0,75,88.0,88.0,94,85,9
2025-03-13,R5,Campus Canteen,lunch,3,0,0,3,23.9,1.1,0,49,57.6,57.6,61,56,5
2025-03-14,R1,Spice Route Kitchen,dinner,4,0,1,3,22.1,0.0,0,81,64.4,64.4,103,86,17
2025-03-14,R1,Spice Route Kitchen,lunch,4,0,1,3,22.1,0.0,0,44,40.6,40.6,71,54,17
2025-03-14,R2,Green Leaf Cafe,dinner,4,0,1,3,23.7,4.7,0,34,37.1,37.1,64,55,9
2025-03-14,R2,Green Leaf Cafe,lunch,4,0,1,3,23.7,4.7,0,21,25.6,25.6,44,37,7
2025-03-14,R3,Coastal Kitchen,dinner,4,0,1,3,22.3,0.0,0,60,69.7,69.7,126,99,27
2025-03-14,R3,Coastal Kitchen,lunch,4,0,1,3,22.3,0.0,0,47,46.9,46.9,87,68,19
2025-03-14,R4,Urban Tandoor,dinner,4,0,1,3,25.1,0.0,0,45,49.7,49.7,72,60,12
2025-03-14,R4,Urban Tandoor,lunch,4,0,1,3,25.1,0.0,0,33,34.0,34.0,52,44,8
2025-03-14,R5,Campus Canteen,dinner,4,0,1,3,22.6,0.0,0,85,89.4,89.4,133,115,18
2025-03-14,R5,Campus Canteen,lunch,4,0,1,3,22.6,0.0,0,56,57.7,57.7,102,92,10
2025-03-15,R1,Spice Route Kitchen,dinner,5,1,0,3,24.7,0.0,0,86,67.1,67.1,96,78,18
2025-03-15,R1,Spice Route Kitchen,lunch,5,1,0,3,24.7,0.0,0,54,41.6,41.6,60,50,10
2025-03-15,R2,Green Leaf Cafe,dinner,5,1,0,3,23.3,6.1,0,55,38.9,38.9,54,48,6
2025-03-15,R2,Green Leaf Cafe,lunch,5,1,0,3,23.3,6.1,0,37,26.6,26.6,36,31,5
2025-03-15,R3,Coastal Kitchen,dinner,5,1,0,3,23.9,6.2,0,99,72.0,72.0,120,94,26
2025-03-15,R3,Coastal Kitchen,lunch,5,1,0,3,23.9,6.2,0,68,48.7,48.7,73,59,14
2025-03-15,R4,Urban Tandoor,dinner,5,1,0,3,23.2,1.8,0,60,50.9,50.9,72,61,11
2025-03-15,R4,Urban Tandoor,lunch,5,1,0,3,23.2,1.8,0,44,34.9,34.9,46,39,7
2025-03-15,R5,Campus Canteen,dinner,5,1,0,3,22.8,1.3,0,115,92.0,92.0,128,118,10
2025-03-15,R5,Campus Canteen,lunch,5,1,0,3,22.8,1.3,0,92,62.0,62.0,86,78,8
2025-03-16,R1,Spice Route Kitchen,dinner,6,1,0,3,25.2,0.0,0,78,68.0,68.0,82,65,17
2025-03-16,R1,Spice Route Kitchen,lunch,6,1,0,3,25.2,0.0,0,50,42.6,42.6,59,50,9
2025-03-16,R2,Green Leaf Cafe,dinner,6,1,0,3,24.5,0.0,0,48,39.3,39.3,45,39,6
2025-03-16,R2,Green Leaf Cafe,lunch,6,1,0,3,24.5,0.0,0,31,26.4,26.4,32,29,3
2025-03-16,R3,Coastal Kitchen,dinner,6,1,0,3,26.0,0.0,0,94,72.7,72.7,107,84,23
2025-03-16,R3,Coastal Kitchen,lunch,6,1,0,3,26.0,0.0,0,59,49.0,49.0,70,55,15
2025-03-16,R4,Urban Tandoor,dinner,6,1,0,3,21.0,2.1,0,61,51.7,51.7,65,55,10
2025-03-16,R4,Urban Tandoor,lunch,6,1,0,3,21.0,2.1,0,39,35.0,35.0,38,33,5
2025-03-16,R5,Campus Canteen,dinner,6,1,0,3,23.3,4.6,0,118,94.1,94.1,121,102,19
2025-03-16,R5,Campus Canteen,lunch,6,1,0,3,23.3,4.6,0,78,62.9,62.9,85,76,9
2025-03-17,R1,Spice Route Kitchen,dinner,0,0,0,3,23.7,4.6,0,65,67.7,67.7,68,53,15
2025-03-17,R1,Spice Route Kitchen,lunch,0,0,0,3,23.7,4.6,0,50,43.0,43.0,47,38,9
2025-03-17,R2,Green Leaf Cafe,dinner,0,0,0,3,25.1,2.0,0,39,38.7,38.7,41,37,4
2025-03-17,R2,Green Leaf Cafe,lunch,0,0,0,3,25.1,2.0,0,29,26.6,26.6,22,20,2
2025-03-17,R3,Coastal Kitchen,dinner,0,0,0,3,25.6,0.0,0,84,74.3,74.3,74,57,17
2025-03-17,R3,Coastal Kitchen,lunch,0,0,0,3,25.6,0.0,0,55,49.1,49.1,51,39,12
2025-03-17,R4,Urban Tandoor,dinner,0,0,0,3,19.8,0.0,0,55,51.0,51.0,53,44,9
2025-03-17,R4,Urban Tandoor,lunch,0,0,0,3,19.8,0.0,0,33,34.6,34.6,32,27,5
2025-03-17,R5,Campus Canteen,dinner,0,0,0,3,21.1,0.0,0,102,93.6,93.6,91,80,11
2025-03-17,R5,Campus Canteen,lunch,0,0,0,3,21.1,0.0,0,76,64.3,64.3,58,54,4
2025-03-18,R1,Spice Route Kitchen,dinner,1,0,0,3,23.5,0.0,0,53,66.6,66.6,64,53,11
2025-03-18,R1,Spice Route Kitchen,lunch,1,0,0,3,23.5,0.0,0,38,43.7,43.7,41,35,6
2025-03-18,R2,Green Leaf Cafe,dinner,1,0,0,3,25.5,0.0,0,37,39.3,39.3,37,33,4
2025-03-18,R2,Green Leaf Cafe,lunch,1,0,0,3,25.5,0.0,0,20,26.3,26.3,24,21,3
2025-03-18,R3,Coastal Kitchen,dinner,1,0,0,3,24.3,0.0,0,57,74.0,74.0,74,59,15
2025-03-18,R3,Coastal Kitchen,lunch,1,0,0,3,24.3,0.0,0,39,49.0,49.0,51,40,11
2025-03-18,R4,Urban Tandoor,dinner,1,0,0,3,26.3,0.0,0,44,51.0,51.0,43,39,4
2025-03-18,R4,Urban Tandoor,lunch,1,0,0,3,26.3,0.0,0,27,34.9,34.9,36,28,8
2025-03-18,R5,Campus Canteen,dinner,1,0,0,3,28.3,3.5,0,80,92.7,92.7,80,74,6
2025-03-18,R5,Campus Canteen,lunch,1,0,0,3,28.3,3.5,0,54,64.7,64.7,62,55,7
2025-03-19,R1,Spice Route Kitchen,dinner,2,0,0,3,26.7,0.0,0,53,67.1,67.1,65,54,11
2025-03-19,R1,Spice Route Kitchen,lunch,2,0,0,3,26.7,0.0,0,35,43.9,43.9,38,32,6
2025-03-19,R2,Green Leaf Cafe,dinner,2,0,0,3,22.3,1.2,0,33,39.4,39.4,43,36,7
2025-03-19,R2,Green Leaf Cafe,lunch,2,0,0,3,22.3,1.2,0,21,26.0,26.0,28,23,5
2025-03-19,R3,Coastal Kitchen,dinner,2,0,0,3,29.1,3.6,0,59,72.9,72.9,67,52,15
2025-03-19,R3,Coastal Kitchen,lunch,2,0,0,3,29.1,3.6,0,40,49.6,49.6,54,44,10
2025-03-19,R4,Urban Tandoor,dinner,2,0,0,3,24.4,0.0,0,39,48.9,48.9,49,41,8
2025-03-19,R4,Urban Tandoor,lunch,2,0,0,3,24.4,0.0,0,28,33.3,33.3,35,30,5
2025-03-19,R5,Campus Canteen,dinner,2,0,0,3,23.3,0.3,0,74,92.7,92.7,89,78,11
2025-03-19,R5,Campus Canteen,lunch,2,0,0,3,23.3,0.3,0,55,65.7,65.7,51,45,6
2025-03-20,R1,Spice Route Kitchen,dinner,3,0,0,3,24.1,0.0,0,54,67.1,67.1,71,57,14
2025-03-20,R1,Spice Route Kitchen,lunch,3,0,0,3,24.1,0.0,0,32,43.3,43.3,43,35,8
2025-03-20,R2,Green Leaf Cafe,dinner,3,0,0,3,24.4,0.0,0,36,40.3,40.3,38,33,5
2025-03-20,R2,Green Leaf Cafe,lunch,3,0,0,3,24.4,0.0,0,23,26.0,26.0,28,25,3
2025-03-20,R3,Coastal Kitchen,dinner,3,0,0,3,21.8,0.0,0,52,72.1,72.1,85,66,19
2025-03-20,R3,Coastal Kitchen,lunch,3,0,0,3,21.8,0.0,0,44,50.3,50.3,57,45,12
2025-03-20,R4,Urban Tandoor,dinner,3,0,0,3,24.1,0.0,0,41,49.3,49.3,48,43,5
2025-03-20,R4,Urban Tandoor,lunch,3,0,0,3,24.1,0.0,0,30,33.4,33.4,38,31,7
2025-03-20,R5,Campus Canteen,dinner,3,0,0,3,27.9,1.0,0,78,93.1,93.1,89,77,12
2025-03-20,R5,Campus Canteen,lunch,3,0,0,3,27.9,1.0,0,45,65.1,65.1,55,48,7
2025-03-21,R1,Spice Route Kitchen,dinner,4,0,0,3,25.9,1.3,0,57,63.7,63.7,74,63,11
2025-03-21,R1,Spice Route Kitchen,lunch,4,0,0,3,25.9,1.3,0,35,42.0,42.0,53,43,10
2025-03-21,R2,Green Leaf Cafe,dinner,4,0,0,3,22.6,0.0,0,33,40.1,40.1,46,39,7
2025-03-21,R2,Green Leaf Cafe,lunch,4,0,0,3,22.6,0.0,0,25,26.6,26.6,29,26,3
2025-03-21,R3,Coastal Kitchen,dinner,4,0,0,3,25.5,0.0,0,66,73.0,73.0,96,72,24
2025-03-21,R3,Coastal Kitchen,lunch,4,0,0,3,25.5,0.0,0,45,50.0,50.0,69,50,19
2025-03-21,R4,Urban Tandoor,dinner,4,0,0,3,24.5,0.0,1,43,49.0,49.0,74,66,8
2025-03-21,R4,Urban Tandoor,lunch,4,0,0,3,24.5,0.0,1,31,33.1,33.1,53,45,8
2025-03-21,R5,Campus Canteen,dinner,4,0,0,3,27.6,0.0,0,77,92.0,92.0,92,84,8
2025-03-21,R5,Campus Canteen,lunch,4,0,0,3,27.6,0.0,0,48,64.0,64.0,80,69,11
2025-03-22,R1,Spice Route Kitchen,dinner,5,1,0,3,22.5,0.0,0,63,60.4,60.4,89,71,18
2025-03-22,R1,Spice Route Kitchen,lunch,5,1,0,3,22.5,0.0,0,43,40.4,40.4,62,50,12
2025-03-22,R2,Green Leaf Cafe,dinner,5,1,0,3,24.5,0.0,0,39,37.9,37.9,56,48,8
2025-03-22,R2,Green Leaf Cafe,lunch,5,1,0,3,24.5,0.0,0,26,25.0,25.0,35,31,4
2025-03-22,R3,Coastal Kitchen,dinner,5,1,0,3,24.8,0.0,1,72,69.1,69.1,128,95,33
2025-03-22,R3,Coastal Kitchen,lunch,5,1,0,3,24.8,0.0,1,50,47.4,47.4,91,76,15
2025-03-22,R4,Urban Tandoor,dinner,5,1,0,3,27.4,0.0,1,66,49.9,49.9,99,83,16
2025-03-22,R4,Urban Tandoor,lunch,5,1,0,3,27.4,0.0,1,45,33.3,33.3,67,56,11
2025-03-22,R5,Campus Canteen,dinner,5,1,0,3,22.4,2.0,0,84,87.6,87.6,129,114,15
2025-03-22,R5,Campus Canteen,lunch,5,1,0,3,22.4,2.0,0,69,60.7,60.7,68,61,7
2025-03-23,R1,Spice Route Kitchen,dinner,6,1,0,3,26.6,0.0,0,71,59.4,59.4,76,62,14
2025-03-23,R1,Spice Route Kitchen,lunch,6,1,0,3,26.6,0.0,0,50,40.4,40.4,58,47,11
2025-03-23,R2,Green Leaf Cafe,dinner,6,1,0,3,24.8,0.6,0,48,37.9,37.9,52,44,8
2025-03-23,R2,Green Leaf Cafe,lunch,6,1,0,3,24.8,0.6,0,31,25.0,25.0,32,27,5
2025-03-23,R3,Coastal Kitchen,dinner,6,1,0,3,27.6,6.1,0,95,69.3,69.3,100,79,21
2025-03-23,R3,Coastal Kitchen,lunch,6,1,0,3,27.6,6.1,0,76,49.9,49.9,63,49,14
2025-03-23,R4,Urban Tandoor,dinner,6,1,0,3,26.6,4.5,0,83,53.0,53.0,65,56,9
2025-03-23,R4,Urban Tandoor,lunch,6,1,0,3,26.6,4.5,0,56,35.7,35.7,37,32,5
2025-03-23,R5,Campus Canteen,dinner,6,1,0,3,25.4,0.0,0,114,87.0,87.0,120,105,15
2025-03-23,R5,Campus Canteen,lunch,6,1,0,3,25.4,0.0,0,61,58.3,58.3,75,67,8
2025-03-24,R1,Spice Route Kitchen,dinner,0,0,0,3,25.8,0.0,0,62,59.0,59.0,68,56,12
2025-03-24,R1,Spice Route Kitchen,lunch,0,0,0,3,25.8,0.0,0,47,40.0,40.0,40,32,8
2025-03-24,R2,Green Leaf Cafe,dinner,0,0,0,3,25.8,0.5,0,44,38.6,38.6,39,33,6
2025-03-24,R2,Green Leaf Cafe,lunch,0,0,0,3,25.8,0.5,0,27,24.7,24.7,28,23,5
2025-03-24,R3,Coastal Kitchen,dinner,0,0,0,3,28.6,7.1,0,79,68.6,68.6,86,66,20
2025-03-24,R3,Coastal Kitchen,lunch,0,0,0,3,28.6,7.1,0,49,49.0,49.0,51,40,11
2025-03-24,R4,Urban Tandoor,dinner,0,0,0,3,28.5,0.2,0,56,53.1,53.1,51,42,9
2025-03-24,R4,Urban Tandoor,lunch,0,0,0,3,28.5,0.2,0,32,35.6,35.6,35,29,6
2025-03-24,R5,Campus Canteen,dinner,0,0,0,3,25.5,3.7,0,105,87.4,87.4,89,78,11
2025-03-24,R5,Campus Canteen,lunch,0,0,0,3,25.5,3.7,0,67,57.0,57.0,53,47,6
2025-03-25,R1,Spice Route Kitchen,dinner,1,0,0,3,26.2,0.0,0,56,59.4,59.4,69,53,16
2025-03-25,R1,Spice Route Kitchen,lunch,1,0,0,3,26.2,0.0,0,32,39.1,39.1,40,34,6
2025-03-25,R2,Green Leaf Cafe,dinner,1,0,0,3,25.9,2.3,0,33,38.0,38.0,42,34,8
2025-03-25,R2,Green Leaf Cafe,lunch,1,0,0,3,25.9,2.3,0,23,25.1,25.1,25,22,3
2025-03-25,R3,Coastal Kitchen,dinner,1,0,0,3,24.9,1.8,0,66,69.9,69.9,82,63,19
2025-03-25,R3,Coastal Kitchen,lunch,1,0,0,3,24.9,1.8,0,40,49.1,49.1,50,40,10
2025-03-25,R4,Urban Tandoor,dinner,1,0,0,3,22.5,0.0,0,42,52.9,52.9,41,37,4
2025-03-25,R4,Urban Tandoor,lunch,1,0,0,3,22.5,0.0,0,29,35.9,35.9,33,27,6
2025-03-25,R5,Campus Canteen,dinner,1,0,0,3,22.9,5.8,0,78,87.1,87.1,87,80,7
2025-03-25,R5,Campus Canteen,lunch,1,0,0,3,22.9,5.8,0,47,56.0,56.0,54,50,4
2025-03-26,R1,Spice Route Kitchen,dinner,2,0,0,3,23.3,0.0,0,53,59.4,59.4,69,54,15
2025-03-26,R1,Spice Route Kitchen,lunch,2,0,0,3,23.3,0.0,0,34,39.0,39.0,46,39,7
2025-03-26,R2,Green Leaf Cafe,dinner,2,0,0,3,24.9,0.6,0,34,38.1,38.1,36,32,4
2025-03-26,R2,Green Leaf Cafe,lunch,2,0,0,3,24.9,0.6,0,22,25.3,25.3,26,22,4
2025-03-26,R3,Coastal Kitchen,dinner,2,0,0,3,27.9,0.0,0,63,70.4,70.4,74,58,16
2025-03-26,R3,Coastal Kitchen,lunch,2,0,0,3,27.9,0.0,0,40,49.1,49.1,50,38,12
2025-03-26,R4,Urban Tandoor,dinner,2,0,0,3,27.2,3.0,0,37,52.6,52.6,46,40,6
2025-03-26,R4,Urban Tandoor,lunch,2,0,0,3,27.2,3.0,0,27,35.7,35.7,34,29,5
2025-03-26,R5,Campus Canteen,dinner,2,0,0,3,30.2,0.0,0,80,88.0,88.0,84,75,9
2025-03-26,R5,Campus Canteen,lunch,2,0,0,3,30.2,0.0,0,50,55.3,55.3,60,52,8
2025-03-27,R1,Spice Route Kitchen,dinner,3,0,0,3,22.5,0.0,0,54,59.4,59.4,65,56,9
2025-03-27,R1,Spice Route Kitchen,lunch,3,0,0,3,22.5,0.0,0,39,40.0,40.0,45,36,9
2025-03-27,R2,Green Leaf Cafe,dinner,3,0,0,3,22.6,0.0,0,32,37.6,37.6,37,34,3
2025-03-27,R2,Green Leaf Cafe,lunch,3,0,0,3,22.6,0.0,0,22,25.1,25.1,30,24,6
2025-03-27,R3,Coastal Kitchen,dinner,3,0,0,3,25.8,0.8,0,58,71.3,71.3,81,63,18
2025-03-27,R3,Coastal Kitchen,lunch,3,0,0,3,25.8,0.8,0,38,48.3,48.3,56,42,14
2025-03-27,R4,Urban Tandoor,dinner,3,0,0,3,26.2,3.1,0,40,52.4,52.4,53,45,8
2025-03-27,R4,Urban Tandoor,lunch,3,0,0,3,26.2,3.1,0,29,35.6,35.6,34,29,5
2025-03-27,R5,Campus Canteen,dinner,3,0,0,3,27.4,2.4,0,75,87.6,87.6,96,88,8
2025-03-27,R5,Campus Canteen,lunch,3,0,0,3,27.4,2.4,0,52,56.3,56.3,59,53,6
2025-03-28,R1,Spice Route Kitchen,dinner,4,0,0,3,27.0,0.0,0,56,59.3,59.3,84,68,16
2025-03-28,R1,Spice Route Kitchen,lunch,4,0,0,3,27.0,0.0,0,36,40.1,40.1,50,42,8
2025-03-28,R2,Green Leaf Cafe,dinner,4,0,0,3,27.8,0.0,0,34,37.7,37.7,48,41,7
2025-03-28,R2,Green Leaf Cafe,lunch,4,0,0,3,27.8,0.0,0,24,25.0,25.0,31,27,4
2025-03-28,R3,Coastal Kitchen,dinner,4,0,0,3,26.3,0.0,0,63,70.9,70.9,91,71,20
2025-03-28,R3,Coastal Kitchen,lunch,4,0,0,3,26.3,0.0,0,42,47.9,47.9,68,50,18
2025-03-28,R4,Urban Tandoor,dinner,4,0,0,3,24.9,4.1,0,45,52.7,52.7,59,50,9
2025-03-28,R4,Urban Tandoor,lunch,4,0,0,3,24.9,4.1,0,29,35.3,35.3,38,34,4
2025-03-28,R5,Campus Canteen,dinner,4,0,0,3,27.1,0.0,0,88,89.1,89.1,107,95,12
2025-03-28,R5,Campus Canteen,lunch,4,0,0,3,27.1,0.0,0,53,57.0,57.0,71,65,6
2025-03-29,R1,Spice Route Kitchen,dinner,5,1,0,3,27.0,0.0,0,68,60.0,60.0,84,68,16
2025-03-29,R1,Spice Route Kitchen,lunch,5,1,0,3,27.0,0.0,0,42,40.0,40.0,57,46,11
2025-03-29,R2,Green Leaf Cafe,dinner,5,1,0,3,25.7,0.0,0,41,38.0,38.0,52,48,4
2025-03-29,R2,Green Leaf Cafe,lunch,5,1,0,3,25.7,0.0,0,27,25.1,25.1,34,31,3
2025-03-29,R3,Coastal Kitchen,dinner,5,1,0,3,23.4,3.2,0,71,70.7,70.7,100,80,20
2025-03-29,R3,Coastal Kitchen,lunch,5,1,0,3,23.4,3.2,0,50,47.9,47.9,71,54,17
2025-03-29,R4,Urban Tandoor,dinner,5,1,0,3,26.8,2.2,0,50,50.4,50.4,60,53,7
2025-03-29,R4,Urban Tandoor,lunch,5,1,0,3,26.8,2.2,0,34,33.7,33.7,51,44,7
2025-03-29,R5,Campus Canteen,dinner,5,1,0,3,25.9,5.1,0,95,90.7,90.7,123,104,19
2025-03-29,R5,Campus Canteen,lunch,5,1,0,3,25.9,5.1,0,65,56.4,56.4,81,74,7
2025-03-30,R1,Spice Route Kitchen,dinner,6,1,0,3,24.7,0.0,0,68,59.6,59.6,90,74,16
2025-03-30,R1,Spice Route Kitchen,lunch,6,1,0,3,24.7,0.0,0,46,39.4,39.4,55,46,9
2025-03-30,R2,Green Leaf Cafe,dinner,6,1,0,3,25.4,2.7,0,48,38.0,38.0,55,46,9
2025-03-30,R2,Green Leaf Cafe,lunch,6,1,0,3,25.4,2.7,0,31,25.1,25.1,34,30,4
2025-03-30,R3,Coastal Kitchen,dinner,6,1,0,3,23.4,0.0,0,80,68.6,68.6,100,75,25
2025-03-30,R3,Coastal Kitchen,lunch,6,1,0,3,23.4,0.0,0,54,44.7,44.7,67,50,17
2025-03-30,R4,Urban Tandoor,dinner,6,1,0,3,24.9,0.0,0,53,46.1,46.1,70,56,14
2025-03-30,R4,Urban Tandoor,lunch,6,1,0,3,24.9,0.0,0,44,32.0,32.0,48,39,9
2025-03-30,R5,Campus Canteen,dinner,6,1,0,3,24.3,0.7,0,104,89.3,89.3,106,96,10
2025-03-30,R5,Campus Canteen,lunch,6,1,0,3,24.3,0.7,0,74,58.3,58.3,72,66,6
2025-03-31,R1,Spice Route Kitchen,dinner,0,0,0,3,26.6,1.2,0,74,61.3,61.3,65,51,14
2025-03-31,R1,Spice Route Kitchen,lunch,0,0,0,3,26.6,1.2,0,46,39.3,39.3,43,36,7
2025-03-31,R2,Green Leaf Cafe,dinner,0,0,0,3,27.4,3.2,0,46,38.3,38.3,40,34,6
2025-03-31,R2,Green Leaf Cafe,lunch,0,0,0,3,27.4,3.2,0,30,25.6,25.6,24,21,3
2025-03-31,R3,Coastal Kitchen,dinner,0,0,0,3,24.4,0.5,0,75,68.0,68.0,78,59,19
2025-03-31,R3,Coastal Kitchen,lunch,0,0,0,3,24.4,0.5,0,50,44.9,44.9,61,46,15
2025-03-31,R4,Urban Tandoor,dinner,0,0,0,3,25.8,0.0,0,56,46.1,46.1,50,43,7
2025-03-31,R4,Urban Tandoor,lunch,0,0,0,3,25.8,0.0,0,39,33.0,33.0,28,25,3
2025-03-31,R5,Campus Canteen,dinner,0,0,0,3,25.1,4.4,0,96,88.0,88.0,89,80,9
2025-03-31,R5,Campus Canteen,lunch,0,0,0,3,25.1,4.4,0,66,58.1,58.1,56,50,6
2025-04-01,R1,Spice Route Kitchen,dinner,1,0,0,4,24.6,0.0,0,51,60.6,60.6,55,45,10
2025-04-01,R1,Spice Route Kitchen,lunch,1,0,0,4,24.6,0.0,0,36,39.9,39.9,48,39,9
2025-04-01,R2,Green Leaf Cafe,dinner,1,0,0,4,28.8,0.0,0,34,38.4,38.4,33,29,4
2025-04-01,R2,Green Leaf Cafe,lunch,1,0,0,4,28.8,0.0,0,21,25.3,25.3,25,22,3
2025-04-01,R3,Coastal Kitchen,dinner,1,0,0,4,30.9,0.0,0,59,67.0,67.0,73,58,15
2025-04-01,R3,Coastal Kitchen,lunch,1,0,0,4,30.9,0.0,0,46,45.7,45.7,50,39,11
2025-04-01,R4,Urban Tandoor,dinner,1,0,0,4,26.3,0.0,0,43,46.3,46.3,44,38,6
2025-04-01,R4,Urban Tandoor,lunch,1,0,0,4,26.3,0.0,0,25,32.4,32.4,34,29,5
2025-04-01,R5,Campus Canteen,dinner,1,0,0,4,28.5,0.0,0,80,88.3,88.3,78,72,6
2025-04-01,R5,Campus Canteen,lunch,1,0,0,4,28.5,0.0,0,50,58.6,58.6,56,50,6
2025-04-02,R1,Spice Route Kitchen,dinner,2,0,0,4,26.3,0.0,0,45,59.4,59.4,60,48,12
2025-04-02,R1,Spice Route Kitchen,lunch,2,0,0,4,26.3,0.0,0,39,40.6,40.6,45,37,8
2025-04-02,R2,Green Leaf Cafe,dinner,2,0,0,4,23.1,0.0,0,29,37.7,37.7,38,33,5
2025-04-02,R2,Green Leaf Cafe,lunch,2,0,0,4,23.1,0.0,0,22,25.3,25.3,27,25,2
2025-04-02,R3,Coastal Kitchen,dinner,2,0,0,4,29.6,0.0,1,58,66.3,66.3,97,78,19
2025-04-02,R3,Coastal Kitchen,lunch,2,0,0,4,29.6,0.0,1,39,45.6,45.6,76,59,17
2025-04-02,R4,Urban Tandoor,dinner,2,0,0,4,25.2,1.6,0,38,46.4,46.4,43,36,7
2025-04-02,R4,Urban Tandoor,lunch,2,0,0,4,25.2,1.6,0,29,32.7,32.7,33,29,4
2025-04-02,R5,Campus Canteen,dinner,2,0,0,4,23.5,0.0,0,72,87.1,87.1,82,74,8
2025-04-02,R5,Campus Canteen,lunch,2,0,0,4,23.5,0.0,0,50,58.6,58.6,52,49,3
2025-04-03,R1,Spice Route Kitchen,dinner,3,0,0,4,31.1,0.9,0,48,58.6,58.6,61,50,11
2025-04-03,R1,Spice Route Kitchen,lunch,3,0,0,4,31.1,0.9,0,37,40.3,40.3,45,37,8
2025-04-03,R2,Green Leaf Cafe,dinner,3,0,0,4,30.6,0.0,0,33,37.9,37.9,40,36,4
2025-04-03,R2,Green Leaf Cafe,lunch,3,0,0,4,30.6,0.0,0,25,25.7,25.7,29,25,4
2025-04-03,R3,Coastal Kitchen,dinner,3,0,0,4,26.5,0.0,0,78,69.1,69.1,84,64,20
2025-04-03,R3,Coastal Kitchen,lunch,3,0,0,4,26.5,0.0,0,59,48.6,48.6,52,39,13
2025-04-03,R4,Urban Tandoor,dinner,3,0,0,4,25.2,2.5,0,36,45.9,45.9,60,50,10
2025-04-03,R4,Urban Tandoor,lunch,3,0,0,4,25.2,2.5,0,29,32.7,32.7,32,27,5
2025-04-03,R5,Campus Canteen,dinner,3,0,0,4,26.3,0.0,0,74,87.0,87.0,80,74,6
2025-04-03,R5,Campus Canteen,lunch,3,0,0,4,26.3,0.0,0,49,58.1,58.1,69,58,11
2025-04-04,R1,Spice Route Kitchen,dinner,4,0,0,4,26.4,5.9,0,50,57.7,57.7,84,68,16
2025-04-04,R1,Spice Route Kitchen,lunch,4,0,0,4,26.4,5.9,0,37,40.4,40.4,57,48,9
2025-04-04,R2,Green Leaf Cafe,dinner,4,0,0,4,26.8,0.0,0,36,38.1,38.1,46,41,5
2025-04-04,R2,Green Leaf Cafe,lunch,4,0,0,4,26.8,0.0,0,25,25.9,25.9,33,29,4
2025-04-04,R3,Coastal Kitchen,dinner,4,0,0,4,30.0,0.0,0,64,69.3,69.3,96,75,21
2025-04-04,R3,Coastal Kitchen,lunch,4,0,0,4,30.0,0.0,0,39,48.1,48.1,63,49,14
2025-04-04,R4,Urban Tandoor,dinner,4,0,0,4,27.4,1.5,0,50,46.6,46.6,70,57,13
2025-04-04,R4,Urban Tandoor,lunch,4,0,0,4,27.4,1.5,0,27,32.4,32.4,35,32,3
2025-04-04,R5,Campus Canteen,dinner,4,0,0,4,28.6,0.0,0,74,85.0,85.0,119,103,16
2025-04-04,R5,Campus Canteen,lunch,4,0,0,4,28.6,0.0,0,58,58.9,58.9,76,65,11
2025-04-05,R1,Spice Route Kitchen,dinner,5,1,0,4,25.6,0.9,0,68,57.7,57.7,88,74,14
2025-04-05,R1,Spice Route Kitchen,lunch,5,1,0,4,25.6,0.9,0,48,41.3,41.3,56,48,8
2025-04-05,R2,Green Leaf Cafe,dinner,5,1,0,4,26.9,1.3,0,41,38.1,38.1,54,47,7
2025-04-05,R2,Green Leaf Cafe,lunch,5,1,0,4,26.9,1.3,0,29,26.1,26.1,29,26,3
2025-04-05,R3,Coastal Kitchen,dinner,5,1,0,4,23.3,0.0,0,75,69.9,69.9,127,96,31
2025-04-05,R3,Coastal Kitchen,lunch,5,1,0,4,23.3,0.0,0,49,48.0,48.0,78,58,20
2025-04-05,R4,Urban Tandoor,dinner,5,1,0,4,28.1,0.8,0,57,47.6,47.6,68,59,9
2025-04-05,R4,Urban Tandoor,lunch,5,1,0,4,28.1,0.8,0,32,32.1,32.1,48,38,10
2025-04-05,R5,Campus Canteen,dinner,5,1,0,4,26.5,0.1,0,103,86.1,86.1,126,114,12
2025-04-05,R5,Campus Canteen,lunch,5,1,0,4,26.5,0.1,0,65,58.9,58.9,77,66,11
2025-04-06,R1,Spice Route Kitchen,dinner,6,1,0,4,26.8,0.2,0,74,58.6,58.6,75,66,9
2025-04-06,R1,Spice Route Kitchen,lunch,6,1,0,4,26.8,0.2,0,48,41.6,41.6,51,41,10
2025-04-06,R2,Green Leaf Cafe,dinner,6,1,0,4,28.3,1.2,0,47,38.0,38.0,52,46,6
2025-04-06,R2,Green Leaf Cafe,lunch,6,1,0,4,28.3,1.2,0,26,25.4,25.4,32,28,4
2025-04-06,R3,Coastal Kitchen,dinner,6,1,0,4,30.3,2.7,0,96,72.1,72.1,107,83,24
2025-04-06,R3,Coastal Kitchen,lunch,6,1,0,4,30.3,2.7,0,58,48.6,48.6,78,59,19
2025-04-06,R4,Urban Tandoor,dinner,6,1,0,4,24.0,4.5,1,59,48.4,48.4,79,67,12
2025-04-06,R4,Urban Tandoor,lunch,6,1,0,4,24.0,4.5,1,38,31.3,31.3,50,43,7
2025-04-06,R5,Campus Canteen,dinner,6,1,0,4,30.1,0.0,0,114,87.6,87.6,112,100,12
2025-04-06,R5,Campus Canteen,lunch,6,1,0,4,30.1,0.0,0,66,57.7,57.7,77,71,6
2025-04-07,R1,Spice Route Kitchen,dinner,0,0,0,4,29.2,1.2,0,66,57.4,57.4,70,54,16
2025-04-07,R1,Spice Route Kitchen,lunch,0,0,0,4,29.2,1.2,0,41,40.9,40.9,40,32,8
2025-04-07,R2,Green Leaf Cafe,dinner,0,0,0,4,27.5,1.0,0,46,38.0,38.0,41,36,5
2025-04-07,R2,Green Leaf Cafe,lunch,0,0,0,4,27.5,1.0,0,28,25.1,25.1,26,22,4
2025-04-07,R3,Coastal Kitchen,dinner,0,0,0,4,27.6,0.0,0,83,73.3,73.3,71,52,19
2025-04-07,R3,Coastal Kitchen,lunch,0,0,0,4,27.6,0.0,0,59,49.9,49.9,50,39,11
2025-04-07,R4,Urban Tandoor,dinner,0,0,0,4,28.1,0.0,0,67,50.0,50.0,52,41,11
2025-04-07,R4,Urban Tandoor,lunch,0,0,0,4,28.1,0.0,0,43,31.9,31.9,34,28,6
2025-04-07,R5,Campus Canteen,dinner,0,0,0,4,28.4,2.9,0,100,88.1,88.1,84,79,5
2025-04-07,R5,Campus Canteen,lunch,0,0,0,4,28.4,2.9,0,71,58.4,58.4,58,53,5
2025-04-08,R1,Spice Route Kitchen,dinner,1,0,0,4,28.7,1.6,0,54,57.9,57.9,66,55,11
2025-04-08,R1,Spice Route Kitchen,lunch,1,0,0,4,28.7,1.6,0,32,40.3,40.3,45,36,9
2025-04-08,R2,Green Leaf Cafe,dinner,1,0,0,4,27.4,0.0,0,36,38.3,38.3,37,33,4
2025-04-08,R2,Green Leaf Cafe,lunch,1,0,0,4,27.4,0.0,0,22,25.3,25.3,26,23,3
2025-04-08,R3,Coastal Kitchen,dinner,1,0,0,4,27.4,1.8,0,52,72.3,72.3,77,55,22
2025-04-08,R3,Coastal Kitchen,lunch,1,0,0,4,27.4,1.8,0,39,48.9,48.9,55,40,15
2025-04-08,R4,Urban Tandoor,dinner,1,0,0,4,26.7,0.0,0,41,49.7,49.7,46,41,5
2025-04-08,R4,Urban Tandoor,lunch,1,0,0,4,26.7,0.0,0,28,32.3,32.3,30,27,3
2025-04-08,R5,Campus Canteen,dinner,1,0,0,4,31.0,0.0,1,79,88.0,88.0,113,102,11
2025-04-08,R5,Campus Canteen,lunch,1,0,0,4,31.0,0.0,1,53,58.9,58.9,69,63,6
2025-04-09,R1,Spice Route Kitchen,dinner,2,0,0,4,27.1,0.0,0,55,59.3,59.3,64,52,12
2025-04-09,R1,Spice Route Kitchen,lunch,2,0,0,4,27.1,0.0,0,36,39.9,39.9,46,39,7
2025-04-09,R2,Green Leaf Cafe,dinner,2,0,0,4,26.1,6.8,0,33,38.9,38.9,40,34,6
2025-04-09,R2,Green Leaf Cafe,lunch,2,0,0,4,26.1,6.8,0,23,25.4,25.4,26,21,5
2025-04-09,R3,Coastal Kitchen,dinner,2,0,0,4,30.2,1.0,0,55,71.9,71.9,82,67,15
2025-04-09,R3,Coastal Kitchen,lunch,2,0,0,4,30.2,1.0,0,40,49.0,49.0,49,38,11
2025-04-09,R4,Urban Tandoor,dinner,2,0,0,4,28.3,0.0,0,41,50.1,50.1,46,39,7
2025-04-09,R4,Urban Tandoor,lunch,2,0,0,4,28.3,0.0,0,27,32.0,32.0,36,29,7
2025-04-09,R5,Campus Canteen,dinner,2,0,0,4,30.3,1.1,0,102,92.3,92.3,89,82,7
2025-04-09,R5,Campus Canteen,lunch,2,0,0,4,30.3,1.1,0,63,60.7,60.7,60,52,8
2025-04-10,R1,Spice Route Kitchen,dinner,3,0,0,4,27.7,3.3,0,52,59.9,59.9,56,48,8
2025-04-10,R1,Spice Route Kitchen,lunch,3,0,0,4,27.7,3.3,0,39,40.1,40.1,42,35,7
2025-04-10,R2,Green Leaf Cafe,dinner,3,0,0,4,27.9,0.0,0,34,39.0,39.0,43,36,7
2025-04-10,R2,Green Leaf Cafe,lunch,3,0,0,4,27.9,0.0,0,21,24.9,24.9,24,21,3
2025-04-10,R3,Coastal Kitchen,dinner,3,0,0,4,29.3,2.0,0,67,70.3,70.3,79,62,17
2025-04-10,R3,Coastal Kitchen,lunch,3,0,0,4,29.3,2.0,0,38,46.0,46.0,53,39,14
2025-04-10,R4,Urban Tandoor,dinner,3,0,0,4,26.7,0.0,0,39,50.6,50.6,59,50,9
2025-04-10,R4,Urban Tandoor,lunch,3,0,0,4,26.7,0.0,0,29,32.0,32.0,36,31,5
2025-04-10,R5,Campus Canteen,dinner,3,0,0,4,26.8,1.8,0,82,93.4,93.4,90,77,13
2025-04-10,R5,Campus Canteen,lunch,3,0,0,4,26.8,1.8,0,52,61.1,61.1,58,51,7
2025-04-11,R1,Spice Route Kitchen,dinner,4,0,0,4,26.5,0.0,0,48,59.6,59.6,82,65,17
2025-04-11,R1,Spice Route Kitchen,lunch,4,0,0,4,26.5,0.0,0,35,39.9,39.9,51,43,8
2025-04-11,R2,Green Leaf Cafe,dinner,4,0,0,4,28.5,0.0,0,36,39.0,39.0,46,39,7
2025-04-11,R2,Green Leaf Cafe,lunch,4,0,0,4,28.5,0.0,0,21,24.3,24.3,38,32,6
2025-04-11,R3,Coastal Kitchen,dinner,4,0,0,4,25.9,0.0,0,62,70.0,70.0,91,73,18
2025-04-11,R3,Coastal Kitchen,lunch,4,0,0,4,25.9,0.0,0,39,46.0,46.0,63,47,16
2025-04-11,R4,Urban Tandoor,dinner,4,0,0,4,26.3,0.0,0,50,50.6,50.6,55,48,7
2025-04-11,R4,Urban Tandoor,lunch,4,0,0,4,26.3,0.0,0,31,32.6,32.6,41,36,5
2025-04-11,R5,Campus Canteen,dinner,4,0,0,4,29.4,0.0,0,77,93.9,93.9,103,95,8
2025-04-11,R5,Campus Canteen,lunch,4,0,0,4,29.4,0.0,0,51,60.1,60.1,70,62,8
2025-04-12,R1,Spice Route Kitchen,dinner,5,1,0,4,26.5,0.0,0,65,59.1,59.1,92,74,18
2025-04-12,R1,Spice Route Kitchen,lunch,5,1,0,4,26.5,0.0,0,43,39.1,39.1,61,49,12
2025-04-12,R2,Green Leaf Cafe,dinner,5,1,0,4,27.0,0.0,0,39,38.7,38.7,50,44,6
2025-04-12,R2,Green Leaf Cafe,lunch,5,1,0,4,27.0,0.0,0,32,24.7,24.7,34,31,3
2025-04-12,R3,Coastal Kitchen,dinner,5,1,0,4,27.4,1.4,1,73,69.7,69.7,159,123,36
2025-04-12,R3,Coastal Kitchen,lunch,5,1,0,4,27.4,1.4,1,47,45.7,45.7,103,77,26
2025-04-12,R4,Urban Tandoor,dinner,5,1,0,4,29.8,4.1,0,48,49.3,49.3,70,61,9
2025-04-12,R4,Urban Tandoor,lunch,5,1,0,4,29.8,4.1,0,36,33.1,33.1,47,40,7
2025-04-12,R5,Campus Canteen,dinner,5,1,0,4,25.7,2.0,0,95,92.7,92.7,118,105,13
2025-04-12,R5,Campus Canteen,lunch,5,1,0,4,25.7,2.0,0,62,59.7,59.7,83,73,10
2025-04-13,R1,Spice Route Kitchen,dinner,6,1,0,4,26.6,0.4,0,74,59.1,59.1,86,71,15
2025-04-13,R1,Spice Route Kitchen,lunch,6,1,0,4,26.6,0.4,0,49,39.3,39.3,49,42,7
2025-04-13,R2,Green Leaf Cafe,dinner,6,1,0,4,27.8,1.6,0,44,38.3,38.3,52,47,5
2025-04-13,R2,Green Leaf Cafe,lunch,6,1,0,4,27.8,1.6,0,31,25.4,25.4,33,30,3
2025-04-13,R3,Coastal Kitchen,dinner,6,1,0,4,26.6,0.6,0,123,73.6,73.6,98,76,22
2025-04-13,R3,Coastal Kitchen,lunch,6,1,0,4,26.6,0.6,0,77,48.4,48.4,61,48,13
2025-04-13,R4,Urban Tandoor,dinner,6,1,0,4,25.0,1.7,0,61,49.6,49.6,66,55,11
2025-04-13,R4,Urban Tandoor,lunch,6,1,0,4,25.0,1.7,0,40,33.4,33.4,42,36,6
2025-04-13,R5,Campus Canteen,dinner,6,1,0,4,33.7,3.9,0,105,91.4,91.4,123,107,16
2025-04-13,R5,Campus Canteen,lunch,6,1,0,4,33.7,3.9,0,73,60.7,60.7,67,65,2
2025-04-14,R1,Spice Route Kitchen,dinner,0,0,0,4,26.8,0.1,0,71,59.9,59.9,63,50,13
2025-04-14,R1,Spice Route Kitchen,lunch,0,0,0,4,26.8,0.1,0,42,39.4,39.4,35,30,5
2025-04-14,R2,Green Leaf Cafe,dinner,0,0,0,4,26.6,1.7,0,47,38.4,38.4,37,33,4
2025-04-14,R2,Green Leaf Cafe,lunch,0,0,0,4,26.6,1.7,0,30,25.7,25.7,26,22,4
2025-04-14,R3,Coastal Kitchen,dinner,0,0,0,4,27.3,2.5,0,76,72.6,72.6,75,60,15
2025-04-14,R3,Coastal Kitchen,lunch,0,0,0,4,27.3,2.5,0,48,46.9,46.9,47,37,10
2025-04-14,R4,Urban Tandoor,dinner,0,0,0,4,30.5,1.0,0,55,47.9,47.9,52,41,11
2025-04-14,R4,Urban Tandoor,lunch,0,0,0,4,30.5,1.0,0,36,32.4,32.4,32,28,4
2025-04-14,R5,Campus Canteen,dinner,0,0,0,4,27.7,0.0,0,107,92.4,92.4,90,80,10
2025-04-14,R5,Campus Canteen,lunch,0,0,0,4,27.7,0.0,0,65,59.9,59.9,59,53,6
2025-04-15,R1,Spice Route Kitchen,dinner,1,0,0,4,29.5,2.7,0,50,59.3,59.3,64,51,13
2025-04-15,R1,Spice Route Kitchen,lunch,1,0,0,4,29.5,2.7,0,30,39.1,39.1,39,32,7
2025-04-15,R2,Green Leaf Cafe,dinner,1,0,0,4,28.0,0.0,0,33,38.0,38.0,36,33,3
2025-04-15,R2,Green Leaf Cafe,lunch,1,0,0,4,28.0,0.0,0,22,25.7,25.7,25,22,3
2025-04-15,R3,Coastal Kitchen,dinner,1,0,0,4,27.7,0.0,0,60,73.7,73.7,85,65,20
2025-04-15,R3,Coastal Kitchen,lunch,1,0,0,4,27.7,0.0,0,37,46.6,46.6,51,40,11
2025-04-15,R4,Urban Tandoor,dinner,1,0,0,4,29.3,1.8,0,41,47.9,47.9,50,42,8
2025-04-15,R4,Urban Tandoor,lunch,1,0,0,4,29.3,1.8,0,28,32.4,32.4,35,29,6
2025-04-15,R5,Campus Canteen,dinner,1,0,0,4,30.9,1.5,0,80,92.6,92.6,86,74,12
2025-04-15,R5,Campus Canteen,lunch,1,0,0,4,30.9,1.5,0,53,59.9,59.9,48,44,4
2025-04-16,R1,Spice Route Kitchen,dinner,2,0,0,4,28.7,1.2,1,51,58.7,58.7,74,65,9
2025-04-16,R1,Spice Route Kitchen,lunch,2,0,0,4,28.7,1.2,1,32,38.6,38.6,62,50,12
2025-04-16,R2,Green Leaf Cafe,dinner,2,0,0,4,29.7,0.0,0,33,38.0,38.0,37,32,5
2025-04-16,R2,Green Leaf Cafe,lunch,2,0,0,4,29.7,0.0,0,22,25.6,25.6,27,23,4
2025-04-16,R3,Coastal Kitchen,dinner,2,0,0,4,27.5,0.7,0,65,75.1,75.1,84,64,20
2025-04-16,R3,Coastal Kitchen,lunch,2,0,0,4,27.5,0.7,0,40,46.6,46.6,56,44,12
2025-04-16,R4,Urban Tandoor,dinner,2,0,0,4,31.2,4.2,0,42,48.0,48.0,46,40,6
2025-04-16,R4,Urban Tandoor,lunch,2,0,0,4,31.2,4.2,0,29,32.7,32.7,34,28,6
2025-04-16,R5,Campus Canteen,dinner,2,0,0,4,32.9,0.0,0,74,88.6,88.6,92,76,16
2025-04-16,R5,Campus Canteen,lunch,2,0,0,4,32.9,0.0,0,44,57.1,57.1,53,46,7
2025-04-17,R1,Spice Route Kitchen,dinner,3,0,0,4,31.3,4.0,0,65,60.6,60.6,75,58,17
2025-04-17,R1,Spice Route Kitchen,lunch,3,0,0,4,31.3,4.0,0,50,40.1,40.1,40,33,7
2025-04-17,R2,Green Leaf Cafe,dinner,3,0,0,4,27.3,0.0,0,32,37.7,37.7,34,32,2
2025-04-17,R2,Green Leaf Cafe,lunch,3,0,0,4,27.3,0.0,0,23,25.9,25.9,25,22,3
2025-04-17,R3,Coastal Kitchen,dinner,3,0,0,4,32.3,4.3,0,64,74.7,74.7,86,63,23
2025-04-17,R3,Coastal Kitchen,lunch,3,0,0,4,32.3,4.3,0,44,47.4,47.4,55,42,13
2025-04-17,R4,Urban Tandoor,dinner,3,0,0,4,29.2,0.0,0,40,48.1,48.1,51,43,8
2025-04-17,R4,Urban Tandoor,lunch,3,0,0,4,29.2,0.0,0,28,32.6,32.6,32,27,5
2025-04-17,R5,Campus Canteen,dinner,3,0,0,4,27.8,6.7,0,76,87.7,87.7,95,85,10
2025-04-17,R5,Campus Canteen,lunch,3,0,0,4,27.8,6.7,0,46,56.3,56.3,57,51,6
2025-04-18,R1,Spice Route Kitchen,dinner,4,0,0,4,30.5,0.0,0,58,62.0,62.0,80,62,18
2025-04-18,R1,Spice Route Kitchen,lunch,4,0,0,4,30.5,0.0,0,33,39.9,39.9,53,44,9
2025-04-18,R2,Green Leaf Cafe,dinner,4,0,0,4,27.3,2.3,0,32,37.1,37.1,46,40,6
2025-04-18,R2,Green Leaf Cafe,lunch,4,0,0,4,27.3,2.3,0,22,26.0,26.0,31,25,6
2025-04-18,R3,Coastal Kitchen,dinner,4,0,0,4,29.6,0.0,0,63,74.9,74.9,97,72,25
2025-04-18,R3,Coastal Kitchen,lunch,4,0,0,4,29.6,0.0,0,42,47.9,47.9,62,47,15
2025-04-18,R4,Urban Tandoor,dinner,4,0,0,4,28.7,0.2,0,43,47.1,47.1,61,55,6
2025-04-18,R4,Urban Tandoor,lunch,4,0,0,4,28.7,0.2,0,27,32.0,32.0,39,34,5
2025-04-18,R5,Campus Canteen,dinner,4,0,0,4,31.1,2.8,0,85,88.9,88.9,108,96,12
2025-04-18,R5,Campus Canteen,lunch,4,0,0,4,31.1,2.8,0,51,56.3,56.3,70,64,6
2025-04-19,R1,Spice Route Kitchen,dinner,5,1,0,4,33.2,3.8,0,62,61.6,61.6,96,76,20
2025-04-19,R1,Spice Route Kitchen,lunch,5,1,0,4,33.2,3.8,0,44,40.0,40.0,65,52,13
2025-04-19,R2,Green Leaf Cafe,dinner,5,1,0,4,30.9,2.4,0,40,37.3,37.3,59,54,5
2025-04-19,R2,Green Leaf Cafe,lunch,5,1,0,4,30.9,2.4,0,25,25.0,25.0,34,31,3
2025-04-19,R3,Coastal Kitchen,dinner,5,1,0,4,27.0,0.8,0,72,74.7,74.7,109,84,25
2025-04-19,R3,Coastal Kitchen,lunch,5,1,0,4,27.0,0.8,0,47,47.9,47.9,69,50,19
2025-04-19,R4,Urban Tandoor,dinner,5,1,0,4,29.2,0.0,0,55,48.1,48.1,71,58,13
2025-04-19,R4,Urban Tandoor,lunch,5,1,0,4,29.2,0.0,0,34,31.7,31.7,41,36,5
2025-04-19,R5,Campus Canteen,dinner,5,1,0,4,25.8,0.9,0,96,89.0,89.0,127,107,20
2025-04-19,R5,Campus Canteen,lunch,5,1,0,4,25.8,0.9,0,64,56.6,56.6,74,67,7
2025-04-20,R1,Spice Route Kitchen,dinner,6,1,0,4,31.0,2.6,0,76,61.9,61.9,82,69,13
2025-04-20,R1,Spice Route Kitchen,lunch,6,1,0,4,31.0,2.6,0,52,40.4,40.4,54,47,7
2025-04-20,R2,Green Leaf Cafe,dinner,6,1,0,4,27.6,0.0,0,54,38.7,38.7,46,42,4
2025-04-20,R2,Green Leaf Cafe,lunch,6,1,0,4,27.6,0.0,0,31,25.0,25.0,38,31,7
2025-04-20,R3,Coastal Kitchen,dinner,6,1,0,4,30.9,2.6,1,84,69.1,69.1,156,118,38
2025-04-20,R3,Coastal Kitchen,lunch,6,1,0,4,30.9,2.6,1,50,44.0,44.0,100,76,24
2025-04-20,R4,Urban Tandoor,dinner,6,1,0,4,30.4,0.0,0,58,47.7,47.7,63,54,9
2025-04-20,R4,Urban Tandoor,lunch,6,1,0,4,30.4,0.0,0,36,31.1,31.1,43,38,5
2025-04-20,R5,Campus Canteen,dinner,6,1,0,4,30.2,3.5,0,107,89.3,89.3,107,97,10
2025-04-20,R5,Campus Canteen,lunch,6,1,0,4,30.2,3.5,0,67,55.7,55.7,68,60,8
2025-04-21,R1,Spice Route Kitchen,dinner,0,0,0,4,27.3,5.4,0,69,61.6,61.6,69,57,12
2025-04-21,R1,Spice Route Kitchen,lunch,0,0,0,4,27.3,5.4,0,47,41.1,41.1,46,38,8
2025-04-21,R2,Green Leaf Cafe,dinner,0,0,0,4,25.4,0.0,0,42,38.0,38.0,39,34,5
2025-04-21,R2,Green Leaf Cafe,lunch,0,0,0,4,25.4,0.0,0,31,25.1,25.1,25,21,4
2025-04-21,R3,Coastal Kitchen,dinner,0,0,0,4,33.8,3.1,0,118,75.1,75.1,86,66,20
2025-04-21,R3,Coastal Kitchen,lunch,0,0,0,4,33.8,3.1,0,76,48.0,48.0,60,47,13
2025-04-21,R4,Urban Tandoor,dinner,0,0,0,4,29.1,8.5,0,54,47.6,47.6,44,36,8
2025-04-21,R4,Urban Tandoor,lunch,0,0,0,4,29.1,8.5,0,38,31.4,31.4,28,24,4
2025-04-21,R5,Campus Canteen,dinner,0,0,0,4,27.8,0.6,0,97,87.9,87.9,90,85,5
2025-04-21,R5,Campus Canteen,lunch,0,0,0,4,27.8,0.6,0,60,55.0,55.0,64,54,10
2025-04-22,R1,Spice Route Kitchen,dinner,1,0,0,4,30.4,0.0,0,57,62.6,62.6,62,51,11
2025-04-22,R1,Spice Route Kitchen,lunch,1,0,0,4,30.4,0.0,0,38,42.3,42.3,40,34,6
2025-04-22,R2,Green Leaf Cafe,dinner,1,0,0,4,29.4,0.0,0,34,38.1,38.1,37,34,3
2025-04-22,R2,Green Leaf Cafe,lunch,1,0,0,4,29.4,0.0,0,21,25.0,25.0,26,22,4
2025-04-22,R3,Coastal Kitchen,dinner,1,0,0,4,32.2,0.0,0,66,76.0,76.0,81,61,20
2025-04-22,R3,Coastal Kitchen,lunch,1,0,0,4,32.2,0.0,0,47,49.4,49.4,53,39,14
2025-04-22,R4,Urban Tandoor,dinner,1,0,0,4,28.9,0.2,0,36,46.9,46.9,43,39,4
2025-04-22,R4,Urban Tandoor,lunch,1,0,0,4,28.9,0.2,0,24,30.9,30.9,31,25,6
2025-04-22,R5,Campus Canteen,dinner,1,0,0,4,27.7,0.0,0,85,88.6,88.6,85,75,10
2025-04-22,R5,Campus Canteen,lunch,1,0,0,4,27.7,0.0,0,54,55.1,55.1,53,48,5
2025-04-23,R1,Spice Route Kitchen,dinner,2,0,0,4,33.8,3.1,0,51,62.6,62.6,62,52,10
2025-04-23,R1,Spice Route Kitchen,lunch,2,0,0,4,33.8,3.1,0,34,42.6,42.6,44,36,8
2025-04-23,R2,Green Leaf Cafe,dinner,2,0,0,4,27.3,0.0,0,34,38.3,38.3,42,36,6
2025-04-23,R2,Green Leaf Cafe,lunch,2,0,0,4,27.3,0.0,0,22,25.0,25.0,27,23,4
2025-04-23,R3,Coastal Kitchen,dinner,2,0,0,4,25.9,0.1,0,61,75.4,75.4,78,60,18
2025-04-23,R3,Coastal Kitchen,lunch,2,0,0,4,25.9,0.1,0,39,49.3,49.3,55,41,14
2025-04-23,R4,Urban Tandoor,dinner,2,0,0,4,33.7,0.0,0,39,46.4,46.4,47,41,6
2025-04-23,R4,Urban Tandoor,lunch,2,0,0,4,33.7,0.0,0,25,30.3,30.3,36,31,5
2025-04-23,R5,Campus Canteen,dinner,2,0,0,4,27.2,0.0,0,75,88.7,88.7,78,74,4
2025-04-23,R5,Campus Canteen,lunch,2,0,0,4,27.2,0.0,0,48,55.7,55.7,62,56,6
2025-04-24,R1,Spice Route Kitchen,dinner,3,0,0,4,30.0,0.0,0,52,60.7,60.7,60,49,11
2025-04-24,R1,Spice Route Kitchen,lunch,3,0,0,4,30.0,0.0,0,36,40.6,40.6,47,38,9
2025-04-24,R2,Green Leaf Cafe,dinner,3,0,0,4,30.7,4.0,0,36,38.9,38.9,40,35,5
2025-04-24,R2,Green Leaf Cafe,lunch,3,0,0,4,30.7,4.0,0,23,25.0,25.0,28,23,5
2025-04-24,R3,Coastal Kitchen,dinner,3,0,0,4,32.7,0.0,0,60,74.9,74.9,88,65,23
2025-04-24,R3,Coastal Kitchen,lunch,3,0,0,4,32.7,0.0,0,41,48.9,48.9,53,42,11
2025-04-24,R4,Urban Tandoor,dinner,3,0,0,4,27.1,0.0,0,41,46.6,46.6,49,44,5
2025-04-24,R4,Urban Tandoor,lunch,3,0,0,4,27.1,0.0,0,31,30.7,30.7,34,30,4
2025-04-24,R5,Campus Canteen,dinner,3,0,0,4,32.2,0.0,0,74,88.4,88.4,85,77,8
2025-04-24,R5,Campus Canteen,lunch,3,0,0,4,32.2,0.0,0,56,57.1,57.1,52,49,3
2025-04-25,R1,Spice Route Kitchen,dinner,4,0,0,4,32.5,3.6,0,49,59.4,59.4,76,61,15
2025-04-25,R1,Spice Route Kitchen,lunch,4,0,0,4,32.5,3.6,0,38,41.3,41.3,52,44,8
2025-04-25,R2,Green Leaf Cafe,dinner,4,0,0,4,28.8,2.5,0,35,39.3,39.3,42,37,5
2025-04-25,R2,Green Leaf Cafe,lunch,4,0,0,4,28.8,2.5,0,23,25.1,25.1,33,28,5
2025-04-25,R3,Coastal Kitchen,dinner,4,0,0,4,32.6,0.0,0,65,75.1,75.1,93,73,20
2025-04-25,R3,Coastal Kitchen,lunch,4,0,0,4,32.6,0.0,0,42,48.9,48.9,69,53,16
2025-04-25,R4,Urban Tandoor,dinner,4,0,0,4,31.4,0.9,0,44,46.7,46.7,60,52,8
2025-04-25,R4,Urban Tandoor,lunch,4,0,0,4,31.4,0.9,0,30,31.1,31.1,40,35,5
2025-04-25,R5,Campus Canteen,dinner,4,0,0,4,28.1,1.0,1,77,87.3,87.3,148,132,16
2025-04-25,R5,Campus Canteen,lunch,4,0,0,4,28.1,1.0,1,49,56.9,56.9,105,99,6
2025-04-26,R1,Spice Route Kitchen,dinner,5,1,0,4,31.4,4.3,0,61,59.3,59.3,89,73,16
2025-04-26,R1,Spice Route Kitchen,lunch,5,1,0,4,31.4,4.3,0,44,41.3,41.3,58,49,9
2025-04-26,R2,Green Leaf Cafe,dinner,5,1,0,4,30.5,0.0,0,37,38.9,38.9,51,47,4
2025-04-26,R2,Green Leaf Cafe,lunch,5,1,0,4,30.5,0.0,0,28,25.6,25.6,35,31,4
2025-04-26,R3,Coastal Kitchen,dinner,5,1,0,4,32.3,0.3,0,73,75.3,75.3,109,83,26
2025-04-26,R3,Coastal Kitchen,lunch,5,1,0,4,32.3,0.3,0,53,49.7,49.7,69,51,18
2025-04-26,R4,Urban Tandoor,dinner,5,1,0,4,31.5,0.5,0,52,46.3,46.3,75,63,12
2025-04-26,R4,Urban Tandoor,lunch,5,1,0,4,31.5,0.5,0,35,31.3,31.3,42,35,7
2025-04-26,R5,Campus Canteen,dinner,5,1,0,4,28.6,0.7,0,132,92.4,92.4,104,95,9
2025-04-26,R5,Campus Canteen,lunch,5,1,0,4,28.6,0.7,0,99,61.9,61.9,85,73,12
2025-04-27,R1,Spice Route Kitchen,dinner,6,1,0,4,30.4,0.0,0,73,58.9,58.9,84,70,14
2025-04-27,R1,Spice Route Kitchen,lunch,6,1,0,4,30.4,0.0,0,49,40.9,40.9,53,44,9
2025-04-27,R2,Green Leaf Cafe,dinner,6,1,0,4,29.2,3.3,0,47,37.9,37.9,55,47,8
2025-04-27,R2,Green Leaf Cafe,lunch,6,1,0,4,29.2,3.3,0,31,25.6,25.6,33,27,6
2025-04-27,R3,Coastal Kitchen,dinner,6,1,0,4,33.2,0.0,0,83,75.1,75.1,106,85,21
2025-04-27,R3,Coastal Kitchen,lunch,6,1,0,4,33.2,0.0,0,51,49.9,49.9,69,52,17
2025-04-27,R4,Urban Tandoor,dinner,6,1,0,4,32.4,3.4,0,63,47.0,47.0,69,58,11
2025-04-27,R4,Urban Tandoor,lunch,6,1,0,4,32.4,3.4,0,35,31.1,31.1,41,34,7
2025-04-27,R5,Campus Canteen,dinner,6,1,0,4,33.7,3.1,0,95,90.7,90.7,122,106,16
2025-04-27,R5,Campus Canteen,lunch,6,1,0,4,33.7,3.1,0,73,62.7,62.7,76,72,4
2025-04-28,R1,Spice Route Kitchen,dinner,0,0,0,4,31.4,1.2,0,70,59.0,59.0,56,49,7
2025-04-28,R1,Spice Route Kitchen,lunch,0,0,0,4,31.4,1.2,0,44,40.4,40.4,43,34,9
2025-04-28,R2,Green Leaf Cafe,dinner,0,0,0,4,30.0,0.0,0,47,38.6,38.6,36,32,4
2025-04-28,R2,Green Leaf Cafe,lunch,0,0,0,4,30.0,0.0,0,27,25.0,25.0,23,21,2
2025-04-28,R3,Coastal Kitchen,dinner,0,0,0,4,32.0,3.5,0,85,70.4,70.4,82,62,20
2025-04-28,R3,Coastal Kitchen,lunch,0,0,0,4,32.0,3.5,0,52,46.4,46.4,53,40,13
2025-04-28,R4,Urban Tandoor,dinner,0,0,0,4,32.4,0.0,0,58,47.6,47.6,49,44,5
2025-04-28,R4,Urban Tandoor,lunch,0,0,0,4,32.4,0.0,0,34,30.6,30.6,32,27,5
2025-04-28,R5,Campus Canteen,dinner,0,0,0,4,29.6,8.3,0,106,92.0,92.0,73,63,10
2025-04-28,R5,Campus Canteen,lunch,0,0,0,4,29.6,8.3,0,72,64.4,64.4,43,38,5
2025-04-29,R1,Spice Route Kitchen,dinner,1,0,0,4,27.3,0.5,0,49,57.9,57.9,53,43,10
2025-04-29,R1,Spice Route Kitchen,lunch,1,0,0,4,27.3,0.5,0,34,39.9,39.9,43,34,9
2025-04-29,R2,Green Leaf Cafe,dinner,1,0,0,4,27.9,1.1,0,32,38.3,38.3,38,33,5
2025-04-29,R2,Green Leaf Cafe,lunch,1,0,0,4,27.9,1.1,0,21,25.0,25.0,27,24,3
2025-04-29,R3,Coastal Kitchen,dinner,1,0,0,4,32.2,0.0,0,62,69.9,69.9,70,54,16
2025-04-29,R3,Coastal Kitchen,lunch,1,0,0,4,32.2,0.0,0,40,45.4,45.4,55,42,13
2025-04-29,R4,Urban Tandoor,dinner,1,0,0,4,31.1,0.2,0,44,48.7,48.7,49,40,9
2025-04-29,R4,Urban Tandoor,lunch,1,0,0,4,31.1,0.2,0,27,31.0,31.0,32,28,4
2025-04-29,R5,Campus Canteen,dinner,1,0,0,4,32.1,0.0,0,63,88.9,88.9,85,75,10
2025-04-29,R5,Campus Canteen,lunch,1,0,0,4,32.1,0.0,0,38,62.1,62.1,58,53,5
2025-04-30,R1,Spice Route Kitchen,dinner,2,0,0,4,34.3,0.0,0,43,56.7,56.7,66,52,14
2025-04-30,R1,Spice Route Kitchen,lunch,2,0,0,4,34.3,0.0,0,34,39.9,39.9,40,34,6
2025-04-30,R2,Green Leaf Cafe,dinner,2,0,0,4,30.7,2.6,0,33,38.1,38.1,36,33,3
2025-04-30,R2,Green Leaf Cafe,lunch,2,0,0,4,30.7,2.6,0,24,25.3,25.3,26,23,3
2025-04-30,R3,Coastal Kitchen,dinner,2,0,0,4,31.6,0.0,0,54,68.9,68.9,77,62,15
2025-04-30,R3,Coastal Kitchen,lunch,2,0,0,4,31.6,0.0,0,42,45.9,45.9,50,37,13
2025-04-30,R4,Urban Tandoor,dinner,2,0,0,4,33.2,2.1,0,40,48.9,48.9,51,44,7
2025-04-30,R4,Urban Tandoor,lunch,2,0,0,4,33.2,2.1,0,28,31.4,31.4,35,28,7
2025-04-30,R5,Campus Canteen,dinner,2,0,0,4,30.4,0.0,0,75,88.9,88.9,83,79,4
2025-04-30,R5,Campus Canteen,lunch,2,0,0,4,30.4,0.0,0,53,62.9,62.9,51,49,2
2025-05-01,R1,Spice Route Kitchen,dinner,3,0,0,5,35.0,0.0,0,52,56.7,56.7,67,55,12
2025-05-01,R1,Spice Route Kitchen,lunch,3,0,0,5,35.0,0.0,0,34,39.6,39.6,47,37,10
2025-05-01,R2,Green Leaf Cafe,dinner,3,0,0,5,29.7,0.0,0,33,37.7,37.7,38,33,5
2025-05-01,R2,Green Leaf Cafe,lunch,3,0,0,5,29.7,0.0,0,23,25.3,25.3,28,24,4
2025-05-01,R3,Coastal Kitchen,dinner,3,0,0,5,32.0,0.2,0,62,69.1,69.1,78,61,17
2025-05-01,R3,Coastal Kitchen,lunch,3,0,0,5,32.0,0.2,0,37,45.3,45.3,53,42,11
2025-05-01,R4,Urban Tandoor,dinner,3,0,0,5,28.5,2.1,0,44,49.3,49.3,51,43,8
2025-05-01,R4,Urban Tandoor,lunch,3,0,0,5,28.5,2.1,0,28,31.0,31.0,32,27,5
2025-05-01,R5,Campus Canteen,dinner,3,0,0,5,29.3,0.0,0,79,89.6,89.6,86,80,6
2025-05-01,R5,Campus Canteen,lunch,3,0,0,5,29.3,0.0,0,49,61.9,61.9,62,56,6
2025-05-02,R1,Spice Route Kitchen,dinner,4,0,0,5,32.2,9.9,0,55,57.6,57.6,66,55,11
2025-05-02,R1,Spice Route Kitchen,lunch,4,0,0,5,32.2,9.9,0,37,39.4,39.4,45,36,9
2025-05-02,R2,Green Leaf Cafe,dinner,4,0,0,5,29.4,0.0,0,33,37.4,37.4,50,44,6
2025-05-02,R2,Green Leaf Cafe,lunch,4,0,0,5,29.4,0.0,0,24,25.4,25.4,32,29,3
2025-05-02,R3,Coastal Kitchen,dinner,4,0,0,5,31.5,0.8,0,61,68.6,68.6,111,87,24
2025-05-02,R3,Coastal Kitchen,lunch,4,0,0,5,31.5,0.8,0,42,45.3,45.3,63,49,14
2025-05-02,R4,Urban Tandoor,dinner,4,0,0,5,32.3,0.0,0,43,49.1,49.1,61,50,11
2025-05-02,R4,Urban Tandoor,lunch,4,0,0,5,32.3,0.0,0,27,30.6,30.6,39,33,6
2025-05-02,R5,Campus Canteen,dinner,4,0,0,5,30.1,1.5,0,80,90.0,90.0,101,95,6
2025-05-02,R5,Campus Canteen,lunch,4,0,0,5,30.1,1.5,0,56,62.9,62.9,78,68,10
2025-05-03,R1,Spice Route Kitchen,dinner,5,1,0,5,33.4,0.5,0,55,56.7,56.7,87,76,11
2025-05-03,R1,Spice Route Kitchen,lunch,5,1,0,5,33.4,0.5,0,36,38.3,38.3,61,49,12
2025-05-03,R2,Green Leaf Cafe,dinner,5,1,0,5,30.3,0.0,0,44,38.4,38.4,64,53,11
2025-05-03,R2,Green Leaf Cafe,lunch,5,1,0,5,30.3,0.0,0,29,25.6,25.6,38,33,5
2025-05-03,R3,Coastal Kitchen,dinner,5,1,0,5,30.5,10.3,0,87,70.6,70.6,92,69,23
2025-05-03,R3,Coastal Kitchen,lunch,5,1,0,5,30.5,10.3,0,49,44.7,44.7,59,45,14
2025-05-03,R4,Urban Tandoor,dinner,5,1,0,5,31.0,4.5,0,50,48.9,48.9,73,62,11
2025-05-03,R4,Urban Tandoor,lunch,5,1,0,5,31.0,4.5,0,33,30.3,30.3,40,37,3
2025-05-03,R5,Campus Canteen,dinner,5,1,0,5,30.1,0.1,0,95,84.7,84.7,138,125,13
2025-05-03,R5,Campus Canteen,lunch,5,1,0,5,30.1,0.1,0,68,58.4,58.4,77,68,9
2025-05-04,R1,Spice Route Kitchen,dinner,6,1,0,5,33.0,0.0,0,76,57.1,57.1,82,66,16
2025-05-04,R1,Spice Route Kitchen,lunch,6,1,0,5,33.0,0.0,0,49,38.3,38.3,56,45,11
2025-05-04,R2,Green Leaf Cafe,dinner,6,1,0,5,31.1,0.0,0,53,39.3,39.3,51,44,7
2025-05-04,R2,Green Leaf Cafe,lunch,6,1,0,5,31.1,0.0,0,33,25.9,25.9,33,27,6
2025-05-04,R3,Coastal Kitchen,dinner,6,1,0,5,31.3,0.0,0,69,68.6,68.6,104,81,23
2025-05-04,R3,Coastal Kitchen,lunch,6,1,0,5,31.3,0.0,0,45,43.9,43.9,73,55,18
2025-05-04,R4,Urban Tandoor,dinner,6,1,0,5,30.0,0.0,0,62,48.7,48.7,70,58,12
2025-05-04,R4,Urban Tandoor,lunch,6,1,0,5,30.0,0.0,0,37,30.6,30.6,46,39,7
2025-05-04,R5,Campus Canteen,dinner,6,1,0,5,31.7,0.0,0,125,89.0,89.0,121,109,12
2025-05-04,R5,Campus Canteen,lunch,6,1,0,5,31.7,0.0,0,68,57.7,57.7,81,71,10
2025-05-05,R1,Spice Route Kitchen,dinner,0,0,0,5,29.1,0.0,0,66,56.6,56.6,61,49,12
2025-05-05,R1,Spice Route Kitchen,lunch,0,0,0,5,29.1,0.0,0,45,38.4,38.4,43,35,8
2025-05-05,R2,Green Leaf Cafe,dinner,0,0,0,5,33.2,5.6,0,44,38.9,38.9,40,35,5
2025-05-05,R2,Green Leaf Cafe,lunch,0,0,0,5,33.2,5.6,0,27,25.9,25.9,26,22,4
2025-05-05,R3,Coastal Kitchen,dinner,0,0,0,5,33.1,4.0,0,81,68.0,68.0,81,61,20
2025-05-05,R3,Coastal Kitchen,lunch,0,0,0,5,33.1,4.0,0,55,44.3,44.3,60,45,15
2025-05-05,R4,Urban Tandoor,dinner,0,0,0,5,31.2,0.0,0,58,48.7,48.7,48,41,7
2025-05-05,R4,Urban Tandoor,lunch,0,0,0,5,31.2,0.0,0,39,31.3,31.3,35,29,6
2025-05-05,R5,Campus Canteen,dinner,0,0,0,5,31.2,5.5,0,109,89.4,89.4,86,75,11
2025-05-05,R5,Campus Canteen,lunch,0,0,0,5,31.2,5.5,0,71,57.6,57.6,51,45,6
2025-05-06,R1,Spice Route Kitchen,dinner,1,0,0,5,32.1,0.0,0,49,56.6,56.6,62,51,11
2025-05-06,R1,Spice Route Kitchen,lunch,1,0,0,5,32.1,0.0,0,35,38.6,38.6,41,34,7
2025-05-06,R2,Green Leaf Cafe,dinner,1,0,0,5,32.0,1.0,0,35,39.3,39.3,34,31,3
2025-05-06,R2,Green Leaf Cafe,lunch,1,0,0,5,32.0,1.0,0,22,26.0,26.0,22,20,2
2025-05-06,R3,Coastal Kitchen,dinner,1,0,0,5,32.2,0.0,0,61,67.9,67.9,79,61,18
2025-05-06,R3,Coastal Kitchen,lunch,1,0,0,5,32.2,0.0,0,45,45.0,45.0,52,40,12
2025-05-06,R4,Urban Tandoor,dinner,1,0,0,5,33.1,0.0,0,41,48.3,48.3,52,42,10
2025-05-06,R4,Urban Tandoor,lunch,1,0,0,5,33.1,0.0,0,29,31.6,31.6,30,26,4
2025-05-06,R5,Campus Canteen,dinner,1,0,0,5,32.8,0.0,0,75,91.1,91.1,92,78,14
2025-05-06,R5,Campus Canteen,lunch,1,0,0,5,32.8,0.0,0,45,58.6,58.6,58,51,7
2025-05-07,R1,Spice Route Kitchen,dinner,2,0,0,5,32.5,3.2,0,51,57.7,57.7,68,54,14
2025-05-07,R1,Spice Route Kitchen,lunch,2,0,0,5,32.5,3.2,0,34,38.6,38.6,39,33,6
2025-05-07,R2,Green Leaf Cafe,dinner,2,0,0,5,30.8,2.3,0,31,39.0,39.0,38,33,5
2025-05-07,R2,Green Leaf Cafe,lunch,2,0,0,5,30.8,2.3,0,20,25.4,25.4,25,23,2
2025-05-07,R3,Coastal Kitchen,dinner,2,0,0,5,33.6,2.4,0,61,68.9,68.9,79,61,18
2025-05-07,R3,Coastal Kitchen,lunch,2,0,0,5,33.6,2.4,0,40,44.7,44.7,51,38,13
2025-05-07,R4,Urban Tandoor,dinner,2,0,0,5,29.4,0.0,0,42,48.6,48.6,46,41,5
2025-05-07,R4,Urban Tandoor,lunch,2,0,0,5,29.4,0.0,0,26,31.3,31.3,34,29,5
2025-05-07,R5,Campus Canteen,dinner,2,0,0,5,32.9,0.5,0,78,91.6,91.6,90,79,11
2025-05-07,R5,Campus Canteen,lunch,2,0,0,5,32.9,0.5,0,51,58.3,58.3,68,59,9
2025-05-08,R1,Spice Route Kitchen,dinner,3,0,0,5,31.3,0.0,0,54,58.0,58.0,66,54,12
2025-05-08,R1,Spice Route Kitchen,lunch,3,0,0,5,31.3,0.0,0,33,38.4,38.4,42,35,7
2025-05-08,R2,Green Leaf Cafe,dinner,3,0,0,5,33.4,0.0,0,33,39.0,39.0,38,33,5
2025-05-08,R2,Green Leaf Cafe,lunch,3,0,0,5,33.4,0.0,0,23,25.4,25.4,30,26,4
2025-05-08,R3,Coastal Kitchen,dinner,3,0,0,5,31.5,0.0,0,61,68.7,68.7,84,64,20
2025-05-08,R3,Coastal Kitchen,lunch,3,0,0,5,31.5,0.0,0,38,44.9,44.9,61,46,15
2025-05-08,R4,Urban Tandoor,dinner,3,0,0,5,33.2,0.0,0,41,48.1,48.1,47,41,6
2025-05-08,R4,Urban Tandoor,lunch,3,0,0,5,33.2,0.0,0,29,31.4,31.4,35,29,6
2025-05-08,R5,Campus Canteen,dinner,3,0,0,5,32.7,0.5,0,79,91.6,91.6,87,81,6
2025-05-08,R5,Campus Canteen,lunch,3,0,0,5,32.7,0.5,0,59,59.7,59.7,60,52,8
2025-05-09,R1,Spice Route Kitchen,dinner,4,0,0,5,31.7,3.5,0,54,57.9,57.9,73,60,13
2025-05-09,R1,Spice Route Kitchen,lunch,4,0,0,5,31.7,3.5,0,35,38.1,38.1,51,41,10
2025-05-09,R2,Green Leaf Cafe,dinner,4,0,0,5,32.5,0.0,0,33,39.0,39.0,47,41,6
2025-05-09,R2,Green Leaf Cafe,lunch,4,0,0,5,32.5,0.0,0,26,25.7,25.7,28,25,3
2025-05-09,R3,Coastal Kitchen,dinner,4,0,0,5,32.5,0.0,0,64,69.1,69.1,102,77,25
2025-05-09,R3,Coastal Kitchen,lunch,4,0,0,5,32.5,0.0,0,46,45.4,45.4,65,49,16
2025-05-09,R4,Urban Tandoor,dinner,4,0,0,5,34.8,0.6,0,41,47.9,47.9,61,51,10
2025-05-09,R4,Urban Tandoor,lunch,4,0,0,5,34.8,0.6,0,29,31.7,31.7,42,35,7
2025-05-09,R5,Campus Canteen,dinner,4,0,0,5,31.9,0.0,0,81,91.7,91.7,122,105,17
2025-05-09,R5,Campus Canteen,lunch,4,0,0,5,31.9,0.0,0,52,59.1,59.1,70,65,5
2025-05-10,R1,Spice Route Kitchen,dinner,5,1,0,5,32.6,0.0,0,60,58.6,58.6,86,73,13
2025-05-10,R1,Spice Route Kitchen,lunch,5,1,0,5,32.6,0.0,0,41,38.9,38.9,62,48,14
2025-05-10,R2,Green Leaf Cafe,dinner,5,1,0,5,31.3,0.0,0,41,38.6,38.6,54,48,6
2025-05-10,R2,Green Leaf Cafe,lunch,5,1,0,5,31.3,0.0,0,25,25.1,25.1,38,33,5
2025-05-10,R3,Coastal Kitchen,dinner,5,1,0,5,31.2,2.5,0,77,67.7,67.7,108,80,28
2025-05-10,R3,Coastal Kitchen,lunch,5,1,0,5,31.2,2.5,0,49,45.4,45.4,71,55,16
2025-05-10,R4,Urban Tandoor,dinner,5,1,0,5,34.8,3.7,0,51,48.0,48.0,66,56,10
2025-05-10,R4,Urban Tandoor,lunch,5,1,0,5,34.8,3.7,0,35,32.0,32.0,49,42,7
2025-05-10,R5,Campus Canteen,dinner,5,1,0,5,35.6,1.1,0,105,93.1,93.1,123,110,13
2025-05-10,R5,Campus Canteen,lunch,5,1,0,5,35.6,1.1,0,65,58.7,58.7,84,76,8
2025-05-11,R1,Spice Route Kitchen,dinner,6,1,0,5,32.7,0.0,0,73,58.1,58.1,83,66,17
2025-05-11,R1,Spice Route Kitchen,lunch,6,1,0,5,32.7,0.0,0,48,38.7,38.7,58,47,11
2025-05-11,R2,Green Leaf Cafe,dinner,6,1,0,5,33.7,1.5,0,48,37.9,37.9,53,45,8
2025-05-11,R2,Green Leaf Cafe,lunch,6,1,0,5,33.7,1.5,0,33,25.1,25.1,33,28,5
2025-05-11,R3,Coastal Kitchen,dinner,6,1,0,5,30.6,0.0,0,80,69.3,69.3,99,74,25
2025-05-11,R3,Coastal Kitchen,lunch,6,1,0,5,30.6,0.0,0,55,46.9,46.9,66,51,15
2025-05-11,R4,Urban Tandoor,dinner,6,1,0,5,34.2,2.0,0,56,47.1,47.1,60,52,8
2025-05-11,R4,Urban Tandoor,lunch,6,1,0,5,34.2,2.0,0,42,32.7,32.7,45,38,7
2025-05-11,R5,Campus Canteen,dinner,6,1,0,5,29.6,0.8,0,110,91.0,91.0,118,108,10
2025-05-11,R5,Campus Canteen,lunch,6,1,0,5,29.6,0.8,0,76,59.9,59.9,75,66,9
2025-05-12,R1,Spice Route Kitchen,dinner,0,0,0,5,35.0,4.7,0,66,58.1,58.1,61,51,10
2025-05-12,R1,Spice Route Kitchen,lunch,0,0,0,5,35.0,4.7,0,47,39.0,39.0,44,38,6
2025-05-12,R2,Green Leaf Cafe,dinner,0,0,0,5,32.5,1.1,0,45,38.0,38.0,39,33,6
2025-05-12,R2,Green Leaf Cafe,lunch,0,0,0,5,32.5,1.1,0,28,25.3,25.3,24,21,3
2025-05-12,R3,Coastal Kitchen,dinner,0,0,0,5,34.4,2.6,0,74,68.3,68.3,78,58,20
2025-05-12,R3,Coastal Kitchen,lunch,0,0,0,5,34.4,2.6,0,51,46.3,46.3,52,41,11
2025-05-12,R4,Urban Tandoor,dinner,0,0,0,5,33.5,0.2,0,52,46.3,46.3,51,45,6
2025-05-12,R4,Urban Tandoor,lunch,0,0,0,5,33.5,0.2,0,38,32.6,32.6,34,29,5
2025-05-12,R5,Campus Canteen,dinner,0,0,0,5,32.0,0.0,0,108,90.9,90.9,90,80,10
2025-05-12,R5,Campus Canteen,lunch,0,0,0,5,32.0,0.0,0,66,59.1,59.1,55,50,5
2025-05-13,R1,Spice Route Kitchen,dinner,1,0,0,5,33.0,0.0,0,51,58.4,58.4,64,53,11
2025-05-13,R1,Spice Route Kitchen,lunch,1,0,0,5,33.0,0.0,0,38,39.4,39.4,46,38,8
2025-05-13,R2,Green Leaf Cafe,dinner,1,0,0,5,31.1,0.2,0,33,37.7,37.7,37,32,5
2025-05-13,R2,Green Leaf Cafe,lunch,1,0,0,5,31.1,0.2,0,21,25.1,25.1,21,19,2
2025-05-13,R3,Coastal Kitchen,dinner,1,0,0,5,34.3,0.0,0,58,67.9,67.9,77,60,17
2025-05-13,R3,Coastal Kitchen,lunch,1,0,0,5,34.3,0.0,0,41,45.7,45.7,49,39,10
2025-05-13,R4,Urban Tandoor,dinner,1,0,0,5,32.4,0.0,0,45,46.9,46.9,47,41,6
2025-05-13,R4,Urban Tandoor,lunch,1,0,0,5,32.4,0.0,0,29,32.6,32.6,33,26,7
2025-05-13,R5,Campus Canteen,dinner,1,0,0,5,30.7,4.3,0,80,91.6,91.6,86,77,9
2025-05-13,R5,Campus Canteen,lunch,1,0,0,5,30.7,4.3,0,50,59.9,59.9,55,48,7
2025-05-14,R1,Spice Route Kitchen,dinner,2,0,0,5,33.0,0.4,0,53,58.7,58.7,67,54,13
2025-05-14,R1,Spice Route Kitchen,lunch,2,0,0,5,33.0,0.4,0,38,40.0,40.0,48,38,10
2025-05-14,R2,Green Leaf Cafe,dinner,2,0,0,5,35.7,0.0,0,32,37.9,37.9,37,33,4
2025-05-14,R2,Green Leaf Cafe,lunch,2,0,0,5,35.7,0.0,0,19,25.0,25.0,21,19,2
2025-05-14,R3,Coastal Kitchen,dinner,2,0,0,5,31.0,0.0,0,60,67.7,67.7,77,58,19
2025-05-14,R3,Coastal Kitchen,lunch,2,0,0,5,31.0,0.0,0,39,45.6,45.6,52,40,12
2025-05-14,R4,Urban Tandoor,dinner,2,0,0,5,29.2,0.0,0,41,46.7,46.7,43,36,7
2025-05-14,R4,Urban Tandoor,lunch,2,0,0,5,29.2,0.0,0,26,32.6,32.6,31,27,4
2025-05-14,R5,Campus Canteen,dinner,2,0,0,5,33.6,0.3,0,77,91.4,91.4,78,69,9
2025-05-14,R5,Campus Canteen,lunch,2,0,0,5,33.6,0.3,0,48,59.4,59.4,58,53,5
2025-05-15,R1,Spice Route Kitchen,dinner,3,0,0,5,30.7,0.1,0,54,58.7,58.7,72,58,14
2025-05-15,R1,Spice Route Kitchen,lunch,3,0,0,5,30.7,0.1,0,38,40.7,40.7,48,39,9
2025-05-15,R2,Green Leaf Cafe,dinner,3,0,0,5,35.2,3.0,0,33,37.9,37.9,39,35,4
2025-05-15,R2,Green Leaf Cafe,lunch,3,0,0,5,35.2,3.0,0,19,24.4,24.4,27,23,4
2025-05-15,R3,Coastal Kitchen,dinner,3,0,0,5,32.8,2.1,0,58,67.3,67.3,78,59,19
2025-05-15,R3,Coastal Kitchen,lunch,3,0,0,5,32.8,2.1,0,40,45.9,45.9,53,41,12
2025-05-15,R4,Urban Tandoor,dinner,3,0,0,5,35.0,5.3,0,36,46.0,46.0,50,44,6
2025-05-15,R4,Urban Tandoor,lunch,3,0,0,5,35.0,5.3,0,27,32.3,32.3,32,28,4
2025-05-15,R5,Campus Canteen,dinner,3,0,0,5,32.2,2.7,0,69,90.0,90.0,93,82,11
2025-05-15,R5,Campus Canteen,lunch,3,0,0,5,32.2,2.7,0,53,58.6,58.6,61,53,8
2025-05-16,R1,Spice Route Kitchen,dinner,4,0,0,5,35.5,1.3,0,58,59.3,59.3,73,67,6
2025-05-16,R1,Spice Route Kitchen,lunch,4,0,0,5,35.5,1.3,0,39,41.3,41.3,50,45,5
2025-05-16,R2,Green Leaf Cafe,dinner,4,0,0,5,29.6,0.0,0,35,38.1,38.1,44,39,5
2025-05-16,R2,Green Leaf Cafe,lunch,4,0,0,5,29.6,0.0,0,23,24.0,24.0,36,31,5
2025-05-16,R3,Coastal Kitchen,dinner,4,0,0,5,31.2,3.2,0,59,66.6,66.6,96,73,23
2025-05-16,R3,Coastal Kitchen,lunch,4,0,0,5,31.2,3.2,0,41,45.1,45.1,68,54,14
2025-05-16,R4,Urban Tandoor,dinner,4,0,0,5,36.4,0.5,0,44,46.4,46.4,61,53,8
2025-05-16,R4,Urban Tandoor,lunch,4,0,0,5,36.4,0.5,0,28,32.1,32.1,45,38,7
2025-05-16,R5,Campus Canteen,dinner,4,0,0,5,32.8,5.5,0,82,90.1,90.1,111,101,10
2025-05-16,R5,Campus Canteen,lunch,4,0,0,5,32.8,5.5,0,53,58.7,58.7,68,63,5
2025-05-17,R1,Spice Route Kitchen,dinner,5,1,0,5,29.7,1.8,0,67,60.3,60.3,96,80,16
2025-05-17,R1,Spice Route Kitchen,lunch,5,1,0,5,29.7,1.8,0,45,41.9,41.9,55,46,9
2025-05-17,R2,Green Leaf Cafe,dinner,5,1,0,5,34.3,0.0,0,39,37.9,37.9,54,46,8
2025-05-17,R2,Green Leaf Cafe,lunch,5,1,0,5,34.3,0.0,0,31,24.9,24.9,38,33,5
2025-05-17,R3,Coastal Kitchen,dinner,5,1,0,5,35.5,5.4,0,73,66.0,66.0,116,91,25
2025-05-17,R3,Coastal Kitchen,lunch,5,1,0,5,35.5,5.4,0,54,45.9,45.9,82,64,18
2025-05-17,R4,Urban Tandoor,dinner,5,1,0,5,30.4,0.0,0,53,46.7,46.7,67,55,12
2025-05-17,R4,Urban Tandoor,lunch,5,1,0,5,30.4,0.0,0,38,32.6,32.6,48,40,8
2025-05-17,R5,Campus Canteen,dinner,5,1,0,5,32.2,0.0,0,101,89.6,89.6,118,112,6
2025-05-17,R5,Campus Canteen,lunch,5,1,0,5,32.2,0.0,0,63,58.4,58.4,70,67,3
2025-05-18,R1,Spice Route Kitchen,dinner,6,1,0,5,37.8,0.4,0,80,61.3,61.3,78,64,14
2025-05-18,R1,Spice Route Kitchen,lunch,6,1,0,5,37.8,0.4,0,46,41.6,41.6,61,50,11
2025-05-18,R2,Green Leaf Cafe,dinner,6,1,0,5,33.6,0.0,0,46,37.6,37.6,44,37,7
2025-05-18,R2,Green Leaf Cafe,lunch,6,1,0,5,33.6,0.0,0,33,24.9,24.9,33,28,5
2025-05-18,R3,Coastal Kitchen,dinner,6,1,0,5,34.1,0.0,0,91,67.6,67.6,108,81,27
2025-05-18,R3,Coastal Kitchen,lunch,6,1,0,5,34.1,0.0,0,64,47.1,47.1,68,54,14
2025-05-18,R4,Urban Tandoor,dinner,6,1,0,5,30.6,0.0,0,55,46.6,46.6,61,53,8
2025-05-18,R4,Urban Tandoor,lunch,6,1,0,5,30.6,0.0,0,40,32.3,32.3,50,40,10
2025-05-18,R5,Campus Canteen,dinner,6,1,0,5,35.0,5.1,0,112,89.9,89.9,122,110,12
2025-05-18,R5,Campus Canteen,lunch,6,1,0,5,35.0,5.1,0,67,57.1,57.1,81,72,9
2025-05-19,R1,Spice Route Kitchen,dinner,0,0,0,5,33.3,0.0,0,64,61.0,61.0,64,53,11
2025-05-19,R1,Spice Route Kitchen,lunch,0,0,0,5,33.3,0.0,0,50,42.0,42.0,42,33,9
2025-05-19,R2,Green Leaf Cafe,dinner,0,0,0,5,36.3,0.5,0,37,36.4,36.4,38,34,4
2025-05-19,R2,Green Leaf Cafe,lunch,0,0,0,5,36.3,0.5,0,28,24.9,24.9,26,23,3
2025-05-19,R3,Coastal Kitchen,dinner,0,0,0,5,32.4,0.0,0,81,68.6,68.6,79,61,18
2025-05-19,R3,Coastal Kitchen,lunch,0,0,0,5,32.4,0.0,0,54,47.6,47.6,49,38,11
2025-05-19,R4,Urban Tandoor,dinner,0,0,0,5,30.1,0.6,0,53,46.7,46.7,49,41,8
2025-05-19,R4,Urban Tandoor,lunch,0,0,0,5,30.1,0.6,0,40,32.6,32.6,35,29,6
2025-05-19,R5,Campus Canteen,dinner,0,0,0,5,28.6,0.2,0,110,90.1,90.1,91,79,12
2025-05-19,R5,Campus Canteen,lunch,0,0,0,5,28.6,0.2,0,72,58.0,58.0,59,53,6
2025-05-20,R1,Spice Route Kitchen,dinner,1,0,0,5,33.3,1.1,0,53,61.3,61.3,66,55,11
2025-05-20,R1,Spice Route Kitchen,lunch,1,0,0,5,33.3,1.1,0,33,41.3,41.3,38,32,6
2025-05-20,R2,Green Leaf Cafe,dinner,1,0,0,5,32.3,3.8,0,34,36.6,36.6,37,31,6
2025-05-20,R2,Green Leaf Cafe,lunch,1,0,0,5,32.3,3.8,0,23,25.1,25.1,23,21,2
2025-05-20,R3,Coastal Kitchen,dinner,1,0,0,5,36.8,0.0,0,61,69.0,69.0,86,64,22
2025-05-20,R3,Coastal Kitchen,lunch,1,0,0,5,36.8,0.0,0,38,47.1,47.1,48,37,11
2025-05-20,R4,Urban Tandoor,dinner,1,0,0,5,32.1,2.0,0,41,46.1,46.1,49,41,8
2025-05-20,R4,Urban Tandoor,lunch,1,0,0,5,32.1,2.0,0,29,32.6,32.6,33,28,5
2025-05-20,R5,Campus Canteen,dinner,1,0,0,5,33.3,8.3,0,79,90.0,90.0,68,62,6
2025-05-20,R5,Campus Canteen,lunch,1,0,0,5,33.3,8.3,0,53,58.4,58.4,52,45,7
2025-05-21,R1,Spice Route Kitchen,dinner,2,0,0,5,30.7,1.7,0,55,61.6,61.6,68,55,13
2025-05-21,R1,Spice Route Kitchen,lunch,2,0,0,5,30.7,1.7,0,32,40.4,40.4,39,32,7
2025-05-21,R2,Green Leaf Cafe,dinner,2,0,0,5,31.6,1.5,0,31,36.4,36.4,38,33,5
2025-05-21,R2,Green Leaf Cafe,lunch,2,0,0,5,31.6,1.5,0,21,25.4,25.4,26,22,4
2025-05-21,R3,Coastal Kitchen,dinner,2,0,0,5,32.7,2.1,0,64,69.6,69.6,90,68,22
2025-05-21,R3,Coastal Kitchen,lunch,2,0,0,5,32.7,2.1,0,37,46.9,46.9,52,40,12
2025-05-21,R4,Urban Tandoor,dinner,2,0,0,5,30.4,0.0,0,41,46.1,46.1,50,41,9
2025-05-21,R4,Urban Tandoor,lunch,2,0,0,5,30.4,0.0,0,28,32.9,32.9,30,25,5
2025-05-21,R5,Campus Canteen,dinner,2,0,0,5,35.6,0.8,0,62,87.9,87.9,89,79,10
2025-05-21,R5,Campus Canteen,lunch,2,0,0,5,35.6,0.8,0,45,58.0,58.0,54,47,7
2025-05-22,R1,Spice Route Kitchen,dinner,3,0,0,5,34.9,0.0,0,55,61.7,61.7,74,58,16
2025-05-22,R1,Spice Route Kitchen,lunch,3,0,0,5,34.9,0.0,0,32,39.6,39.6,44,36,8
2025-05-22,R2,Green Leaf Cafe,dinner,3,0,0,5,31.7,3.5,0,33,36.4,36.4,37,33,4
2025-05-22,R2,Green Leaf Cafe,lunch,3,0,0,5,31.7,3.5,0,22,25.9,25.9,27,24,3
2025-05-22,R3,Coastal Kitchen,dinner,3,0,0,5,34.8,2.4,0,68,71.0,71.0,85,62,23
2025-05-22,R3,Coastal Kitchen,lunch,3,0,0,5,34.8,2.4,0,40,46.9,46.9,55,44,11
2025-05-22,R4,Urban Tandoor,dinner,3,0,0,5,33.9,3.5,0,41,46.9,46.9,56,46,10
2025-05-22,R4,Urban Tandoor,lunch,3,0,0,5,33.9,3.5,0,25,32.6,32.6,33,28,5
2025-05-22,R5,Campus Canteen,dinner,3,0,0,5,34.4,0.0,0,79,89.3,89.3,106,92,14
2025-05-22,R5,Campus Canteen,lunch,3,0,0,5,34.4,0.0,0,47,57.1,57.1,59,54,5
2025-05-23,R1,Spice Route Kitchen,dinner,4,0,0,5,37.3,4.3,0,58,61.7,61.7,81,66,15
2025-05-23,R1,Spice Route Kitchen,lunch,4,0,0,5,37.3,4.3,0,36,39.1,39.1,56,45,11
2025-05-23,R2,Green Leaf Cafe,dinner,4,0,0,5,36.5,1.0,0,33,36.1,36.1,58,50,8
2025-05-23,R2,Green Leaf Cafe,lunch,4,0,0,5,36.5,1.0,0,24,26.0,26.0,32,28,4
2025-05-23,R3,Coastal Kitchen,dinner,4,0,0,5,33.2,0.0,0,62,71.4,71.4,106,82,24
2025-05-23,R3,Coastal Kitchen,lunch,4,0,0,5,33.2,0.0,0,44,47.3,47.3,61,48,13
2025-05-23,R4,Urban Tandoor,dinner,4,0,0,5,33.5,0.0,0,46,47.1,47.1,69,57,12
2025-05-23,R4,Urban Tandoor,lunch,4,0,0,5,33.5,0.0,0,28,32.6,32.6,37,34,3
2025-05-23,R5,Campus Canteen,dinner,4,0,0,5,31.8,6.5,0,92,90.7,90.7,95,85,10
2025-05-23,R5,Campus Canteen,lunch,4,0,0,5,31.8,6.5,0,54,57.3,57.3,74,65,9
2025-05-24,R1,Spice Route Kitchen,dinner,5,1,0,5,35.5,0.2,0,66,61.6,61.6,91,74,17
2025-05-24,R1,Spice Route Kitchen,lunch,5,1,0,5,35.5,0.2,0,45,39.1,39.1,60,48,12
2025-05-24,R2,Green Leaf Cafe,dinner,5,1,0,5,33.1,4.7,0,50,37.7,37.7,51,46,5
2025-05-24,R2,Green Leaf Cafe,lunch,5,1,0,5,33.1,4.7,0,28,25.6,25.6,38,31,7
2025-05-24,R3,Coastal Kitchen,dinner,5,1,0,5,30.7,2.0,0,82,72.7,72.7,125,91,34
2025-05-24,R3,Coastal Kitchen,lunch,5,1,0,5,30.7,2.0,0,48,46.4,46.4,80,62,18
2025-05-24,R4,Urban Tandoor,dinner,5,1,0,5,32.5,0.0,0,57,47.7,47.7,66,56,10
2025-05-24,R4,Urban Tandoor,lunch,5,1,0,5,32.5,0.0,0,34,32.0,32.0,42,36,6
2025-05-24,R5,Campus Canteen,dinner,5,1,0,5,32.7,1.0,0,85,88.4,88.4,131,116,15
2025-05-24,R5,Campus Canteen,lunch,5,1,0,5,32.7,1.0,0,65,57.6,57.6,81,72,9
2025-05-25,R1,Spice Route Kitchen,dinner,6,1,0,5,35.2,0.0,0,74,60.7,60.7,89,74,15
2025-05-25,R1,Spice Route Kitchen,lunch,6,1,0,5,35.2,0.0,0,48,39.4,39.4,55,47,8
2025-05-25,R2,Green Leaf Cafe,dinner,6,1,0,5,33.1,4.8,0,46,37.7,37.7,49,42,7
2025-05-25,R2,Green Leaf Cafe,lunch,6,1,0,5,33.1,4.8,0,31,25.3,25.3,31,27,4
2025-05-25,R3,Coastal Kitchen,dinner,6,1,0,5,32.2,0.0,0,91,72.7,72.7,101,78,23
2025-05-25,R3,Coastal Kitchen,lunch,6,1,0,5,32.2,0.0,0,62,46.1,46.1,66,50,16
2025-05-25,R4,Urban Tandoor,dinner,6,1,0,5,35.1,4.0,0,56,47.9,47.9,58,52,6
2025-05-25,R4,Urban Tandoor,lunch,6,1,0,5,35.1,4.0,0,36,31.4,31.4,44,36,8
2025-05-25,R5,Campus Canteen,dinner,6,1,0,5,34.0,0.8,0,116,89.0,89.0,96,89,7
2025-05-25,R5,Campus Canteen,lunch,6,1,0,5,34.0,0.8,0,72,58.3,58.3,75,68,7
2025-05-26,R1,Spice Route Kitchen,dinner,0,0,0,5,30.7,0.0,0,74,62.1,62.1,64,51,13
2025-05-26,R1,Spice Route Kitchen,lunch,0,0,0,5,30.7,0.0,0,47,39.0,39.0,42,35,7
2025-05-26,R2,Green Leaf Cafe,dinner,0,0,0,5,36.6,3.6,0,42,38.4,38.4,38,34,4
2025-05-26,R2,Green Leaf Cafe,lunch,0,0,0,5,36.6,3.6,0,27,25.1,25.1,22,20,2
2025-05-26,R3,Coastal Kitchen,dinner,0,0,0,5,34.1,0.6,0,78,72.3,72.3,78,60,18
2025-05-26,R3,Coastal Kitchen,lunch,0,0,0,5,34.1,0.6,0,50,45.6,45.6,50,39,11
2025-05-26,R4,Urban Tandoor,dinner,0,0,0,5,32.6,0.0,0,52,47.7,47.7,53,43,10
2025-05-26,R4,Urban Tandoor,lunch,0,0,0,5,32.6,0.0,0,36,30.9,30.9,30,26,4
2025-05-26,R5,Campus Canteen,dinner,0,0,0,5,33.0,0.1,0,89,86.0,86.0,83,73,10
2025-05-26,R5,Campus Canteen,lunch,0,0,0,5,33.0,0.1,0,68,57.7,57.7,58,53,5
2025-05-27,R1,Spice Route Kitchen,dinner,1,0,0,5,34.7,1.3,0,51,61.9,61.9,57,50,7
2025-05-27,R1,Spice Route Kitchen,lunch,1,0,0,5,34.7,1.3,0,35,39.3,39.3,41,35,6
2025-05-27,R2,Green Leaf Cafe,dinner,1,0,0,5,33.6,1.3,0,34,38.4,38.4,40,33,7
2025-05-27,R2,Green Leaf Cafe,lunch,1,0,0,5,33.6,1.3,0,20,24.7,24.7,23,20,3
2025-05-27,R3,Coastal Kitchen,dinner,1,0,0,5,33.2,1.4,0,60,72.1,72.1,77,56,21
2025-05-27,R3,Coastal Kitchen,lunch,1,0,0,5,33.2,1.4,0,39,45.7,45.7,49,38,11
2025-05-27,R4,Urban Tandoor,dinner,1,0,0,5,30.6,0.0,0,43,48.0,48.0,50,42,8
2025-05-27,R4,Urban Tandoor,lunch,1,0,0,5,30.6,0.0,0,26,30.4,30.4,31,27,4
2025-05-27,R5,Campus Canteen,dinner,1,0,0,5,36.8,0.0,1,73,85.1,85.1,114,98,16
2025-05-27,R5,Campus Canteen,lunch,1,0,0,5,36.8,0.0,1,53,57.7,57.7,65,60,5
2025-05-28,R1,Spice Route Kitchen,dinner,2,0,0,5,34.2,0.4,0,50,61.1,61.1,64,51,13
2025-05-28,R1,Spice Route Kitchen,lunch,2,0,0,5,34.2,0.4,0,35,39.7,39.7,46,38,8
2025-05-28,R2,Green Leaf Cafe,dinner,2,0,0,5,35.3,0.6,0,33,38.7,38.7,35,31,4
2025-05-28,R2,Green Leaf Cafe,lunch,2,0,0,5,35.3,0.6,0,20,24.6,24.6,24,21,3
2025-05-28,R3,Coastal Kitchen,dinner,2,0,0,5,34.2,0.9,1,56,71.0,71.0,104,82,22
2025-05-28,R3,Coastal Kitchen,lunch,2,0,0,5,34.2,0.9,1,38,45.9,45.9,69,55,14
2025-05-28,R4,Urban Tandoor,dinner,2,0,0,5,32.7,2.6,0,42,48.1,48.1,50,43,7
2025-05-28,R4,Urban Tandoor,lunch,2,0,0,5,32.7,2.6,0,27,30.3,30.3,32,28,4
2025-05-28,R5,Campus Canteen,dinner,2,0,0,5,32.6,0.0,0,98,90.3,90.3,97,87,10
2025-05-28,R5,Campus Canteen,lunch,2,0,0,5,32.6,0.0,0,60,59.9,59.9,57,52,5
2025-05-29,R1,Spice Route Kitchen,dinner,3,0,0,5,33.1,0.4,0,51,60.6,60.6,68,58,10
2025-05-29,R1,Spice Route Kitchen,lunch,3,0,0,5,33.1,0.4,0,38,40.6,40.6,45,36,9
2025-05-29,R2,Green Leaf Cafe,dinner,3,0,0,5,35.0,1.4,0,31,38.4,38.4,39,35,4
2025-05-29,R2,Green Leaf Cafe,lunch,3,0,0,5,35.0,1.4,0,21,24.4,24.4,26,22,4
2025-05-29,R3,Coastal Kitchen,dinner,3,0,0,5,33.6,0.0,0,82,73.0,73.0,94,69,25
2025-05-29,R3,Coastal Kitchen,lunch,3,0,0,5,33.6,0.0,0,55,48.0,48.0,62,46,16
2025-05-29,R4,Urban Tandoor,dinner,3,0,0,5,33.7,0.0,0,43,48.4,48.4,56,47,9
2025-05-29,R4,Urban Tandoor,lunch,3,0,0,5,33.7,0.0,0,28,30.7,30.7,36,30,6
2025-05-29,R5,Campus Canteen,dinner,3,0,0,5,34.4,0.0,0,87,91.4,91.4,90,78,12
2025-05-29,R5,Campus Canteen,lunch,3,0,0,5,34.4,0.0,0,52,60.6,60.6,69,58,11
2025-05-30,R1,Spice Route Kitchen,dinner,4,0,0,5,36.2,2.5,0,58,60.6,60.6,79,63,16
2025-05-30,R1,Spice Route Kitchen,lunch,4,0,0,5,36.2,2.5,0,36,40.6,40.6,50,42,8
2025-05-30,R2,Green Leaf Cafe,dinner,4,0,0,5,39.0,0.3,0,35,38.7,38.7,48,40,8
2025-05-30,R2,Green Leaf Cafe,lunch,4,0,0,5,39.0,0.3,0,22,24.1,24.1,32,28,4
2025-05-30,R3,Coastal Kitchen,dinner,4,0,0,5,35.6,0.0,0,69,74.0,74.0,112,87,25
2025-05-30,R3,Coastal Kitchen,lunch,4,0,0,5,35.6,0.0,0,46,48.3,48.3,70,54,16
2025-05-30,R4,Urban Tandoor,dinner,4,0,0,5,33.2,3.5,0,47,48.6,48.6,64,54,10
2025-05-30,R4,Urban Tandoor,lunch,4,0,0,5,33.2,3.5,0,30,31.0,31.0,48,40,8
2025-05-30,R5,Campus Canteen,dinner,4,0,0,5,35.4,3.3,0,78,89.4,89.4,120,102,18
2025-05-30,R5,Campus Canteen,lunch,4,0,0,5,35.4,3.3,0,58,61.1,61.1,73,64,9
2025-05-31,R1,Spice Route Kitchen,dinner,5,1,0,5,32.4,1.7,0,63,60.1,60.1,99,85,14
2025-05-31,R1,Spice Route Kitchen,lunch,5,1,0,5,32.4,1.7,0,42,40.1,40.1,60,49,11
2025-05-31,R2,Green Leaf Cafe,dinner,5,1,0,5,36.3,2.9,0,40,37.3,37.3,52,44,8
2025-05-31,R2,Green Leaf Cafe,lunch,5,1,0,5,36.3,2.9,0,28,24.1,24.1,35,29,6
2025-05-31,R3,Coastal Kitchen,dinner,5,1,0,5,38.3,0.0,0,87,74.7,74.7,105,83,22
2025-05-31,R3,Coastal Kitchen,lunch,5,1,0,5,38.3,0.0,0,54,49.1,49.1,79,63,16
2025-05-31,R4,Urban Tandoor,dinner,5,1,0,5,34.1,0.0,1,54,48.1,48.1,94,80,14
2025-05-31,R4,Urban Tandoor,lunch,5,1,0,5,34.1,0.0,1,40,31.9,31.9,66,54,12
2025-05-31,R5,Campus Canteen,dinner,5,1,0,5,34.7,0.1,0,102,91.9,91.9,117,102,15
2025-05-31,R5,Campus Canteen,lunch,5,1,0,5,34.7,0.1,0,64,61.0,61.0,73,66,7
2025-06-01,R1,Spice Route Kitchen,dinner,6,1,0,6,37.3,0.8,0,85,61.7,61.7,86,68,18
2025-06-01,R1,Spice Route Kitchen,lunch,6,1,0,6,37.3,0.8,0,49,40.3,40.3,57,46,11
2025-06-01,R2,Green Leaf Cafe,dinner,6,1,0,6,31.1,0.0,0,44,37.0,37.0,55,45,10
2025-06-01,R2,Green Leaf Cafe,lunch,6,1,0,6,31.1,0.0,0,29,23.9,23.9,30,27,3
2025-06-01,R3,Coastal Kitchen,dinner,6,1,0,6,31.9,2.4,0,83,73.6,73.6,95,70,25
2025-06-01,R3,Coastal Kitchen,lunch,6,1,0,6,31.9,2.4,0,63,49.3,49.3,70,53,17
2025-06-01,R4,Urban Tandoor,dinner,6,1,0,6,33.7,0.0,0,80,51.6,51.6,65,55,10
2025-06-01,R4,Urban Tandoor,lunch,6,1,0,6,33.7,0.0,0,54,34.4,34.4,42,35,7
2025-06-01,R5,Campus Canteen,dinner,6,1,0,6,31.8,0.0,0,102,89.9,89.9,117,104,13
2025-06-01,R5,Campus Canteen,lunch,6,1,0,6,31.8,0.0,0,66,60.1,60.1,79,72,7
2025-06-02,R1,Spice Route Kitchen,dinner,0,0,0,6,33.5,3.8,0,68,60.9,60.9,69,54,15
2025-06-02,R1,Spice Route Kitchen,lunch,0,0,0,6,33.5,3.8,0,46,40.1,40.1,41,35,6
2025-06-02,R2,Green Leaf Cafe,dinner,0,0,0,6,37.2,0.0,0,45,37.4,37.4,37,32,5
2025-06-02,R2,Green Leaf Cafe,lunch,0,0,0,6,37.2,0.0,0,27,23.9,23.9,28,23,5
2025-06-02,R3,Coastal Kitchen,dinner,0,0,0,6,33.7,2.0,0,70,72.4,72.4,69,53,16
2025-06-02,R3,Coastal Kitchen,lunch,0,0,0,6,33.7,2.0,0,53,49.7,49.7,57,44,13
2025-06-02,R4,Urban Tandoor,dinner,0,0,0,6,34.2,0.0,0,55,52.0,52.0,54,44,10
2025-06-02,R4,Urban Tandoor,lunch,0,0,0,6,34.2,0.0,0,35,34.3,34.3,36,30,6
2025-06-02,R5,Campus Canteen,dinner,0,0,0,6,36.2,3.0,0,104,92.0,92.0,87,77,10
2025-06-02,R5,Campus Canteen,lunch,0,0,0,6,36.2,3.0,0,72,60.7,60.7,51,46,5
2025-06-03,R1,Spice Route Kitchen,dinner,1,0,0,6,34.3,0.0,0,54,61.3,61.3,60,48,12
2025-06-03,R1,Spice Route Kitchen,lunch,1,0,0,6,34.3,0.0,0,35,40.1,40.1,39,34,5
2025-06-03,R2,Green Leaf Cafe,dinner,1,0,0,6,35.1,2.1,0,32,37.1,37.1,41,35,6
2025-06-03,R2,Green Leaf Cafe,lunch,1,0,0,6,35.1,2.1,0,23,24.3,24.3,26,21,5
2025-06-03,R3,Coastal Kitchen,dinner,1,0,0,6,34.9,0.0,0,53,71.4,71.4,79,62,17
2025-06-03,R3,Coastal Kitchen,lunch,1,0,0,6,34.9,0.0,0,44,50.4,50.4,48,39,9
2025-06-03,R4,Urban Tandoor,dinner,1,0,0,6,33.7,1.7,0,44,52.1,52.1,49,42,7
2025-06-03,R4,Urban Tandoor,lunch,1,0,0,6,33.7,1.7,0,30,34.9,34.9,29,25,4
2025-06-03,R5,Campus Canteen,dinner,1,0,0,6,33.0,3.8,0,77,92.6,92.6,96,84,12
2025-06-03,R5,Campus Canteen,lunch,1,0,0,6,33.0,3.8,0,46,59.7,59.7,53,48,5
2025-06-04,R1,Spice Route Kitchen,dinner,2,0,0,6,37.2,8.8,0,48,61.0,61.0,55,45,10
2025-06-04,R1,Spice Route Kitchen,lunch,2,0,0,6,37.2,8.8,0,34,40.0,40.0,40,33,7
2025-06-04,R2,Green Leaf Cafe,dinner,2,0,0,6,38.0,0.0,0,35,37.4,37.4,35,31,4
2025-06-04,R2,Green Leaf Cafe,lunch,2,0,0,6,38.0,0.0,0,21,24.4,24.4,29,23,6
2025-06-04,R3,Coastal Kitchen,dinner,2,0,0,6,33.7,0.0,0,62,72.3,72.3,79,60,19
2025-06-04,R3,Coastal Kitchen,lunch,2,0,0,6,33.7,0.0,0,39,50.6,50.6,53,41,12
2025-06-04,R4,Urban Tandoor,dinner,2,0,0,6,33.9,0.0,0,42,52.1,52.1,48,41,7
2025-06-04,R4,Urban Tandoor,lunch,2,0,0,6,33.9,0.0,0,25,34.6,34.6,30,25,5
2025-06-04,R5,Campus Canteen,dinner,2,0,0,6,36.6,0.0,0,84,90.6,90.6,85,77,8
2025-06-04,R5,Campus Canteen,lunch,2,0,0,6,36.6,0.0,0,48,58.0,58.0,56,50,6
2025-06-05,R1,Spice Route Kitchen,dinner,3,0,0,6,34.7,0.7,0,45,60.1,60.1,70,57,13
2025-06-05,R1,Spice Route Kitchen,lunch,3,0,0,6,34.7,0.7,0,33,39.3,39.3,39,34,5
2025-06-05,R2,Green Leaf Cafe,dinner,3,0,0,6,35.4,1.6,0,31,37.4,37.4,44,37,7
2025-06-05,R2,Green Leaf Cafe,lunch,3,0,0,6,35.4,1.6,0,23,24.7,24.7,26,22,4
2025-06-05,R3,Coastal Kitchen,dinner,3,0,0,6,37.3,2.3,0,60,69.1,69.1,78,61,17
2025-06-05,R3,Coastal Kitchen,lunch,3,0,0,6,37.3,2.3,0,41,48.6,48.6,55,44,11
2025-06-05,R4,Urban Tandoor,dinner,3,0,0,6,34.0,2.4,0,41,51.9,51.9,57,47,10
2025-06-05,R4,Urban Tandoor,lunch,3,0,0,6,34.0,2.4,0,25,34.1,34.1,36,29,7
2025-06-05,R5,Campus Canteen,dinner,3,0,0,6,33.9,0.0,0,77,89.1,89.1,97,83,14
2025-06-05,R5,Campus Canteen,lunch,3,0,0,6,33.9,0.0,0,50,57.7,57.7,62,58,4
2025-06-06,R1,Spice Route Kitchen,dinner,4,0,0,6,33.5,0.4,0,57,60.0,60.0,90,70,20
2025-06-06,R1,Spice Route Kitchen,lunch,4,0,0,6,33.5,0.4,0,34,39.0,39.0,53,44,9
2025-06-06,R2,Green Leaf Cafe,dinner,4,0,0,6,32.7,4.6,0,37,37.7,37.7,48,42,6
2025-06-06,R2,Green Leaf Cafe,lunch,4,0,0,6,32.7,4.6,0,22,24.7,24.7,33,29,4
2025-06-06,R3,Coastal Kitchen,dinner,4,0,0,6,33.2,0.0,0,61,68.0,68.0,96,76,20
2025-06-06,R3,Coastal Kitchen,lunch,4,0,0,6,33.2,0.0,0,44,48.3,48.3,60,47,13
2025-06-06,R4,Urban Tandoor,dinner,4,0,0,6,33.6,1.9,0,47,51.9,51.9,54,45,9
2025-06-06,R4,Urban Tandoor,lunch,4,0,0,6,33.6,1.9,0,29,34.0,34.0,37,33,4
2025-06-06,R5,Campus Canteen,dinner,4,0,0,6,34.3,0.0,0,83,89.9,89.9,96,91,5
2025-06-06,R5,Campus Canteen,lunch,4,0,0,6,34.3,0.0,0,58,57.7,57.7,68,61,7
2025-06-07,R1,Spice Route Kitchen,dinner,5,1,0,6,35.7,3.3,0,70,61.0,61.0,95,77,18
2025-06-07,R1,Spice Route Kitchen,lunch,5,1,0,6,35.7,3.3,0,44,39.3,39.3,66,53,13
2025-06-07,R2,Green Leaf Cafe,dinner,5,1,0,6,36.0,0.5,0,42,38.0,38.0,49,44,5
2025-06-07,R2,Green Leaf Cafe,lunch,5,1,0,6,36.0,0.5,0,29,24.9,24.9,33,29,4
2025-06-07,R3,Coastal Kitchen,dinner,5,1,0,6,34.8,0.0,0,76,66.4,66.4,108,87,21
2025-06-07,R3,Coastal Kitchen,lunch,5,1,0,6,34.8,0.0,0,47,47.3,47.3,75,57,18
2025-06-07,R4,Urban Tandoor,dinner,5,1,0,6,35.3,0.0,0,45,50.6,50.6,68,60,8
2025-06-07,R4,Urban Tandoor,lunch,5,1,0,6,35.3,0.0,0,33,33.0,33.0,48,39,9
2025-06-07,R5,Campus Canteen,dinner,5,1,0,6,34.4,0.0,1,91,88.3,88.3,171,148,23
2025-06-07,R5,Campus Canteen,lunch,5,1,0,6,34.4,0.0,1,61,57.3,57.3,124,105,19
2025-06-08,R1,Spice Route Kitchen,dinner,6,1,0,6,32.5,2.5,0,77,59.9,59.9,92,72,20
2025-06-08,R1,Spice Route Kitchen,lunch,6,1,0,6,32.5,2.5,0,53,39.9,39.9,55,43,12
2025-06-08,R2,Green Leaf Cafe,dinner,6,1,0,6,35.2,0.3,0,44,38.0,38.0,54,47,7
2025-06-08,R2,Green Leaf Cafe,lunch,6,1,0,6,35.2,0.3,0,29,24.9,24.9,33,30,3
2025-06-08,R3,Coastal Kitchen,dinner,6,1,0,6,34.5,0.0,0,87,67.0,67.0,95,73,22
2025-06-08,R3,Coastal Kitchen,lunch,6,1,0,6,34.5,0.0,0,57,46.4,46.4,66,50,16
2025-06-08,R4,Urban Tandoor,dinner,6,1,0,6,35.6,2.4,0,60,47.7,47.7,62,51,11
2025-06-08,R4,Urban Tandoor,lunch,6,1,0,6,35.6,2.4,0,39,30.9,30.9,39,33,6
2025-06-08,R5,Campus Canteen,dinner,6,1,0,6,35.5,0.0,0,148,94.9,94.9,124,109,15
2025-06-08,R5,Campus Canteen,lunch,6,1,0,6,35.5,0.0,0,105,62.9,62.9,80,74,6
2025-06-09,R1,Spice Route Kitchen,dinner,0,0,0,6,34.2,0.0,0,72,60.4,60.4,68,56,12
2025-06-09,R1,Spice Route Kitchen,lunch,0,0,0,6,34.2,0.0,0,43,39.4,39.4,43,35,8
2025-06-09,R2,Green Leaf Cafe,dinner,0,0,0,6,33.9,1.8,0,47,38.3,38.3,35,30,5
2025-06-09,R2,Green Leaf Cafe,lunch,0,0,0,6,33.9,1.8,0,30,25.3,25.3,25,21,4
2025-06-09,R3,Coastal Kitchen,dinner,0,0,0,6,35.9,3.1,0,73,67.4,67.4,82,66,16
2025-06-09,R3,Coastal Kitchen,lunch,0,0,0,6,35.9,3.1,0,50,46.0,46.0,53,41,12
2025-06-09,R4,Urban Tandoor,dinner,0,0,0,6,34.0,5.6,0,51,47.1,47.1,46,39,7
2025-06-09,R4,Urban Tandoor,lunch,0,0,0,6,34.0,5.6,0,33,30.6,30.6,34,28,6
2025-06-09,R5,Campus Canteen,dinner,0,0,0,6,32.8,1.3,0,109,95.6,95.6,83,74,9
2025-06-09,R5,Campus Canteen,lunch,0,0,0,6,32.8,1.3,0,74,63.1,63.1,62,56,6
2025-06-10,R1,Spice Route Kitchen,dinner,1,0,0,6,35.5,0.0,0,56,60.7,60.7,61,51,10
2025-06-10,R1,Spice Route Kitchen,lunch,1,0,0,6,35.5,0.0,0,35,39.4,39.4,41,34,7
2025-06-10,R2,Green Leaf Cafe,dinner,1,0,0,6,37.8,0.0,0,30,38.0,38.0,38,34,4
2025-06-10,R2,Green Leaf Cafe,lunch,1,0,0,6,37.8,0.0,0,21,25.0,25.0,26,23,3
2025-06-10,R3,Coastal Kitchen,dinner,1,0,0,6,33.0,8.8,0,66,69.3,69.3,55,42,13
2025-06-10,R3,Coastal Kitchen,lunch,1,0,0,6,33.0,8.8,0,41,45.6,45.6,38,30,8
2025-06-10,R4,Urban Tandoor,dinner,1,0,0,6,34.0,0.0,0,39,46.4,46.4,49,42,7
2025-06-10,R4,Urban Tandoor,lunch,1,0,0,6,34.0,0.0,0,28,30.3,30.3,29,25,4
2025-06-10,R5,Campus Canteen,dinner,1,0,0,6,34.5,4.0,0,74,95.1,95.1,84,75,9
2025-06-10,R5,Campus Canteen,lunch,1,0,0,6,34.5,4.0,0,56,64.6,64.6,51,45,6
2025-06-11,R1,Spice Route Kitchen,dinner,2,0,0,6,34.3,5.7,0,51,61.1,61.1,61,50,11
2025-06-11,R1,Spice Route Kitchen,lunch,2,0,0,6,34.3,5.7,0,34,39.4,39.4,40,35,5
2025-06-11,R2,Green Leaf Cafe,dinner,2,0,0,6,33.9,0.0,0,34,37.9,37.9,34,31,3
2025-06-11,R2,Green Leaf Cafe,lunch,2,0,0,6,33.9,0.0,0,23,25.3,25.3,27,24,3
2025-06-11,R3,Coastal Kitchen,dinner,2,0,0,6,36.5,0.0,0,42,66.4,66.4,73,57,16
2025-06-11,R3,Coastal Kitchen,lunch,2,0,0,6,36.5,0.0,0,30,44.3,44.3,53,43,10
2025-06-11,R4,Urban Tandoor,dinner,2,0,0,6,32.8,3.5,0,42,46.4,46.4,47,39,8
2025-06-11,R4,Urban Tandoor,lunch,2,0,0,6,32.8,3.5,0,25,30.3,30.3,30,26,4
2025-06-11,R5,Campus Canteen,dinner,2,0,0,6,35.3,4.0,0,75,93.9,93.9,81,76,5
2025-06-11,R5,Campus Canteen,lunch,2,0,0,6,35.3,4.0,0,45,64.1,64.1,56,50,6
2025-06-12,R1,Spice Route Kitchen,dinner,3,0,0,6,33.5,4.5,0,50,61.9,61.9,67,55,12
2025-06-12,R1,Spice Route Kitchen,lunch,3,0,0,6,33.5,4.5,0,35,39.7,39.7,49,40,9
2025-06-12,R2,Green Leaf Cafe,dinner,3,0,0,6,35.7,5.9,0,31,37.9,37.9,39,34,5
2025-06-12,R2,Green Leaf Cafe,lunch,3,0,0,6,35.7,5.9,0,24,25.4,25.4,27,23,4
2025-06-12,R3,Coastal Kitchen,dinner,3,0,0,6,33.4,0.0,0,57,66.0,66.0,86,66,20
2025-06-12,R3,Coastal Kitchen,lunch,3,0,0,6,33.4,0.0,0,43,44.6,44.6,56,43,13
2025-06-12,R4,Urban Tandoor,dinner,3,0,0,6,35.4,2.8,0,39,46.1,46.1,50,42,8
2025-06-12,R4,Urban Tandoor,lunch,3,0,0,6,35.4,2.8,0,26,30.4,30.4,33,27,6
2025-06-12,R5,Campus Canteen,dinner,3,0,0,6,34.6,5.9,0,76,93.7,93.7,90,83,7
2025-06-12,R5,Campus Canteen,lunch,3,0,0,6,34.6,5.9,0,50,64.1,64.1,61,54,7
2025-06-13,R1,Spice Route Kitchen,dinner,4,0,0,6,34.9,5.6,0,55,61.6,61.6,82,66,16
2025-06-13,R1,Spice Route Kitchen,lunch,4,0,0,6,34.9,5.6,0,40,40.6,40.6,46,38,8
2025-06-13,R2,Green Leaf Cafe,dinner,4,0,0,6,33.0,4.6,0,34,37.4,37.4,49,40,9
2025-06-13,R2,Green Leaf Cafe,lunch,4,0,0,6,33.0,4.6,0,23,25.6,25.6,33,29,4
2025-06-13,R3,Coastal Kitchen,dinner,4,0,0,6,35.3,0.0,0,66,66.7,66.7,103,81,22
2025-06-13,R3,Coastal Kitchen,lunch,4,0,0,6,35.3,0.0,0,43,44.4,44.4,64,50,14
2025-06-13,R4,Urban Tandoor,dinner,4,0,0,6,31.8,0.0,0,42,45.4,45.4,52,45,7
2025-06-13,R4,Urban Tandoor,lunch,4,0,0,6,31.8,0.0,0,27,30.1,30.1,40,33,7
2025-06-13,R5,Campus Canteen,dinner,4,0,0,6,32.0,0.0,0,83,93.7,93.7,119,109,10
2025-06-13,R5,Campus Canteen,lunch,4,0,0,6,32.0,0.0,0,54,63.6,63.6,67,61,6
2025-06-14,R1,Spice Route Kitchen,dinner,5,1,0,6,35.9,0.0,0,66,61.0,61.0,96,78,18
2025-06-14,R1,Spice Route Kitchen,lunch,5,1,0,6,35.9,0.0,0,38,39.7,39.7,64,52,12
2025-06-14,R2,Green Leaf Cafe,dinner,5,1,0,6,33.5,0.0,0,40,37.1,37.1,47,42,5
2025-06-14,R2,Green Leaf Cafe,lunch,5,1,0,6,33.5,0.0,0,29,25.6,25.6,36,32,4
2025-06-14,R3,Coastal Kitchen,dinner,5,1,0,6,37.6,4.7,0,81,67.4,67.4,119,91,28
2025-06-14,R3,Coastal Kitchen,lunch,5,1,0,6,37.6,4.7,0,50,44.9,44.9,65,54,11
2025-06-14,R4,Urban Tandoor,dinner,5,1,0,6,34.6,5.6,0,45,45.4,45.4,65,56,9
2025-06-14,R4,Urban Tandoor,lunch,5,1,0,6,34.6,5.6,0,33,30.1,30.1,49,41,8
2025-06-14,R5,Campus Canteen,dinner,5,1,0,6,35.6,3.6,0,109,96.3,96.3,132,111,21
2025-06-14,R5,Campus Canteen,lunch,5,1,0,6,35.6,3.6,0,61,63.6,63.6,73,67,6
2025-06-15,R1,Spice Route Kitchen,dinner,6,1,0,6,33.8,2.5,0,78,61.1,61.1,68,58,10
2025-06-15,R1,Spice Route Kitchen,lunch,6,1,0,6,33.8,2.5,0,52,39.6,39.6,58,46,12
2025-06-15,R2,Green Leaf Cafe,dinner,6,1,0,6,37.5,0.6,0,42,36.9,36.9,54,48,6
2025-06-15,R2,Green Leaf Cafe,lunch,6,1,0,6,37.5,0.6,0,32,26.0,26.0,32,28,4
2025-06-15,R3,Coastal Kitchen,dinner,6,1,0,6,33.4,3.9,0,91,68.0,68.0,96,74,22
2025-06-15,R3,Coastal Kitchen,lunch,6,1,0,6,33.4,3.9,0,54,44.4,44.4,68,51,17
2025-06-15,R4,Urban Tandoor,dinner,6,1,0,6,35.2,0.0,0,56,44.9,44.9,63,53,10
2025-06-15,R4,Urban Tandoor,lunch,6,1,0,6,35.2,0.0,0,41,30.4,30.4,46,39,7
2025-06-15,R5,Campus Canteen,dinner,6,1,0,6,33.4,0.0,0,111,91.0,91.0,105,96,9
2025-06-15,R5,Campus Canteen,lunch,6,1,0,6,33.4,0.0,0,67,58.1,58.1,80,70,10
2025-06-16,R1,Spice Route Kitchen,dinner,0,0,0,6,32.6,0.0,0,58,59.1,59.1,65,50,15
2025-06-16,R1,Spice Route Kitchen,lunch,0,0,0,6,32.6,0.0,0,46,40.0,40.0,38,32,6
2025-06-16,R2,Green Leaf Cafe,dinner,0,0,0,6,34.1,3.7,0,48,37.0,37.0,38,33,5
2025-06-16,R2,Green Leaf Cafe,lunch,0,0,0,6,34.1,3.7,0,28,25.7,25.7,24,21,3
2025-06-16,R3,Coastal Kitchen,dinner,0,0,0,6,37.1,1.0,0,74,68.1,68.1,66,52,14
2025-06-16,R3,Coastal Kitchen,lunch,0,0,0,6,37.1,1.0,0,51,44.6,44.6,56,43,13
2025-06-16,R4,Urban Tandoor,dinner,0,0,0,6,36.1,2.7,0,53,45.1,45.1,50,43,7
2025-06-16,R4,Urban Tandoor,lunch,0,0,0,6,36.1,2.7,0,39,31.3,31.3,37,30,7
2025-06-16,R5,Campus Canteen,dinner,0,0,0,6,35.4,4.2,0,96,89.1,89.1,97,86,11
2025-06-16,R5,Campus Canteen,lunch,0,0,0,6,35.4,4.2,0,70,57.6,57.6,56,51,5
2025-06-17,R1,Spice Route Kitchen,dinner,1,0,0,6,38.6,0.0,0,50,58.3,58.3,60,51,9
2025-06-17,R1,Spice Route Kitchen,lunch,1,0,0,6,38.6,0.0,0,32,39.6,39.6,37,32,5
2025-06-17,R2,Green Leaf Cafe,dinner,1,0,0,6,39.2,1.4,0,33,37.4,37.4,38,32,6
2025-06-17,R2,Green Leaf Cafe,lunch,1,0,0,6,39.2,1.4,0,21,25.7,25.7,25,22,3
2025-06-17,R3,Coastal Kitchen,dinner,1,0,0,6,36.5,0.0,0,52,66.1,66.1,73,57,16
2025-06-17,R3,Coastal Kitchen,lunch,1,0,0,6,36.5,0.0,0,43,44.9,44.9,55,40,15
2025-06-17,R4,Urban Tandoor,dinner,1,0,0,6,32.9,0.0,0,43,45.7,45.7,52,44,8
2025-06-17,R4,Urban Tandoor,lunch,1,0,0,6,32.9,0.0,0,30,31.6,31.6,29,24,5
2025-06-17,R5,Campus Canteen,dinner,1,0,0,6,37.1,0.5,0,86,90.9,90.9,91,81,10
2025-06-17,R5,Campus Canteen,lunch,1,0,0,6,37.1,0.5,0,51,56.9,56.9,48,46,2
2025-06-18,R1,Spice Route Kitchen,dinner,2,0,0,6,34.8,0.0,0,51,58.3,58.3,64,54,10
2025-06-18,R1,Spice Route Kitchen,lunch,2,0,0,6,34.8,0.0,0,32,39.3,39.3,44,36,8
2025-06-18,R2,Green Leaf Cafe,dinner,2,0,0,6,34.9,0.2,0,32,37.1,37.1,45,40,5
2025-06-18,R2,Green Leaf Cafe,lunch,2,0,0,6,34.9,0.2,0,22,25.6,25.6,24,22,2
2025-06-18,R3,Coastal Kitchen,dinner,2,0,0,6,34.9,1.5,0,57,68.3,68.3,81,62,19
2025-06-18,R3,Coastal Kitchen,lunch,2,0,0,6,34.9,1.5,0,40,46.3,46.3,55,43,12
2025-06-18,R4,Urban Tandoor,dinner,2,0,0,6,33.6,0.0,0,44,46.0,46.0,53,43,10
2025-06-18,R4,Urban Tandoor,lunch,2,0,0,6,33.6,0.0,0,24,31.4,31.4,33,28,5
2025-06-18,R5,Campus Canteen,dinner,2,0,0,6,35.4,0.0,0,81,91.7,91.7,86,75,11
2025-06-18,R5,Campus Canteen,lunch,2,0,0,6,35.4,0.0,0,46,57.0,57.0,65,55,10
2025-06-19,R1,Spice Route Kitchen,dinner,3,0,0,6,36.7,0.0,0,54,58.9,58.9,67,54,13
2025-06-19,R1,Spice Route Kitchen,lunch,3,0,0,6,36.7,0.0,0,36,39.4,39.4,43,37,6
2025-06-19,R2,Green Leaf Cafe,dinner,3,0,0,6,35.2,0.0,0,40,38.4,38.4,43,37,6
2025-06-19,R2,Green Leaf Cafe,lunch,3,0,0,6,35.2,0.0,0,22,25.3,25.3,25,22,3
2025-06-19,R3,Coastal Kitchen,dinner,3,0,0,6,34.2,2.9,0,62,69.0,69.0,83,65,18
2025-06-19,R3,Coastal Kitchen,lunch,3,0,0,6,34.2,2.9,0,43,46.3,46.3,58,45,13
2025-06-19,R4,Urban Tandoor,dinner,3,0,0,6,32.7,1.1,0,43,46.6,46.6,57,46,11
2025-06-19,R4,Urban Tandoor,lunch,3,0,0,6,32.7,1.1,0,28,31.7,31.7,35,29,6
2025-06-19,R5,Campus Canteen,dinner,3,0,0,6,35.4,0.0,0,75,91.6,91.6,93,83,10
2025-06-19,R5,Campus Canteen,lunch,3,0,0,6,35.4,0.0,0,55,57.7,57.7,61,53,8
2025-06-20,R1,Spice Route Kitchen,dinner,4,0,0,6,36.2,0.0,0,54,58.7,58.7,88,69,19
2025-06-20,R1,Spice Route Kitchen,lunch,4,0,0,6,36.2,0.0,0,37,39.0,39.0,56,46,10
2025-06-20,R2,Green Leaf Cafe,dinner,4,0,0,6,36.1,0.0,0,37,38.9,38.9,51,44,7
2025-06-20,R2,Green Leaf Cafe,lunch,4,0,0,6,36.1,0.0,0,22,25.1,25.1,31,26,5
2025-06-20,R3,Coastal Kitchen,dinner,4,0,0,6,33.7,4.1,0,65,68.9,68.9,83,65,18
2025-06-20,R3,Coastal Kitchen,lunch,4,0,0,6,33.7,4.1,0,45,46.6,46.6,62,47,15
2025-06-20,R4,Urban Tandoor,dinner,4,0,0,6,35.8,0.1,0,46,47.1,47.1,61,51,10
2025-06-20,R4,Urban Tandoor,lunch,4,0,0,6,35.8,0.1,0,29,32.0,32.0,38,31,7
2025-06-20,R5,Campus Canteen,dinner,4,0,0,6,37.7,1.3,1,83,91.6,91.6,138,138,0
2025-06-20,R5,Campus Canteen,lunch,4,0,0,6,37.7,1.3,1,53,57.6,57.6,109,94,15
2025-06-21,R1,Spice Route Kitchen,dinner,5,1,0,6,38.9,0.0,0,69,59.1,59.1,82,68,14
2025-06-21,R1,Spice Route Kitchen,lunch,5,1,0,6,38.9,0.0,0,46,40.1,40.1,64,54,10
2025-06-21,R2,Green Leaf Cafe,dinner,5,1,0,6,33.3,0.9,0,44,39.4,39.4,49,41,8
2025-06-21,R2,Green Leaf Cafe,lunch,5,1,0,6,33.3,0.9,0,26,24.7,24.7,36,31,5
2025-06-21,R3,Coastal Kitchen,dinner,5,1,0,6,36.9,0.0,0,65,66.6,66.6,115,88,27
2025-06-21,R3,Coastal Kitchen,lunch,5,1,0,6,36.9,0.0,0,47,46.1,46.1,60,47,13
2025-06-21,R4,Urban Tandoor,dinner,5,1,0,6,36.4,0.0,0,51,48.0,48.0,66,56,10
2025-06-21,R4,Urban Tandoor,lunch,5,1,0,6,36.4,0.0,0,31,31.7,31.7,51,43,8
2025-06-21,R5,Campus Canteen,dinner,5,1,0,6,35.9,1.0,0,138,95.7,95.7,126,114,12
2025-06-21,R5,Campus Canteen,lunch,5,1,0,6,35.9,1.0,0,94,62.3,62.3,85,75,10
2025-06-22,R1,Spice Route Kitchen,dinner,6,1,0,6,35.8,0.1,0,68,57.7,57.7,84,65,19
2025-06-22,R1,Spice Route Kitchen,lunch,6,1,0,6,35.8,0.1,0,54,40.4,40.4,52,44,8
2025-06-22,R2,Green Leaf Cafe,dinner,6,1,0,6,34.8,0.0,0,41,39.3,39.3,43,37,6
2025-06-22,R2,Green Leaf Cafe,lunch,6,1,0,6,34.8,0.0,0,31,24.6,24.6,33,29,4
2025-06-22,R3,Coastal Kitchen,dinner,6,1,0,6,36.9,0.0,0,88,66.1,66.1,90,73,17
2025-06-22,R3,Coastal Kitchen,lunch,6,1,0,6,36.9,0.0,0,47,45.1,45.1,63,49,14
2025-06-22,R4,Urban Tandoor,dinner,6,1,0,6,37.2,3.2,0,56,48.0,48.0,61,54,7
2025-06-22,R4,Urban Tandoor,lunch,6,1,0,6,37.2,3.2,0,43,32.0,32.0,48,40,8
2025-06-22,R5,Campus Canteen,dinner,6,1,0,6,38.0,2.7,0,114,96.1,96.1,119,107,12
2025-06-22,R5,Campus Canteen,lunch,6,1,0,6,38.0,2.7,0,75,63.4,63.4,80,69,11
2025-06-23,R1,Spice Route Kitchen,dinner,0,0,0,6,35.6,3.1,0,65,58.7,58.7,52,44,8
2025-06-23,R1,Spice Route Kitchen,lunch,0,0,0,6,35.6,3.1,0,44,40.1,40.1,41,35,6
2025-06-23,R2,Green Leaf Cafe,dinner,0,0,0,6,36.0,0.0,0,37,37.7,37.7,35,31,4
2025-06-23,R2,Green Leaf Cafe,lunch,0,0,0,6,36.0,0.0,0,29,24.7,24.7,24,22,2
2025-06-23,R3,Coastal Kitchen,dinner,0,0,0,6,32.8,4.9,0,73,66.0,66.0,72,54,18
2025-06-23,R3,Coastal Kitchen,lunch,0,0,0,6,32.8,4.9,0,49,44.9,44.9,52,41,11
2025-06-23,R4,Urban Tandoor,dinner,0,0,0,6,37.1,1.8,0,54,48.1,48.1,48,41,7
2025-06-23,R4,Urban Tandoor,lunch,0,0,0,6,37.1,1.8,0,40,32.1,32.1,35,27,8
2025-06-23,R5,Campus Canteen,dinner,0,0,0,6,37.0,0.9,0,107,97.7,97.7,92,88,4
2025-06-23,R5,Campus Canteen,lunch,0,0,0,6,37.0,0.9,0,69,63.3,63.3,60,55,5
2025-06-24,R1,Spice Route Kitchen,dinner,1,0,0,6,31.4,0.0,0,44,57.9,57.9,68,55,13
2025-06-24,R1,Spice Route Kitchen,lunch,1,0,0,6,31.4,0.0,0,35,40.6,40.6,45,37,8
2025-06-24,R2,Green Leaf Cafe,dinner,1,0,0,6,36.7,0.0,0,31,37.4,37.4,38,33,5
2025-06-24,R2,Green Leaf Cafe,lunch,1,0,0,6,36.7,0.0,0,22,24.9,24.9,28,24,4
2025-06-24,R3,Coastal Kitchen,dinner,1,0,0,6,30.6,0.0,0,54,66.3,66.3,70,57,13
2025-06-24,R3,Coastal Kitchen,lunch,1,0,0,6,30.6,0.0,0,41,44.6,44.6,50,38,12
2025-06-24,R4,Urban Tandoor,dinner,1,0,0,6,33.0,5.7,0,41,47.9,47.9,50,44,6
2025-06-24,R4,Urban Tandoor,lunch,1,0,0,6,33.0,5.7,0,27,31.7,31.7,35,29,6
2025-06-24,R5,Campus Canteen,dinner,1,0,0,6,36.3,0.0,0,88,98.0,98.0,82,74,8
2025-06-24,R5,Campus Canteen,lunch,1,0,0,6,36.3,0.0,0,55,63.9,63.9,56,51,5
2025-06-25,R1,Spice Route Kitchen,dinner,2,0,0,6,36.5,0.0,0,55,58.4,58.4,68,55,13
2025-06-25,R1,Spice Route Kitchen,lunch,2,0,0,6,36.5,0.0,0,37,41.3,41.3,44,37,7
2025-06-25,R2,Green Leaf Cafe,dinner,2,0,0,6,33.8,0.0,0,33,37.6,37.6,39,33,6
2025-06-25,R2,Green Leaf Cafe,lunch,2,0,0,6,33.8,0.0,0,24,25.1,25.1,26,23,3
2025-06-25,R3,Coastal Kitchen,dinner,2,0,0,6,33.4,0.0,0,57,66.3,66.3,82,62,20
2025-06-25,R3,Coastal Kitchen,lunch,2,0,0,6,33.4,0.0,0,38,44.3,44.3,54,43,11
2025-06-25,R4,Urban Tandoor,dinner,2,0,0,6,35.3,1.3,0,44,47.9,47.9,47,42,5
2025-06-25,R4,Urban Tandoor,lunch,2,0,0,6,35.3,1.3,0,29,32.4,32.4,33,28,5
2025-06-25,R5,Campus Canteen,dinner,2,0,0,6,34.4,0.0,0,74,97.0,97.0,78,73,5
2025-06-25,R5,Campus Canteen,lunch,2,0,0,6,34.4,0.0,0,51,64.6,64.6,60,53,7
2025-06-26,R1,Spice Route Kitchen,dinner,3,0,0,6,33.9,0.0,0,55,58.6,58.6,64,53,11
2025-06-26,R1,Spice Route Kitchen,lunch,3,0,0,6,33.9,0.0,0,37,41.4,41.4,46,37,9
2025-06-26,R2,Green Leaf Cafe,dinner,3,0,0,6,31.9,0.0,0,33,36.6,36.6,33,30,3
2025-06-26,R2,Green Leaf Cafe,lunch,3,0,0,6,31.9,0.0,0,23,25.3,25.3,30,26,4
2025-06-26,R3,Coastal Kitchen,dinner,3,0,0,6,36.9,0.0,0,62,66.3,66.3,70,58,12
2025-06-26,R3,Coastal Kitchen,lunch,3,0,0,6,36.9,0.0,0,43,44.3,44.3,56,42,14
2025-06-26,R4,Urban Tandoor,dinner,3,0,0,6,30.3,2.9,0,42,47.7,47.7,57,47,10
2025-06-26,R4,Urban Tandoor,lunch,3,0,0,6,30.3,2.9,0,28,32.4,32.4,35,29,6
2025-06-26,R5,Campus Canteen,dinner,3,0,0,6,35.6,2.0,0,73,96.7,96.7,104,86,18
2025-06-26,R5,Campus Canteen,lunch,3,0,0,6,35.6,2.0,0,53,64.3,64.3,66,56,10
2025-06-27,R1,Spice Route Kitchen,dinner,4,0,0,6,36.1,2.3,0,53,58.4,58.4,87,72,15
2025-06-27,R1,Spice Route Kitchen,lunch,4,0,0,6,36.1,2.3,0,37,41.4,41.4,56,47,9
2025-06-27,R2,Green Leaf Cafe,dinner,4,0,0,6,34.7,0.0,0,30,35.6,35.6,48,43,5
2025-06-27,R2,Green Leaf Cafe,lunch,4,0,0,6,34.7,0.0,0,26,25.9,25.9,36,31,5
2025-06-27,R3,Coastal Kitchen,dinner,4,0,0,6,35.7,1.7,0,58,65.3,65.3,97,74,23
2025-06-27,R3,Coastal Kitchen,lunch,4,0,0,6,35.7,1.7,0,42,43.9,43.9,67,49,18
2025-06-27,R4,Urban Tandoor,dinner,4,0,0,6,38.8,1.9,0,47,47.9,47.9,60,55,5
2025-06-27,R4,Urban Tandoor,lunch,4,0,0,6,38.8,1.9,0,29,32.4,32.4,40,35,5
2025-06-27,R5,Campus Canteen,dinner,4,0,0,6,41.2,0.0,0,86,97.1,97.1,110,96,14
2025-06-27,R5,Campus Canteen,lunch,4,0,0,6,41.2,0.0,0,56,64.7,64.7,73,64,9
2025-06-28,R1,Spice Route Kitchen,dinner,5,1,0,6,37.0,0.6,0,72,58.9,58.9,84,67,17
2025-06-28,R1,Spice Route Kitchen,lunch,5,1,0,6,37.0,0.6,0,47,41.6,41.6,53,44,9
2025-06-28,R2,Green Leaf Cafe,dinner,5,1,0,6,36.4,0.0,0,43,35.4,35.4,59,51,8
2025-06-28,R2,Green Leaf Cafe,lunch,5,1,0,6,36.4,0.0,0,31,26.6,26.6,35,32,3
2025-06-28,R3,Coastal Kitchen,dinner,5,1,0,6,36.1,5.6,0,74,66.6,66.6,123,94,29
2025-06-28,R3,Coastal Kitchen,lunch,5,1,0,6,36.1,5.6,0,49,44.1,44.1,68,55,13
2025-06-28,R4,Urban Tandoor,dinner,5,1,0,6,33.8,0.5,0,55,48.4,48.4,72,62,10
2025-06-28,R4,Urban Tandoor,lunch,5,1,0,6,33.8,0.5,0,35,33.0,33.0,47,38,9
2025-06-28,R5,Campus Canteen,dinner,5,1,0,6,34.4,0.0,0,96,91.1,91.1,118,106,12
2025-06-28,R5,Campus Canteen,lunch,5,1,0,6,34.4,0.0,0,64,60.4,60.4,83,72,11
2025-06-29,R1,Spice Route Kitchen,dinner,6,1,0,6,38.0,0.0,0,67,58.7,58.7,87,72,15
2025-06-29,R1,Spice Route Kitchen,lunch,6,1,0,6,38.0,0.0,0,44,40.1,40.1,52,44,8
2025-06-29,R2,Green Leaf Cafe,dinner,6,1,0,6,37.5,0.0,0,51,36.9,36.9,49,43,6
2025-06-29,R2,Green Leaf Cafe,lunch,6,1,0,6,37.5,0.0,0,32,26.7,26.7,31,27,4
2025-06-29,R3,Coastal Kitchen,dinner,6,1,0,6,35.8,9.8,0,94,67.4,67.4,81,63,18
2025-06-29,R3,Coastal Kitchen,lunch,6,1,0,6,35.8,9.8,0,55,45.3,45.3,53,41,12
2025-06-29,R4,Urban Tandoor,dinner,6,1,0,6,34.0,0.0,0,62,49.3,49.3,65,54,11
2025-06-29,R4,Urban Tandoor,lunch,6,1,0,6,34.0,0.0,0,38,32.3,32.3,39,35,4
2025-06-29,R5,Campus Canteen,dinner,6,1,0,6,36.1,0.0,0,106,90.0,90.0,116,103,13
2025-06-29,R5,Campus Canteen,lunch,6,1,0,6,36.1,0.0,0,72,60.0,60.0,69,63,6
2025-06-30,R1,Spice Route Kitchen,dinner,0,0,0,6,38.4,0.0,0,72,59.7,59.7,62,51,11
2025-06-30,R1,Spice Route Kitchen,lunch,0,0,0,6,38.4,0.0,0,44,40.1,40.1,44,35,9
2025-06-30,R2,Green Leaf Cafe,dinner,0,0,0,6,32.9,0.0,0,43,37.7,37.7,42,36,6
2025-06-30,R2,Green Leaf Cafe,lunch,0,0,0,6,32.9,0.0,0,27,26.4,26.4,24,21,3
2025-06-30,R3,Coastal Kitchen,dinner,0,0,0,6,34.1,0.0,0,63,66.0,66.0,80,60,20
2025-06-30,R3,Coastal Kitchen,lunch,0,0,0,6,34.1,0.0,0,41,44.1,44.1,58,44,14
2025-06-30,R4,Urban Tandoor,dinner,0,0,0,6,36.8,0.2,0,54,49.3,49.3,50,43,7
2025-06-30,R4,Urban Tandoor,lunch,0,0,0,6,36.8,0.2,0,35,31.6,31.6,36,31,5
2025-06-30,R5,Campus Canteen,dinner,0,0,0,6,33.2,4.4,0,103,89.4,89.4,77,66,11
2025-06-30,R5,Campus Canteen,lunch,0,0,0,6,33.2,4.4,0,63,59.1,59.1,58,50,8
2025-07-01,R1,Spice Route Kitchen,dinner,1,0,0,7,34.6,0.0,0,51,60.7,60.7,71,56,15
2025-07-01,R1,Spice Route Kitchen,lunch,1,0,0,7,34.6,0.0,0,35,40.1,40.1,44,36,8
2025-07-01,R2,Green Leaf Cafe,dinner,1,0,0,7,37.4,0.4,0,36,38.4,38.4,40,35,5
2025-07-01,R2,Green Leaf Cafe,lunch,1,0,0,7,37.4,0.4,0,21,26.3,26.3,23,22,1
2025-07-01,R3,Coastal Kitchen,dinner,1,0,0,7,35.8,2.8,0,60,66.9,66.9,81,62,19
2025-07-01,R3,Coastal Kitchen,lunch,1,0,0,7,35.8,2.8,0,44,44.6,44.6,53,40,13
2025-07-01,R4,Urban Tandoor,dinner,1,0,0,7,36.2,0.0,0,43,49.6,49.6,50,44,6
2025-07-01,R4,Urban Tandoor,lunch,1,0,0,7,36.2,0.0,0,31,32.1,32.1,29,25,4
2025-07-01,R5,Campus Canteen,dinner,1,0,0,7,33.2,4.9,0,66,86.3,86.3,88,75,13
2025-07-01,R5,Campus Canteen,lunch,1,0,0,7,33.2,4.9,0,50,58.4,58.4,55,50,5
2025-07-02,R1,Spice Route Kitchen,dinner,2,0,0,7,34.1,3.1,0,56,60.9,60.9,72,58,14
2025-07-02,R1,Spice Route Kitchen,lunch,2,0,0,7,34.1,3.1,0,36,40.0,40.0,42,35,7
2025-07-02,R2,Green Leaf Cafe,dinner,2,0,0,7,36.3,0.0,0,35,38.7,38.7,40,34,6
2025-07-02,R2,Green Leaf Cafe,lunch,2,0,0,7,36.3,0.0,0,22,26.0,26.0,25,21,4
2025-07-02,R3,Coastal Kitchen,dinner,2,0,0,7,34.4,6.6,0,62,67.6,67.6,75,59,16
2025-07-02,R3,Coastal Kitchen,lunch,2,0,0,7,34.4,6.6,0,40,44.9,44.9,55,42,13
2025-07-02,R4,Urban Tandoor,dinner,2,0,0,7,36.3,6.6,0,44,49.6,49.6,51,42,9
2025-07-02,R4,Urban Tandoor,lunch,2,0,0,7,36.3,6.6,0,25,31.6,31.6,35,30,5
2025-07-02,R5,Campus Canteen,dinner,2,0,0,7,34.6,8.3,0,75,86.4,86.4,72,65,7
2025-07-02,R5,Campus Canteen,lunch,2,0,0,7,34.6,8.3,0,50,58.3,58.3,51,48,3
2025-07-03,R1,Spice Route Kitchen,dinner,3,0,0,7,34.4,5.6,0,58,61.3,61.3,68,55,13
2025-07-03,R1,Spice Route Kitchen,lunch,3,0,0,7,34.4,5.6,0,35,39.7,39.7,40,32,8
2025-07-03,R2,Green Leaf Cafe,dinner,3,0,0,7,37.5,5.5,0,34,38.9,38.9,39,33,6
2025-07-03,R2,Green Leaf Cafe,lunch,3,0,0,7,37.5,5.5,0,21,25.7,25.7,24,21,3
2025-07-03,R3,Coastal Kitchen,dinner,3,0,0,7,34.1,0.5,0,59,67.1,67.1,91,69,22
2025-07-03,R3,Coastal Kitchen,lunch,3,0,0,7,34.1,0.5,0,42,44.7,44.7,54,41,13
2025-07-03,R4,Urban Tandoor,dinner,3,0,0,7,38.5,0.1,0,42,49.6,49.6,54,47,7
2025-07-03,R4,Urban Tandoor,lunch,3,0,0,7,38.5,0.1,0,30,31.9,31.9,33,27,6
2025-07-03,R5,Campus Canteen,dinner,3,0,0,7,37.9,2.6,0,65,85.3,85.3,99,86,13
2025-07-03,R5,Campus Canteen,lunch,3,0,0,7,37.9,2.6,0,48,57.6,57.6,54,50,4
2025-07-04,R1,Spice Route Kitchen,dinner,4,0,0,7,32.1,1.9,0,55,61.6,61.6,77,64,13
2025-07-04,R1,Spice Route Kitchen,lunch,4,0,0,7,32.1,1.9,0,32,39.0,39.0,56,46,10
2025-07-04,R2,Green Leaf Cafe,dinner,4,0,0,7,35.1,0.0,0,33,39.3,39.3,44,37,7
2025-07-04,R2,Green Leaf Cafe,lunch,4,0,0,7,35.1,0.0,0,21,25.0,25.0,29,25,4
2025-07-04,R3,Coastal Kitchen,dinner,4,0,0,7,29.6,3.9,0,69,68.7,68.7,97,75,22
2025-07-04,R3,Coastal Kitchen,lunch,4,0,0,7,29.6,3.9,0,41,44.6,44.6,68,52,16
2025-07-04,R4,Urban Tandoor,dinner,4,0,0,7,30.5,0.0,0,47,49.6,49.6,61,50,11
2025-07-04,R4,Urban Tandoor,lunch,4,0,0,7,30.5,0.0,0,27,31.6,31.6,41,34,7
2025-07-04,R5,Campus Canteen,dinner,4,0,0,7,34.2,0.4,0,86,85.3,85.3,110,99,11
2025-07-04,R5,Campus Canteen,lunch,4,0,0,7,34.2,0.4,0,50,56.7,56.7,68,60,8
2025-07-05,R1,Spice Route Kitchen,dinner,5,1,0,7,30.5,2.8,0,64,60.4,60.4,82,69,13
2025-07-05,R1,Spice Route Kitchen,lunch,5,1,0,7,30.5,2.8,0,46,38.9,38.9,53,45,8
2025-07-05,R2,Green Leaf Cafe,dinner,5,1,0,7,35.5,7.7,0,37,38.4,38.4,48,43,5
2025-07-05,R2,Green Leaf Cafe,lunch,5,1,0,7,35.5,7.7,0,25,24.1,24.1,36,30,6
2025-07-05,R3,Coastal Kitchen,dinner,5,1,0,7,34.7,6.0,0,75,68.9,68.9,110,89,21
2025-07-05,R3,Coastal Kitchen,lunch,5,1,0,7,34.7,6.0,0,52,45.0,45.0,81,61,20
2025-07-05,R4,Urban Tandoor,dinner,5,1,0,7,35.4,3.8,0,50,48.9,48.9,66,55,11
2025-07-05,R4,Urban Tandoor,lunch,5,1,0,7,35.4,3.8,0,34,31.4,31.4,48,40,8
2025-07-05,R5,Campus Canteen,dinner,5,1,0,7,35.5,2.3,0,99,85.7,85.7,131,116,15
2025-07-05,R5,Campus Canteen,lunch,5,1,0,7,35.5,2.3,0,60,56.1,56.1,76,67,9
2025-07-06,R1,Spice Route Kitchen,dinner,6,1,0,7,34.8,0.0,0,69,60.7,60.7,69,58,11
2025-07-06,R1,Spice Route Kitchen,lunch,6,1,0,7,34.8,0.0,0,45,39.0,39.0,58,48,10
2025-07-06,R2,Green Leaf Cafe,dinner,6,1,0,7,35.4,0.0,0,43,37.3,37.3,47,40,7
2025-07-06,R2,Green Leaf Cafe,lunch,6,1,0,7,35.4,0.0,0,30,23.9,23.9,31,27,4
2025-07-06,R3,Coastal Kitchen,dinner,6,1,0,7,36.9,0.6,0,89,68.1,68.1,112,89,23
2025-07-06,R3,Coastal Kitchen,lunch,6,1,0,7,36.9,0.6,0,61,45.9,45.9,62,50,12
2025-07-06,R4,Urban Tandoor,dinner,6,1,0,7,36.3,5.5,0,55,47.9,47.9,62,53,9
2025-07-06,R4,Urban Tandoor,lunch,6,1,0,7,36.3,5.5,0,40,31.7,31.7,39,34,5
2025-07-06,R5,Campus Canteen,dinner,6,1,0,7,35.9,1.7,0,116,87.1,87.1,113,106,7
2025-07-06,R5,Campus Canteen,lunch,6,1,0,7,35.9,1.7,0,67,55.4,55.4,73,67,6
2025-07-07,R1,Spice Route Kitchen,dinner,0,0,0,7,37.1,0.0,0,58,58.7,58.7,62,50,12
2025-07-07,R1,Spice Route Kitchen,lunch,0,0,0,7,37.1,0.0,0,48,39.6,39.6,41,32,9
2025-07-07,R2,Green Leaf Cafe,dinner,0,0,0,7,34.7,6.2,0,40,36.9,36.9,35,30,5
2025-07-07,R2,Green Leaf Cafe,lunch,0,0,0,7,34.7,6.2,0,27,23.9,23.9,24,21,3
2025-07-07,R3,Coastal Kitchen,dinner,0,0,0,7,36.9,2.4,0,89,71.9,71.9,76,61,15
2025-07-07,R3,Coastal Kitchen,lunch,0,0,0,7,36.9,2.4,0,50,47.1,47.1,50,40,10
2025-07-07,R4,Urban Tandoor,dinner,0,0,0,7,34.4,0.0,0,53,47.7,47.7,52,41,11
2025-07-07,R4,Urban Tandoor,lunch,0,0,0,7,34.4,0.0,0,34,31.6,31.6,26,24,2
2025-07-07,R5,Campus Canteen,dinner,0,0,0,7,35.2,0.8,0,106,87.6,87.6,89,80,9
2025-07-07,R5,Campus Canteen,lunch,0,0,0,7,35.2,0.8,0,67,56.0,56.0,57,52,5
2025-07-08,R1,Spice Route Kitchen,dinner,1,0,0,7,35.7,7.5,1,50,58.6,58.6,88,74,14
2025-07-08,R1,Spice Route Kitchen,lunch,1,0,0,7,35.7,7.5,1,32,39.1,39.1,55,47,8
2025-07-08,R2,Green Leaf Cafe,dinner,1,0,0,7,35.8,9.4,0,30,36.0,36.0,32,28,4
2025-07-08,R2,Green Leaf Cafe,lunch,1,0,0,7,35.8,9.4,0,21,23.9,23.9,20,18,2
2025-07-08,R3,Coastal Kitchen,dinner,1,0,0,7,33.8,4.8,0,61,72.0,72.0,76,59,17
2025-07-08,R3,Coastal Kitchen,lunch,1,0,0,7,33.8,4.8,0,40,46.6,46.6,48,36,12
2025-07-08,R4,Urban Tandoor,dinner,1,0,0,7,38.2,0.0,0,41,47.4,47.4,44,38,6
2025-07-08,R4,Urban Tandoor,lunch,1,0,0,7,38.2,0.0,0,24,30.6,30.6,28,25,3
2025-07-08,R5,Campus Canteen,dinner,1,0,0,7,33.4,6.0,1,80,89.6,89.6,126,111,15
2025-07-08,R5,Campus Canteen,lunch,1,0,0,7,33.4,6.0,1,52,56.3,56.3,82,71,11
2025-07-09,R1,Spice Route Kitchen,dinner,2,0,0,7,33.4,1.9,0,74,61.1,61.1,63,54,9
2025-07-09,R1,Spice Route Kitchen,lunch,2,0,0,7,33.4,1.9,0,47,40.7,40.7,45,36,9
2025-07-09,R2,Green Leaf Cafe,dinner,2,0,0,7,34.4,5.3,0,28,35.0,35.0,38,33,5
2025-07-09,R2,Green Leaf Cafe,lunch,2,0,0,7,34.4,5.3,0,18,23.3,23.3,28,24,4
2025-07-09,R3,Coastal Kitchen,dinner,2,0,0,7,36.0,1.5,0,59,71.6,71.6,78,61,17
2025-07-09,R3,Coastal Kitchen,lunch,2,0,0,7,36.0,1.5,0,36,46.0,46.0,59,45,14
2025-07-09,R4,Urban Tandoor,dinner,2,0,0,7,34.2,2.8,0,38,46.6,46.6,44,39,5
2025-07-09,R4,Urban Tandoor,lunch,2,0,0,7,34.2,2.8,0,25,30.6,30.6,32,27,5
2025-07-09,R5,Campus Canteen,dinner,2,0,0,7,33.9,0.0,1,111,94.7,94.7,96,84,12
2025-07-09,R5,Campus Canteen,lunch,2,0,0,7,33.9,0.0,1,71,59.3,59.3,85,75,10
2025-07-10,R1,Spice Route Kitchen,dinner,3,0,0,7,34.3,4.2,0,54,60.6,60.6,69,56,13
2025-07-10,R1,Spice Route Kitchen,lunch,3,0,0,7,34.3,4.2,0,36,40.9,40.9,43,34,9
2025-07-10,R2,Green Leaf Cafe,dinner,3,0,0,7,39.4,0.0,0,33,34.9,34.9,41,37,4
2025-07-10,R2,Green Leaf Cafe,lunch,3,0,0,7,39.4,0.0,0,24,23.7,23.7,27,22,5
2025-07-10,R3,Coastal Kitchen,dinner,3,0,0,7,36.9,0.4,0,61,71.9,71.9,87,67,20
2025-07-10,R3,Coastal Kitchen,lunch,3,0,0,7,36.9,0.4,0,45,46.4,46.4,55,41,14
2025-07-10,R4,Urban Tandoor,dinner,3,0,0,7,31.5,3.9,0,39,46.1,46.1,50,40,10
2025-07-10,R4,Urban Tandoor,lunch,3,0,0,7,31.5,3.9,0,27,30.1,30.1,30,26,4
2025-07-10,R5,Campus Canteen,dinner,3,0,0,7,36.4,1.1,0,84,97.4,97.4,94,88,6
2025-07-10,R5,Campus Canteen,lunch,3,0,0,7,36.4,1.1,0,75,63.1,63.1,62,56,6
2025-07-11,R1,Spice Route Kitchen,dinner,4,0,0,7,38.2,3.4,0,56,60.7,60.7,77,62,15
2025-07-11,R1,Spice Route Kitchen,lunch,4,0,0,7,38.2,3.4,0,34,41.1,41.1,62,51,11
2025-07-11,R2,Green Leaf Cafe,dinner,4,0,0,7,35.5,2.8,0,37,35.4,35.4,48,42,6
2025-07-11,R2,Green Leaf Cafe,lunch,4,0,0,7,35.5,2.8,0,22,23.9,23.9,34,29,5
2025-07-11,R3,Coastal Kitchen,dinner,4,0,0,7,37.2,4.2,0,67,71.6,71.6,94,72,22
2025-07-11,R3,Coastal Kitchen,lunch,4,0,0,7,37.2,4.2,0,41,46.4,46.4,66,50,16
2025-07-11,R4,Urban Tandoor,dinner,4,0,0,7,33.3,4.0,0,40,45.1,45.1,63,53,10
2025-07-11,R4,Urban Tandoor,lunch,4,0,0,7,33.3,4.0,0,26,30.0,30.0,38,33,5
2025-07-11,R5,Campus Canteen,dinner,4,0,0,7,34.3,1.5,0,88,97.7,97.7,119,104,15
2025-07-11,R5,Campus Canteen,lunch,4,0,0,7,34.3,1.5,0,56,64.0,64.0,76,66,10
2025-07-12,R1,Spice Route Kitchen,dinner,5,1,0,7,35.3,0.4,0,62,60.4,60.4,89,71,18
2025-07-12,R1,Spice Route Kitchen,lunch,5,1,0,7,35.3,0.4,0,51,41.9,41.9,69,56,13
2025-07-12,R2,Green Leaf Cafe,dinner,5,1,0,7,35.3,2.7,0,42,36.1,36.1,51,44,7
2025-07-12,R2,Green Leaf Cafe,lunch,5,1,0,7,35.3,2.7,0,29,24.4,24.4,36,30,6
2025-07-12,R3,Coastal Kitchen,dinner,5,1,0,7,35.0,0.0,0,72,71.1,71.1,98,76,22
2025-07-12,R3,Coastal Kitchen,lunch,5,1,0,7,35.0,0.0,0,50,46.1,46.1,75,56,19
2025-07-12,R4,Urban Tandoor,dinner,5,1,0,7,35.1,0.0,0,53,45.6,45.6,74,62,12
2025-07-12,R4,Urban Tandoor,lunch,5,1,0,7,35.1,0.0,0,33,29.9,29.9,45,38,7
2025-07-12,R5,Campus Canteen,dinner,5,1,0,7,31.0,0.0,0,104,98.4,98.4,137,122,15
2025-07-12,R5,Campus Canteen,lunch,5,1,0,7,31.0,0.0,0,66,64.9,64.9,80,73,7
2025-07-13,R1,Spice Route Kitchen,dinner,6,1,0,7,34.1,1.2,0,71,60.7,60.7,94,76,18
2025-07-13,R1,Spice Route Kitchen,lunch,6,1,0,7,34.1,1.2,0,56,43.4,43.4,52,42,10
2025-07-13,R2,Green Leaf Cafe,dinner,6,1,0,7,33.7,7.3,0,44,36.3,36.3,49,44,5
2025-07-13,R2,Green Leaf Cafe,lunch,6,1,0,7,33.7,7.3,0,30,24.4,24.4,31,28,3
2025-07-13,R3,Coastal Kitchen,dinner,6,1,0,7,33.4,4.9,0,76,69.3,69.3,101,77,24
2025-07-13,R3,Coastal Kitchen,lunch,6,1,0,7,33.4,4.9,0,56,45.4,45.4,78,58,20
2025-07-13,R4,Urban Tandoor,dinner,6,1,0,7,35.0,3.9,0,62,46.6,46.6,66,55,11
2025-07-13,R4,Urban Tandoor,lunch,6,1,0,7,35.0,3.9,0,38,29.6,29.6,46,39,7
2025-07-13,R5,Campus Canteen,dinner,6,1,0,7,35.4,5.0,1,122,99.3,99.3,143,131,12
2025-07-13,R5,Campus Canteen,lunch,6,1,0,7,35.4,5.0,1,73,65.7,65.7,114,105,9
2025-07-14,R1,Spice Route Kitchen,dinner,0,0,0,7,33.5,0.5,0,76,63.3,63.3,64,55,9
2025-07-14,R1,Spice Route Kitchen,lunch,0,0,0,7,33.5,0.5,0,42,42.6,42.6,42,34,8
2025-07-14,R2,Green Leaf Cafe,dinner,0,0,0,7,33.3,0.0,0,44,36.9,36.9,39,35,4
2025-07-14,R2,Green Leaf Cafe,lunch,0,0,0,7,33.3,0.0,0,28,24.6,24.6,24,21,3
2025-07-14,R3,Coastal Kitchen,dinner,0,0,0,7,33.6,4.6,0,77,67.6,67.6,79,65,14
2025-07-14,R3,Coastal Kitchen,lunch,0,0,0,7,33.6,4.6,0,58,46.6,46.6,51,38,13
2025-07-14,R4,Urban Tandoor,dinner,0,0,0,7,33.3,0.0,0,55,46.9,46.9,52,43,9
2025-07-14,R4,Urban Tandoor,lunch,0,0,0,7,33.3,0.0,0,39,30.3,30.3,31,27,4
2025-07-14,R5,Campus Canteen,dinner,0,0,0,7,37.4,4.4,0,131,102.9,102.9,92,79,13
2025-07-14,R5,Campus Canteen,lunch,0,0,0,7,37.4,4.4,0,105,71.1,71.1,57,49,8
2025-07-15,R1,Spice Route Kitchen,dinner,1,0,0,7,35.9,0.9,0,55,64.0,64.0,69,55,14
2025-07-15,R1,Spice Route Kitchen,lunch,1,0,0,7,35.9,0.9,0,34,42.9,42.9,40,32,8
2025-07-15,R2,Green Leaf Cafe,dinner,1,0,0,7,35.8,0.0,0,35,37.6,37.6,36,31,5
2025-07-15,R2,Green Leaf Cafe,lunch,1,0,0,7,35.8,0.0,0,21,24.6,24.6,25,23,2
2025-07-15,R3,Coastal Kitchen,dinner,1,0,0,7,36.9,1.6,0,65,68.1,68.1,77,59,18
2025-07-15,R3,Coastal Kitchen,lunch,1,0,0,7,36.9,1.6,0,38,46.3,46.3,40,32,8
2025-07-15,R4,Urban Tandoor,dinner,1,0,0,7,30.9,5.1,0,43,47.1,47.1,47,40,7
2025-07-15,R4,Urban Tandoor,lunch,1,0,0,7,30.9,5.1,0,27,30.7,30.7,33,26,7
2025-07-15,R5,Campus Canteen,dinner,1,0,0,7,34.1,3.5,0,79,102.7,102.7,80,70,10
2025-07-15,R5,Campus Canteen,lunch,1,0,0,7,34.1,3.5,0,49,70.7,70.7,54,49,5
2025-07-16,R1,Spice Route Kitchen,dinner,2,0,0,7,31.1,4.5,0,55,61.3,61.3,67,54,13
2025-07-16,R1,Spice Route Kitchen,lunch,2,0,0,7,31.1,4.5,0,32,40.7,40.7,39,32,7
2025-07-16,R2,Green Leaf Cafe,dinner,2,0,0,7,33.6,1.5,0,31,38.0,38.0,42,35,7
2025-07-16,R2,Green Leaf Cafe,lunch,2,0,0,7,33.6,1.5,0,23,25.3,25.3,25,21,4
2025-07-16,R3,Coastal Kitchen,dinner,2,0,0,7,35.4,0.4,0,59,68.1,68.1,79,62,17
2025-07-16,R3,Coastal Kitchen,lunch,2,0,0,7,35.4,0.4,0,32,45.7,45.7,52,40,12
2025-07-16,R4,Urban Tandoor,dinner,2,0,0,7,35.7,0.0,0,40,47.4,47.4,45,39,6
2025-07-16,R4,Urban Tandoor,lunch,2,0,0,7,35.7,0.0,0,26,30.9,30.9,35,28,7
2025-07-16,R5,Campus Canteen,dinner,2,0,0,7,35.7,5.0,0,70,96.9,96.9,96,82,14
2025-07-16,R5,Campus Canteen,lunch,2,0,0,7,35.7,5.0,0,49,67.6,67.6,61,52,9
2025-07-17,R1,Spice Route Kitchen,dinner,3,0,0,7,34.4,2.9,0,54,61.3,61.3,66,54,12
2025-07-17,R1,Spice Route Kitchen,lunch,3,0,0,7,34.4,2.9,0,32,40.1,40.1,44,40,4
2025-07-17,R2,Green Leaf Cafe,dinner,3,0,0,7,33.7,1.1,0,35,38.3,38.3,40,35,5
2025-07-17,R2,Green Leaf Cafe,lunch,3,0,0,7,33.7,1.1,0,21,24.9,24.9,25,22,3
2025-07-17,R3,Coastal Kitchen,dinner,3,0,0,7,35.9,0.1,0,62,68.3,68.3,81,64,17
2025-07-17,R3,Coastal Kitchen,lunch,3,0,0,7,35.9,0.1,0,40,45.0,45.0,55,41,14
2025-07-17,R4,Urban Tandoor,dinner,3,0,0,7,32.2,0.0,0,39,47.4,47.4,49,42,7
2025-07-17,R4,Urban Tandoor,lunch,3,0,0,7,32.2,0.0,0,28,31.0,31.0,34,29,5
2025-07-17,R5,Campus Canteen,dinner,3,0,0,7,37.0,1.6,0,82,96.6,96.6,82,76,6
2025-07-17,R5,Campus Canteen,lunch,3,0,0,7,37.0,1.6,0,52,64.3,64.3,61,57,4
2025-07-18,R1,Spice Route Kitchen,dinner,4,0,0,7,30.5,2.3,0,54,61.0,61.0,74,62,12
2025-07-18,R1,Spice Route Kitchen,lunch,4,0,0,7,30.5,2.3,0,40,41.0,41.0,50,41,9
2025-07-18,R2,Green Leaf Cafe,dinner,4,0,0,7,36.1,0.0,0,35,38.0,38.0,53,45,8
2025-07-18,R2,Green Leaf Cafe,lunch,4,0,0,7,36.1,0.0,0,22,24.9,24.9,31,28,3
2025-07-18,R3,Coastal Kitchen,dinner,4,0,0,7,35.8,8.4,0,64,67.9,67.9,81,62,19
2025-07-18,R3,Coastal Kitchen,lunch,4,0,0,7,35.8,8.4,0,41,45.0,45.0,62,46,16
2025-07-18,R4,Urban Tandoor,dinner,4,0,0,7,33.0,0.0,0,42,47.7,47.7,62,52,10
2025-07-18,R4,Urban Tandoor,lunch,4,0,0,7,33.0,0.0,0,29,31.4,31.4,39,34,5
2025-07-18,R5,Campus Canteen,dinner,4,0,0,7,33.8,1.0,0,76,94.9,94.9,123,103,20
2025-07-18,R5,Campus Canteen,lunch,4,0,0,7,33.8,1.0,0,57,64.4,64.4,73,65,8
2025-07-19,R1,Spice Route Kitchen,dinner,5,1,0,7,36.9,0.4,0,62,61.0,61.0,93,77,16
2025-07-19,R1,Spice Route Kitchen,lunch,5,1,0,7,36.9,0.4,0,41,39.6,39.6,56,44,12
2025-07-19,R2,Green Leaf Cafe,dinner,5,1,0,7,34.5,7.4,0,45,38.4,38.4,51,44,7
2025-07-19,R2,Green Leaf Cafe,lunch,5,1,0,7,34.5,7.4,0,28,24.7,24.7,36,31,5
2025-07-19,R3,Coastal Kitchen,dinner,5,1,0,7,31.3,1.4,0,62,66.4,66.4,111,84,27
2025-07-19,R3,Coastal Kitchen,lunch,5,1,0,7,31.3,1.4,0,46,44.4,44.4,71,56,15
2025-07-19,R4,Urban Tandoor,dinner,5,1,0,7,32.8,1.6,0,52,47.6,47.6,63,55,8
2025-07-19,R4,Urban Tandoor,lunch,5,1,0,7,32.8,1.6,0,34,31.6,31.6,50,44,6
2025-07-19,R5,Campus Canteen,dinner,5,1,0,7,34.8,0.0,0,103,94.7,94.7,114,104,10
2025-07-19,R5,Campus Canteen,lunch,5,1,0,7,34.8,0.0,0,65,64.3,64.3,81,73,8
2025-07-20,R1,Spice Route Kitchen,dinner,6,1,0,7,35.0,0.0,0,77,61.9,61.9,80,66,14
2025-07-20,R1,Spice Route Kitchen,lunch,6,1,0,7,35.0,0.0,0,44,37.9,37.9,54,45,9
2025-07-20,R2,Green Leaf Cafe,dinner,6,1,0,7,31.6,4.1,0,44,38.4,38.4,48,41,7
2025-07-20,R2,Green Leaf Cafe,lunch,6,1,0,7,31.6,4.1,0,31,24.9,24.9,32,29,3
2025-07-20,R3,Coastal Kitchen,dinner,6,1,0,7,33.6,0.0,0,84,67.6,67.6,107,82,25
2025-07-20,R3,Coastal Kitchen,lunch,6,1,0,7,33.6,0.0,0,56,44.4,44.4,63,48,15
2025-07-20,R4,Urban Tandoor,dinner,6,1,0,7,35.9,0.8,0,55,46.6,46.6,67,56,11
2025-07-20,R4,Urban Tandoor,lunch,6,1,0,7,35.9,0.8,0,44,32.4,32.4,48,40,8
2025-07-20,R5,Campus Canteen,dinner,6,1,0,7,33.5,4.4,0,104,92.1,92.1,115,103,12
2025-07-20,R5,Campus Canteen,lunch,6,1,0,7,33.5,4.4,0,73,64.3,64.3,85,75,10
2025-07-21,R1,Spice Route Kitchen,dinner,0,0,0,7,35.1,2.8,0,66,60.4,60.4,67,51,16
2025-07-21,R1,Spice Route Kitchen,lunch,0,0,0,7,35.1,2.8,0,45,38.3,38.3,43,35,8
2025-07-21,R2,Green Leaf Cafe,dinner,0,0,0,7,33.8,0.0,0,41,38.0,38.0,40,35,5
2025-07-21,R2,Green Leaf Cafe,lunch,0,0,0,7,33.8,0.0,0,29,25.0,25.0,25,22,3
2025-07-21,R3,Coastal Kitchen,dinner,0,0,0,7,32.2,2.7,1,82,68.3,68.3,115,86,29
2025-07-21,R3,Coastal Kitchen,lunch,0,0,0,7,32.2,2.7,1,48,43.0,43.0,68,51,17
2025-07-21,R4,Urban Tandoor,dinner,0,0,0,7,32.6,5.2,0,56,46.7,46.7,46,40,6
2025-07-21,R4,Urban Tandoor,lunch,0,0,0,7,32.6,5.2,0,40,32.6,32.6,35,30,5
2025-07-21,R5,Campus Canteen,dinner,0,0,0,7,31.7,0.3,0,103,88.1,88.1,96,85,11
2025-07-21,R5,Campus Canteen,lunch,0,0,0,7,31.7,0.3,0,75,60.0,60.0,47,44,3
2025-07-22,R1,Spice Route Kitchen,dinner,1,0,0,7,30.5,5.8,0,51,59.9,59.9,68,54,14
2025-07-22,R1,Spice Route Kitchen,lunch,1,0,0,7,30.5,5.8,0,35,38.4,38.4,42,32,10
2025-07-22,R2,Green Leaf Cafe,dinner,1,0,0,7,32.3,3.1,0,35,38.0,38.0,39,33,6
2025-07-22,R2,Green Leaf Cafe,lunch,1,0,0,7,32.3,3.1,0,22,25.1,25.1,28,24,4
2025-07-22,R3,Coastal Kitchen,dinner,1,0,0,7,32.4,5.5,0,86,71.3,71.3,71,59,12
2025-07-22,R3,Coastal Kitchen,lunch,1,0,0,7,32.4,5.5,0,51,44.9,44.9,53,41,12
2025-07-22,R4,Urban Tandoor,dinner,1,0,0,7,31.8,0.7,0,40,46.3,46.3,51,42,9
2025-07-22,R4,Urban Tandoor,lunch,1,0,0,7,31.8,0.7,0,30,33.0,33.0,31,27,4
2025-07-22,R5,Campus Canteen,dinner,1,0,0,7,32.9,3.2,0,85,89.0,89.0,80,75,5
2025-07-22,R5,Campus Canteen,lunch,1,0,0,7,32.9,3.2,0,44,59.3,59.3,60,51,9
2025-07-23,R1,Spice Route Kitchen,dinner,2,0,0,7,33.6,1.3,0,54,59.7,59.7,64,54,10
2025-07-23,R1,Spice Route Kitchen,lunch,2,0,0,7,33.6,1.3,0,32,38.4,38.4,46,36,10
2025-07-23,R2,Green Leaf Cafe,dinner,2,0,0,7,31.1,3.9,0,33,38.3,38.3,40,34,6
2025-07-23,R2,Green Leaf Cafe,lunch,2,0,0,7,31.1,3.9,0,24,25.3,25.3,26,23,3
2025-07-23,R3,Coastal Kitchen,dinner,2,0,0,7,33.0,2.3,0,59,71.3,71.3,75,59,16
2025-07-23,R3,Coastal Kitchen,lunch,2,0,0,7,33.0,2.3,0,41,46.1,46.1,57,45,12
2025-07-23,R4,Urban Tandoor,dinner,2,0,0,7,32.2,0.6,0,42,46.6,46.6,46,40,6
2025-07-23,R4,Urban Tandoor,lunch,2,0,0,7,32.2,0.6,0,27,33.1,33.1,35,30,5
2025-07-23,R5,Campus Canteen,dinner,2,0,0,7,32.7,5.8,0,75,89.7,89.7,80,72,8
2025-07-23,R5,Campus Canteen,lunch,2,0,0,7,32.7,5.8,0,51,59.6,59.6,57,48,9
2025-07-24,R1,Spice Route Kitchen,dinner,3,0,0,7,35.1,4.8,0,54,59.7,59.7,62,52,10
2025-07-24,R1,Spice Route Kitchen,lunch,3,0,0,7,35.1,4.8,0,36,39.0,39.0,47,39,8
2025-07-24,R2,Green Leaf Cafe,dinner,3,0,0,7,27.3,2.5,0,34,38.1,38.1,45,38,7
2025-07-24,R2,Green Leaf Cafe,lunch,3,0,0,7,27.3,2.5,0,23,25.6,25.6,27,24,3
2025-07-24,R3,Coastal Kitchen,dinner,3,0,0,7,32.4,5.1,0,59,70.9,70.9,80,60,20
2025-07-24,R3,Coastal Kitchen,lunch,3,0,0,7,32.4,5.1,0,45,46.9,46.9,52,41,11
2025-07-24,R4,Urban Tandoor,dinner,3,0,0,7,30.5,2.9,0,40,46.7,46.7,59,50,9
2025-07-24,R4,Urban Tandoor,lunch,3,0,0,7,30.5,2.9,0,30,33.4,33.4,38,31,7
2025-07-24,R5,Campus Canteen,dinner,3,0,0,7,31.4,0.0,0,72,88.3,88.3,86,80,6
2025-07-24,R5,Campus Canteen,lunch,3,0,0,7,31.4,0.0,0,48,59.0,59.0,66,56,10
2025-07-25,R1,Spice Route Kitchen,dinner,4,0,0,7,30.1,2.7,0,52,59.4,59.4,76,61,15
2025-07-25,R1,Spice Route Kitchen,lunch,4,0,0,7,30.1,2.7,0,39,38.9,38.9,47,43,4
2025-07-25,R2,Green Leaf Cafe,dinner,4,0,0,7,34.3,5.1,0,38,38.6,38.6,47,40,7
2025-07-25,R2,Green Leaf Cafe,lunch,4,0,0,7,34.3,5.1,0,24,25.9,25.9,28,26,2
2025-07-25,R3,Coastal Kitchen,dinner,4,0,0,7,35.6,1.7,0,60,70.3,70.3,96,78,18
2025-07-25,R3,Coastal Kitchen,lunch,4,0,0,7,35.6,1.7,0,41,46.9,46.9,61,47,14
2025-07-25,R4,Urban Tandoor,dinner,4,0,0,7,32.9,0.0,0,50,47.9,47.9,57,48,9
2025-07-25,R4,Urban Tandoor,lunch,4,0,0,7,32.9,0.0,0,31,33.7,33.7,42,35,7
2025-07-25,R5,Campus Canteen,dinner,4,0,0,7,34.3,3.5,0,80,88.9,88.9,108,97,11
2025-07-25,R5,Campus Canteen,lunch,4,0,0,7,34.3,3.5,0,56,58.9,58.9,73,65,8
2025-07-26,R1,Spice Route Kitchen,dinner,5,1,0,7,32.0,3.1,0,61,59.3,59.3,98,75,23
2025-07-26,R1,Spice Route Kitchen,lunch,5,1,0,7,32.0,3.1,0,43,39.1,39.1,65,54,11
2025-07-26,R2,Green Leaf Cafe,dinner,5,1,0,7,32.6,4.4,0,40,37.9,37.9,56,48,8
2025-07-26,R2,Green Leaf Cafe,lunch,5,1,0,7,32.6,4.4,0,26,25.6,25.6,38,34,4
2025-07-26,R3,Coastal Kitchen,dinner,5,1,0,7,32.7,6.9,0,78,72.6,72.6,103,80,23
2025-07-26,R3,Coastal Kitchen,lunch,5,1,0,7,32.7,6.9,0,47,47.0,47.0,83,62,21
2025-07-26,R4,Urban Tandoor,dinner,5,1,0,7,33.7,2.4,0,48,47.3,47.3,66,55,11
2025-07-26,R4,Urban Tandoor,lunch,5,1,0,7,33.7,2.4,0,35,33.9,33.9,52,42,10
2025-07-26,R5,Campus Canteen,dinner,5,1,0,7,35.4,8.7,1,97,88.0,88.0,138,120,18
2025-07-26,R5,Campus Canteen,lunch,5,1,0,7,35.4,8.7,1,65,58.9,58.9,94,84,10
2025-07-27,R1,Spice Route Kitchen,dinner,6,1,0,7,36.2,1.1,0,75,59.0,59.0,82,68,14
2025-07-27,R1,Spice Route Kitchen,lunch,6,1,0,7,36.2,1.1,0,54,40.6,40.6,55,45,10
2025-07-27,R2,Green Leaf Cafe,dinner,6,1,0,7,36.2,0.0,0,48,38.4,38.4,55,47,8
2025-07-27,R2,Green Leaf Cafe,lunch,6,1,0,7,36.2,0.0,0,34,26.0,26.0,34,28,6
2025-07-27,R3,Coastal Kitchen,dinner,6,1,0,7,32.9,0.0,0,80,72.0,72.0,108,84,24
2025-07-27,R3,Coastal Kitchen,lunch,6,1,0,7,32.9,0.0,0,62,47.9,47.9,73,58,15
2025-07-27,R4,Urban Tandoor,dinner,6,1,0,7,27.4,4.0,0,55,47.3,47.3,64,53,11
2025-07-27,R4,Urban Tandoor,lunch,6,1,0,7,27.4,4.0,0,42,33.6,33.6,40,35,5
2025-07-27,R5,Campus Canteen,dinner,6,1,0,7,34.1,0.7,0,120,90.3,90.3,116,103,13
2025-07-27,R5,Campus Canteen,lunch,6,1,0,7,34.1,0.7,0,84,60.4,60.4,73,67,6
2025-07-28,R1,Spice Route Kitchen,dinner,0,0,0,7,36.0,1.7,0,68,59.3,59.3,67,54,13
2025-07-28,R1,Spice Route Kitchen,lunch,0,0,0,7,36.0,1.7,0,45,40.6,40.6,45,35,10
2025-07-28,R2,Green Leaf Cafe,dinner,0,0,0,7,32.5,4.3,0,47,39.3,39.3,43,35,8
2025-07-28,R2,Green Leaf Cafe,lunch,0,0,0,7,32.5,4.3,0,28,25.9,25.9,25,22,3
2025-07-28,R3,Coastal Kitchen,dinner,0,0,0,7,33.0,3.7,0,84,72.3,72.3,75,62,13
2025-07-28,R3,Coastal Kitchen,lunch,0,0,0,7,33.0,3.7,0,58,49.3,49.3,51,42,9
2025-07-28,R4,Urban Tandoor,dinner,0,0,0,7,29.4,0.9,0,53,46.9,46.9,45,38,7
2025-07-28,R4,Urban Tandoor,lunch,0,0,0,7,29.4,0.9,0,35,32.9,32.9,36,30,6
2025-07-28,R5,Campus Canteen,dinner,0,0,0,7,35.0,4.5,0,103,90.3,90.3,90,79,11
2025-07-28,R5,Campus Canteen,lunch,0,0,0,7,35.0,4.5,0,67,59.3,59.3,56,50,6
2025-07-29,R1,Spice Route Kitchen,dinner,1,0,0,7,31.5,0.0,0,54,59.7,59.7,55,47,8
2025-07-29,R1,Spice Route Kitchen,lunch,1,0,0,7,31.5,0.0,0,35,40.6,40.6,44,36,8
2025-07-29,R2,Green Leaf Cafe,dinner,1,0,0,7,34.5,2.1,0,35,39.3,39.3,36,33,3
2025-07-29,R2,Green Leaf Cafe,lunch,1,0,0,7,34.5,2.1,0,22,25.9,25.9,26,22,4
2025-07-29,R3,Coastal Kitchen,dinner,1,0,0,7,32.5,4.6,0,62,68.9,68.9,74,57,17
2025-07-29,R3,Coastal Kitchen,lunch,1,0,0,7,32.5,4.6,0,42,48.0,48.0,46,37,9
2025-07-29,R4,Urban Tandoor,dinner,1,0,0,7,36.1,4.1,0,38,46.6,46.6,44,39,5
2025-07-29,R4,Urban Tandoor,lunch,1,0,0,7,36.1,4.1,0,30,32.9,32.9,31,27,4
2025-07-29,R5,Campus Canteen,dinner,1,0,0,7,33.6,1.7,0,79,89.4,89.4,86,79,7
2025-07-29,R5,Campus Canteen,lunch,1,0,0,7,33.6,1.7,0,50,60.1,60.1,58,48,10
2025-07-30,R1,Spice Route Kitchen,dinner,2,0,0,7,30.0,0.0,0,47,58.7,58.7,56,46,10
2025-07-30,R1,Spice Route Kitchen,lunch,2,0,0,7,30.0,0.0,0,36,41.1,41.1,46,38,8
2025-07-30,R2,Green Leaf Cafe,dinner,2,0,0,7,35.5,0.0,0,33,39.3,39.3,37,33,4
2025-07-30,R2,Green Leaf Cafe,lunch,2,0,0,7,35.5,0.0,0,22,25.6,25.6,27,22,5
2025-07-30,R3,Coastal Kitchen,dinner,2,0,0,7,28.8,2.0,0,57,68.6,68.6,80,62,18
2025-07-30,R3,Coastal Kitchen,lunch,2,0,0,7,28.8,2.0,0,37,47.4,47.4,53,40,13
2025-07-30,R4,Urban Tandoor,dinner,2,0,0,7,31.5,6.2,0,39,46.1,46.1,56,47,9
2025-07-30,R4,Urban Tandoor,lunch,2,0,0,7,31.5,6.2,0,27,32.9,32.9,33,28,5
2025-07-30,R5,Campus Canteen,dinner,2,0,0,7,33.3,4.3,0,79,90.0,90.0,86,81,5
2025-07-30,R5,Campus Canteen,lunch,2,0,0,7,33.3,4.3,0,48,59.7,59.7,51,47,4
2025-07-31,R1,Spice Route Kitchen,dinner,3,0,0,7,32.5,8.3,0,46,57.6,57.6,60,48,12
2025-07-31,R1,Spice Route Kitchen,lunch,3,0,0,7,32.5,8.3,0,38,41.4,41.4,39,31,8
2025-07-31,R2,Green Leaf Cafe,dinner,3,0,0,7,31.7,7.0,0,33,39.1,39.1,40,36,4
2025-07-31,R2,Green Leaf Cafe,lunch,3,0,0,7,31.7,7.0,0,22,25.4,25.4,27,22,5
2025-07-31,R3,Coastal Kitchen,dinner,3,0,0,7,28.9,2.4,0,62,69.0,69.0,90,69,21
2025-07-31,R3,Coastal Kitchen,lunch,3,0,0,7,28.9,2.4,0,40,46.7,46.7,54,41,13
2025-07-31,R4,Urban Tandoor,dinner,3,0,0,7,35.0,0.2,0,47,47.1,47.1,52,43,9
2025-07-31,R4,Urban Tandoor,lunch,3,0,0,7,35.0,0.2,0,28,32.6,32.6,34,29,5
2025-07-31,R5,Campus Canteen,dinner,3,0,0,7,29.9,3.6,0,81,91.3,91.3,84,74,10
2025-07-31,R5,Campus Canteen,lunch,3,0,0,7,29.9,3.6,0,47,59.6,59.6,57,52,5
2025-08-01,R1,Spice Route Kitchen,dinner,4,0,0,8,32.9,3.0,0,48,57.0,57.0,74,60,14
2025-08-01,R1,Spice Route Kitchen,lunch,4,0,0,8,32.9,3.0,0,31,40.3,40.3,52,42,10
2025-08-01,R2,Green Leaf Cafe,dinner,4,0,0,8,32.6,2.2,0,36,38.9,38.9,47,40,7
2025-08-01,R2,Green Leaf Cafe,lunch,4,0,0,8,32.6,2.2,0,22,25.1,25.1,36,31,5
2025-08-01,R3,Coastal Kitchen,dinner,4,0,0,8,33.8,0.0,0,69,70.3,70.3,95,73,22
2025-08-01,R3,Coastal Kitchen,lunch,4,0,0,8,33.8,0.0,0,41,46.7,46.7,68,50,18
2025-08-01,R4,Urban Tandoor,dinner,4,0,0,8,31.1,2.0,0,43,46.1,46.1,61,52,9
2025-08-01,R4,Urban Tandoor,lunch,4,0,0,8,31.1,2.0,0,29,32.3,32.3,40,33,7
2025-08-01,R5,Campus Canteen,dinner,4,0,0,8,31.1,0.4,0,74,90.4,90.4,96,85,11
2025-08-01,R5,Campus Canteen,lunch,4,0,0,8,31.1,0.4,0,52,59.0,59.0,70,63,7
2025-08-02,R1,Spice Route Kitchen,dinner,5,1,0,8,32.9,0.2,0,60,56.9,56.9,86,73,13
2025-08-02,R1,Spice Route Kitchen,lunch,5,1,0,8,32.9,0.2,0,42,40.1,40.1,56,48,8
2025-08-02,R2,Green Leaf Cafe,dinner,5,1,0,8,31.2,0.0,0,40,38.9,38.9,50,43,7
2025-08-02,R2,Green Leaf Cafe,lunch,5,1,0,8,31.2,0.0,0,31,25.9,25.9,32,28,4
2025-08-02,R3,Coastal Kitchen,dinner,5,1,0,8,34.7,1.7,0,73,69.6,69.6,112,85,27
2025-08-02,R3,Coastal Kitchen,lunch,5,1,0,8,34.7,1.7,0,50,47.1,47.1,83,66,17
2025-08-02,R4,Urban Tandoor,dinner,5,1,0,8,28.5,0.9,0,52,46.7,46.7,71,62,9
2025-08-02,R4,Urban Tandoor,lunch,5,1,0,8,28.5,0.9,0,33,32.0,32.0,52,43,9
2025-08-02,R5,Campus Canteen,dinner,5,1,0,8,32.7,0.4,0,85,88.7,88.7,129,110,19
2025-08-02,R5,Campus Canteen,lunch,5,1,0,8,32.7,0.4,0,63,58.7,58.7,83,73,10
2025-08-03,R1,Spice Route Kitchen,dinner,6,1,0,8,33.1,0.0,0,73,56.6,56.6,84,66,18
2025-08-03,R1,Spice Route Kitchen,lunch,6,1,0,8,33.1,0.0,0,48,39.3,39.3,51,42,9
2025-08-03,R2,Green Leaf Cafe,dinner,6,1,0,8,30.1,0.0,0,43,38.1,38.1,53,47,6
2025-08-03,R2,Green Leaf Cafe,lunch,6,1,0,8,30.1,0.0,0,28,25.0,25.0,32,28,4
2025-08-03,R3,Coastal Kitchen,dinner,6,1,0,8,33.0,1.4,0,85,70.3,70.3,115,89,26
2025-08-03,R3,Coastal Kitchen,lunch,6,1,0,8,33.0,1.4,0,66,47.7,47.7,65,52,13
2025-08-03,R4,Urban Tandoor,dinner,6,1,0,8,32.2,5.7,0,62,47.7,47.7,64,55,9
2025-08-03,R4,Urban Tandoor,lunch,6,1,0,8,32.2,5.7,0,43,32.1,32.1,46,38,8
2025-08-03,R5,Campus Canteen,dinner,6,1,0,8,33.9,1.7,0,110,87.3,87.3,118,109,9
2025-08-03,R5,Campus Canteen,lunch,6,1,0,8,33.9,1.7,0,73,57.1,57.1,76,67,9
2025-08-04,R1,Spice Route Kitchen,dinner,0,0,0,8,33.0,1.4,0,66,56.3,56.3,72,59,13
2025-08-04,R1,Spice Route Kitchen,lunch,0,0,0,8,33.0,1.4,0,42,38.9,38.9,37,31,6
2025-08-04,R2,Green Leaf Cafe,dinner,0,0,0,8,34.1,1.9,0,47,38.1,38.1,37,32,5
2025-08-04,R2,Green Leaf Cafe,lunch,0,0,0,8,34.1,1.9,0,28,25.0,25.0,24,21,3
2025-08-04,R3,Coastal Kitchen,dinner,0,0,0,8,33.5,1.0,0,89,71.0,71.0,77,60,17
2025-08-04,R3,Coastal Kitchen,lunch,0,0,0,8,33.5,1.0,0,52,46.9,46.9,49,39,10
2025-08-04,R4,Urban Tandoor,dinner,0,0,0,8,30.4,7.3,0,55,48.0,48.0,49,41,8
2025-08-04,R4,Urban Tandoor,lunch,0,0,0,8,30.4,7.3,0,38,32.6,32.6,33,28,5
2025-08-04,R5,Campus Canteen,dinner,0,0,0,8,32.4,5.6,0,109,88.1,88.1,79,67,12
2025-08-04,R5,Campus Canteen,lunch,0,0,0,8,32.4,5.6,0,67,57.1,57.1,54,50,4
2025-08-05,R1,Spice Route Kitchen,dinner,1,0,0,8,32.4,3.6,0,59,57.0,57.0,62,52,10
2025-08-05,R1,Spice Route Kitchen,lunch,1,0,0,8,32.4,3.6,0,31,38.3,38.3,35,30,5
2025-08-05,R2,Green Leaf Cafe,dinner,1,0,0,8,31.7,0.0,0,32,37.7,37.7,37,33,4
2025-08-05,R2,Green Leaf Cafe,lunch,1,0,0,8,31.7,0.0,0,21,24.9,24.9,25,22,3
2025-08-05,R3,Coastal Kitchen,dinner,1,0,0,8,34.6,0.0,0,60,70.7,70.7,74,56,18
2025-08-05,R3,Coastal Kitchen,lunch,1,0,0,8,34.6,0.0,0,39,46.4,46.4,51,37,14
2025-08-05,R4,Urban Tandoor,dinner,1,0,0,8,33.0,4.2,0,41,48.4,48.4,42,36,6
2025-08-05,R4,Urban Tandoor,lunch,1,0,0,8,33.0,4.2,0,28,32.3,32.3,29,25,4
2025-08-05,R5,Campus Canteen,dinner,1,0,0,8,32.8,0.2,0,67,86.4,86.4,77,71,6
2025-08-05,R5,Campus Canteen,lunch,1,0,0,8,32.8,0.2,0,50,57.1,57.1,53,48,5
2025-08-06,R1,Spice Route Kitchen,dinner,2,0,0,8,34.7,1.1,0,52,57.7,57.7,63,52,11
2025-08-06,R1,Spice Route Kitchen,lunch,2,0,0,8,34.7,1.1,0,30,37.4,37.4,37,33,4
2025-08-06,R2,Green Leaf Cafe,dinner,2,0,0,8,30.4,2.2,0,33,37.7,37.7,38,33,5
2025-08-06,R2,Green Leaf Cafe,lunch,2,0,0,8,30.4,2.2,0,22,24.9,24.9,23,21,2
2025-08-06,R3,Coastal Kitchen,dinner,2,0,0,8,34.0,1.6,0,56,70.6,70.6,75,57,18
2025-08-06,R3,Coastal Kitchen,lunch,2,0,0,8,34.0,1.6,0,37,46.4,46.4,50,38,12
2025-08-06,R4,Urban Tandoor,dinner,2,0,0,8,31.1,3.5,0,36,48.0,48.0,49,41,8
2025-08-06,R4,Urban Tandoor,lunch,2,0,0,8,31.1,3.5,0,25,32.0,32.0,31,25,6
2025-08-06,R5,Campus Canteen,dinner,2,0,0,8,27.9,0.0,0,71,85.3,85.3,84,73,11
2025-08-06,R5,Campus Canteen,lunch,2,0,0,8,27.9,0.0,0,48,57.1,57.1,59,51,8
2025-08-07,R1,Spice Route Kitchen,dinner,3,0,0,8,31.1,5.2,0,52,58.6,58.6,71,57,14
2025-08-07,R1,Spice Route Kitchen,lunch,3,0,0,8,31.1,5.2,0,33,36.7,36.7,42,36,6
2025-08-07,R2,Green Leaf Cafe,dinner,3,0,0,8,30.6,9.6,0,33,37.7,37.7,37,33,4
2025-08-07,R2,Green Leaf Cafe,lunch,3,0,0,8,30.6,9.6,0,21,24.7,24.7,25,21,4
2025-08-07,R3,Coastal Kitchen,dinner,3,0,0,8,32.2,3.1,0,57,69.9,69.9,85,67,18
2025-08-07,R3,Coastal Kitchen,lunch,3,0,0,8,32.2,3.1,0,38,46.1,46.1,51,40,11
2025-08-07,R4,Urban Tandoor,dinner,3,0,0,8,29.1,5.0,0,41,47.1,47.1,53,44,9
2025-08-07,R4,Urban Tandoor,lunch,3,0,0,8,29.1,5.0,0,25,31.6,31.6,32,29,3
2025-08-07,R5,Campus Canteen,dinner,3,0,0,8,33.9,2.0,0,73,84.1,84.1,103,87,16
2025-08-07,R5,Campus Canteen,lunch,3,0,0,8,33.9,2.0,0,51,57.7,57.7,61,55,6
2025-08-08,R1,Spice Route Kitchen,dinner,4,0,0,8,32.5,4.9,0,57,59.9,59.9,79,68,11
2025-08-08,R1,Spice Route Kitchen,lunch,4,0,0,8,32.5,4.9,0,36,37.4,37.4,58,49,9
2025-08-08,R2,Green Leaf Cafe,dinner,4,0,0,8,26.7,0.7,0,33,37.3,37.3,52,45,7
2025-08-08,R2,Green Leaf Cafe,lunch,4,0,0,8,26.7,0.7,0,21,24.6,24.6,32,28,4
2025-08-08,R3,Coastal Kitchen,dinner,4,0,0,8,26.3,3.9,0,67,69.6,69.6,102,76,26
2025-08-08,R3,Coastal Kitchen,lunch,4,0,0,8,26.3,3.9,0,40,46.0,46.0,70,52,18
2025-08-08,R4,Urban Tandoor,dinner,4,0,0,8,31.4,5.5,0,44,47.3,47.3,61,52,9
2025-08-08,R4,Urban Tandoor,lunch,4,0,0,8,31.4,5.5,0,29,31.6,31.6,41,33,8
2025-08-08,R5,Campus Canteen,dinner,4,0,0,8,34.7,0.0,0,87,86.0,86.0,92,87,5
2025-08-08,R5,Campus Canteen,lunch,4,0,0,8,34.7,0.0,0,55,58.1,58.1,73,64,9
2025-08-09,R1,Spice Route Kitchen,dinner,5,1,0,8,29.9,6.5,0,68,61.0,61.0,94,74,20
2025-08-09,R1,Spice Route Kitchen,lunch,5,1,0,8,29.9,6.5,0,49,38.4,38.4,64,52,12
2025-08-09,R2,Green Leaf Cafe,dinner,5,1,0,8,33.3,0.0,0,45,38.0,38.0,51,45,6
2025-08-09,R2,Green Leaf Cafe,lunch,5,1,0,8,33.3,0.0,0,28,24.1,24.1,39,34,5
2025-08-09,R3,Coastal Kitchen,dinner,5,1,0,8,32.0,6.8,0,76,70.0,70.0,114,85,29
2025-08-09,R3,Coastal Kitchen,lunch,5,1,0,8,32.0,6.8,0,52,46.3,46.3,76,57,19
2025-08-09,R4,Urban Tandoor,dinner,5,1,0,8,31.9,2.2,0,52,47.3,47.3,79,64,15
2025-08-09,R4,Urban Tandoor,lunch,5,1,0,8,31.9,2.2,0,33,31.6,31.6,44,39,5
2025-08-09,R5,Campus Canteen,dinner,5,1,0,8,34.3,0.3,0,87,86.3,86.3,117,104,13
2025-08-09,R5,Campus Canteen,lunch,5,1,0,8,34.3,0.3,0,64,58.3,58.3,77,68,9
2025-08-10,R1,Spice Route Kitchen,dinner,6,1,0,8,31.1,0.0,0,74,61.1,61.1,74,62,12
2025-08-10,R1,Spice Route Kitchen,lunch,6,1,0,8,31.1,0.0,0,52,39.0,39.0,58,47,11
2025-08-10,R2,Green Leaf Cafe,dinner,6,1,0,8,30.3,0.0,0,45,38.3,38.3,50,42,8
2025-08-10,R2,Green Leaf Cafe,lunch,6,1,0,8,30.3,0.0,0,34,25.0,25.0,30,26,4
2025-08-10,R3,Coastal Kitchen,dinner,6,1,0,8,30.7,8.2,0,85,70.0,70.0,90,72,18
2025-08-10,R3,Coastal Kitchen,lunch,6,1,0,8,30.7,8.2,0,57,45.0,45.0,60,46,14
2025-08-10,R4,Urban Tandoor,dinner,6,1,0,8,33.3,1.3,0,64,47.6,47.6,57,52,5
2025-08-10,R4,Urban Tandoor,lunch,6,1,0,8,33.3,1.3,0,39,31.0,31.0,43,35,8
2025-08-10,R5,Campus Canteen,dinner,6,1,0,8,29.6,0.0,0,104,85.4,85.4,114,98,16
2025-08-10,R5,Campus Canteen,lunch,6,1,0,8,29.6,0.0,0,68,57.6,57.6,76,69,7
2025-08-11,R1,Spice Route Kitchen,dinner,0,0,0,8,30.3,0.9,0,62,60.6,60.6,69,55,14
2025-08-11,R1,Spice Route Kitchen,lunch,0,0,0,8,30.3,0.9,0,47,39.7,39.7,40,34,6
2025-08-11,R2,Green Leaf Cafe,dinner,0,0,0,8,32.0,2.8,0,42,37.6,37.6,40,35,5
2025-08-11,R2,Green Leaf Cafe,lunch,0,0,0,8,32.0,2.8,0,26,24.7,24.7,25,22,3
2025-08-11,R3,Coastal Kitchen,dinner,0,0,0,8,28.8,5.8,0,72,67.6,67.6,67,52,15
2025-08-11,R3,Coastal Kitchen,lunch,0,0,0,8,28.8,5.8,0,46,44.1,44.1,52,40,12
2025-08-11,R4,Urban Tandoor,dinner,0,0,0,8,33.5,6.5,0,52,47.1,47.1,46,42,4
2025-08-11,R4,Urban Tandoor,lunch,0,0,0,8,33.5,6.5,0,35,30.6,30.6,36,29,7
2025-08-11,R5,Campus Canteen,dinner,0,0,0,8,32.6,5.4,0,98,83.9,83.9,83,75,8
2025-08-11,R5,Campus Canteen,lunch,0,0,0,8,32.6,5.4,0,69,57.9,57.9,59,52,7
2025-08-12,R1,Spice Route Kitchen,dinner,1,0,0,8,31.0,0.8,0,55,60.0,60.0,58,48,10
2025-08-12,R1,Spice Route Kitchen,lunch,1,0,0,8,31.0,0.8,0,34,40.1,40.1,38,33,5
2025-08-12,R2,Green Leaf Cafe,dinner,1,0,0,8,33.5,2.0,0,35,38.0,38.0,39,33,6
2025-08-12,R2,Green Leaf Cafe,lunch,1,0,0,8,33.5,2.0,0,22,24.9,24.9,23,21,2
2025-08-12,R3,Coastal Kitchen,dinner,1,0,0,8,29.8,4.8,0,52,66.4,66.4,72,54,18
2025-08-12,R3,Coastal Kitchen,lunch,1,0,0,8,29.8,4.8,0,40,44.3,44.3,54,41,13
2025-08-12,R4,Urban Tandoor,dinner,1,0,0,8,31.4,3.9,0,42,47.3,47.3,44,38,6
2025-08-12,R4,Urban Tandoor,lunch,1,0,0,8,31.4,3.9,0,29,30.7,30.7,32,27,5
2025-08-12,R5,Campus Canteen,dinner,1,0,0,8,30.2,3.2,0,75,85.0,85.0,85,75,10
2025-08-12,R5,Campus Canteen,lunch,1,0,0,8,30.2,3.2,0,52,58.1,58.1,59,52,7
2025-08-13,R1,Spice Route Kitchen,dinner,2,0,0,8,28.9,2.5,0,48,59.4,59.4,64,52,12
2025-08-13,R1,Spice Route Kitchen,lunch,2,0,0,8,28.9,2.5,0,33,40.6,40.6,39,32,7
2025-08-13,R2,Green Leaf Cafe,dinner,2,0,0,8,32.3,3.3,0,33,38.0,38.0,39,34,5
2025-08-13,R2,Green Leaf Cafe,lunch,2,0,0,8,32.3,3.3,0,21,24.7,24.7,25,21,4
2025-08-13,R3,Coastal Kitchen,dinner,2,0,0,8,32.5,5.7,0,54,66.1,66.1,77,59,18
2025-08-13,R3,Coastal Kitchen,lunch,2,0,0,8,32.5,5.7,0,41,44.9,44.9,47,37,10
2025-08-13,R4,Urban Tandoor,dinner,2,0,0,8,34.9,7.6,0,38,47.6,47.6,54,43,11
2025-08-13,R4,Urban Tandoor,lunch,2,0,0,8,34.9,7.6,0,27,31.0,31.0,32,28,4
2025-08-13,R5,Campus Canteen,dinner,2,0,0,8,30.5,0.0,0,75,85.6,85.6,84,75,9
2025-08-13,R5,Campus Canteen,lunch,2,0,0,8,30.5,0.0,0,52,58.7,58.7,59,54,5
2025-08-14,R1,Spice Route Kitchen,dinner,3,0,0,8,31.0,0.0,0,52,59.4,59.4,59,48,11
2025-08-14,R1,Spice Route Kitchen,lunch,3,0,0,8,31.0,0.0,0,32,40.4,40.4,46,37,9
2025-08-14,R2,Green Leaf Cafe,dinner,3,0,0,8,33.3,0.0,0,34,38.1,38.1,40,34,6
2025-08-14,R2,Green Leaf Cafe,lunch,3,0,0,8,33.3,0.0,0,21,24.7,24.7,30,26,4
2025-08-14,R3,Coastal Kitchen,dinner,3,0,0,8,31.1,1.3,0,59,66.4,66.4,77,60,17
2025-08-14,R3,Coastal Kitchen,lunch,3,0,0,8,31.1,1.3,0,37,44.7,44.7,50,40,10
2025-08-14,R4,Urban Tandoor,dinner,3,0,0,8,28.0,3.4,0,43,47.9,47.9,57,49,8
2025-08-14,R4,Urban Tandoor,lunch,3,0,0,8,28.0,3.4,0,28,31.4,31.4,37,30,7
2025-08-14,R5,Campus Canteen,dinner,3,0,0,8,30.0,6.6,0,75,85.9,85.9,94,85,9
2025-08-14,R5,Campus Canteen,lunch,3,0,0,8,30.0,6.6,0,54,59.1,59.1,59,54,5
2025-08-15,R1,Spice Route Kitchen,dinner,4,0,1,8,33.3,1.5,0,48,58.1,58.1,86,76,10
2025-08-15,R1,Spice Route Kitchen,lunch,4,0,1,8,33.3,1.5,0,37,40.6,40.6,65,54,11
2025-08-15,R2,Green Leaf Cafe,dinner,4,0,1,8,31.2,0.0,0,34,38.3,38.3,64,54,10
2025-08-15,R2,Green Leaf Cafe,lunch,4,0,1,8,31.2,0.0,0,26,25.4,25.4,40,35,5
2025-08-15,R3,Coastal Kitchen,dinner,4,0,1,8,28.5,1.9,0,60,65.4,65.4,130,97,33
2025-08-15,R3,Coastal Kitchen,lunch,4,0,1,8,28.5,1.9,0,40,44.7,44.7,82,62,20
2025-08-15,R4,Urban Tandoor,dinner,4,0,1,8,32.3,2.3,0,49,48.6,48.6,77,67,10
2025-08-15,R4,Urban Tandoor,lunch,4,0,1,8,32.3,2.3,0,30,31.6,31.6,54,45,9
2025-08-15,R5,Campus Canteen,dinner,4,0,1,8,29.6,4.3,0,85,85.6,85.6,138,125,13
2025-08-15,R5,Campus Canteen,lunch,4,0,1,8,29.6,4.3,0,54,59.0,59.0,78,70,8
2025-08-16,R1,Spice Route Kitchen,dinner,5,1,0,8,32.7,0.0,0,76,59.3,59.3,88,73,15
2025-08-16,R1,Spice Route Kitchen,lunch,5,1,0,8,32.7,0.0,0,54,41.3,41.3,53,45,8
2025-08-16,R2,Green Leaf Cafe,dinner,5,1,0,8,30.1,0.0,0,54,39.6,39.6,56,46,10
2025-08-16,R2,Green Leaf Cafe,lunch,5,1,0,8,30.1,0.0,0,35,26.4,26.4,35,31,4
2025-08-16,R3,Coastal Kitchen,dinner,5,1,0,8,30.4,1.9,0,97,68.4,68.4,110,84,26
2025-08-16,R3,Coastal Kitchen,lunch,5,1,0,8,30.4,1.9,0,62,46.1,46.1,76,57,19
2025-08-16,R4,Urban Tandoor,dinner,5,1,0,8,29.9,0.6,0,67,50.7,50.7,71,62,9
2025-08-16,R4,Urban Tandoor,lunch,5,1,0,8,29.9,0.6,0,45,33.3,33.3,47,40,7
2025-08-16,R5,Campus Canteen,dinner,5,1,0,8,31.1,0.0,0,125,91.0,91.0,96,88,8
2025-08-16,R5,Campus Canteen,lunch,5,1,0,8,31.1,0.0,0,70,59.9,59.9,77,69,8
2025-08-17,R1,Spice Route Kitchen,dinner,6,1,0,8,31.4,3.4,0,73,59.1,59.1,78,64,14
2025-08-17,R1,Spice Route Kitchen,lunch,6,1,0,8,31.4,3.4,0,45,40.3,40.3,59,46,13
2025-08-17,R2,Green Leaf Cafe,dinner,6,1,0,8,26.2,0.8,0,46,39.7,39.7,52,45,7
2025-08-17,R2,Green Leaf Cafe,lunch,6,1,0,8,26.2,0.8,0,31,26.0,26.0,32,27,5
2025-08-17,R3,Coastal Kitchen,dinner,6,1,0,8,29.0,4.3,0,84,68.3,68.3,108,86,22
2025-08-17,R3,Coastal Kitchen,lunch,6,1,0,8,29.0,4.3,0,57,46.1,46.1,72,55,17
2025-08-17,R4,Urban Tandoor,dinner,6,1,0,8,29.5,6.7,0,62,50.4,50.4,70,58,12
2025-08-17,R4,Urban Tandoor,lunch,6,1,0,8,29.5,6.7,0,40,33.4,33.4,42,36,6
2025-08-17,R5,Campus Canteen,dinner,6,1,0,8,26.8,1.3,0,88,88.7,88.7,119,106,13
2025-08-17,R5,Campus Canteen,lunch,6,1,0,8,26.8,1.3,0,69,60.0,60.0,74,66,8
2025-08-18,R1,Spice Route Kitchen,dinner,0,0,0,8,32.8,5.8,0,64,59.4,59.4,66,54,12
2025-08-18,R1,Spice Route Kitchen,lunch,0,0,0,8,32.8,5.8,0,46,40.1,40.1,44,34,10
2025-08-18,R2,Green Leaf Cafe,dinner,0,0,0,8,30.0,1.7,0,45,40.1,40.1,40,34,6
2025-08-18,R2,Green Leaf Cafe,lunch,0,0,0,8,30.0,1.7,0,27,26.1,26.1,25,22,3
2025-08-18,R3,Coastal Kitchen,dinner,0,0,0,8,27.5,0.2,0,86,70.3,70.3,78,61,17
2025-08-18,R3,Coastal Kitchen,lunch,0,0,0,8,27.5,0.2,0,55,47.4,47.4,49,37,12
2025-08-18,R4,Urban Tandoor,dinner,0,0,0,8,32.7,2.1,0,58,51.3,51.3,50,40,10
2025-08-18,R4,Urban Tandoor,lunch,0,0,0,8,32.7,2.1,0,36,33.6,33.6,37,31,6
2025-08-18,R5,Campus Canteen,dinner,0,0,0,8,30.1,4.8,0,106,89.9,89.9,87,76,11
2025-08-18,R5,Campus Canteen,lunch,0,0,0,8,30.1,4.8,0,66,59.6,59.6,58,52,6
2025-08-19,R1,Spice Route Kitchen,dinner,1,0,0,8,29.9,0.8,0,54,59.3,59.3,62,52,10
2025-08-19,R1,Spice Route Kitchen,lunch,1,0,0,8,29.9,0.8,0,34,40.1,40.1,41,34,7
2025-08-19,R2,Green Leaf Cafe,dinner,1,0,0,8,27.9,0.0,0,34,40.0,40.0,37,33,4
2025-08-19,R2,Green Leaf Cafe,lunch,1,0,0,8,27.9,0.0,0,22,26.1,26.1,26,23,3
2025-08-19,R3,Coastal Kitchen,dinner,1,0,0,8,29.6,0.2,0,61,71.6,71.6,80,62,18
2025-08-19,R3,Coastal Kitchen,lunch,1,0,0,8,29.6,0.2,0,37,47.0,47.0,47,38,9
2025-08-19,R4,Urban Tandoor,dinner,1,0,0,8,29.3,6.2,0,40,51.0,51.0,54,42,12
2025-08-19,R4,Urban Tandoor,lunch,1,0,0,8,29.3,6.2,0,31,33.9,33.9,31,26,5
2025-08-19,R5,Campus Canteen,dinner,1,0,0,8,29.7,5.7,0,76,90.0,90.0,81,71,10
2025-08-19,R5,Campus Canteen,lunch,1,0,0,8,29.7,5.7,0,52,59.6,59.6,62,55,7
2025-08-20,R1,Spice Route Kitchen,dinner,2,0,0,8,31.3,10.7,0,52,59.9,59.9,57,47,10
2025-08-20,R1,Spice Route Kitchen,lunch,2,0,0,8,31.3,10.7,0,34,40.3,40.3,37,31,6
2025-08-20,R2,Green Leaf Cafe,dinner,2,0,0,8,33.8,0.2,0,33,40.0,40.0,37,32,5
2025-08-20,R2,Green Leaf Cafe,lunch,2,0,0,8,33.8,0.2,0,23,26.4,26.4,26,23,3
2025-08-20,R3,Coastal Kitchen,dinner,2,0,0,8,34.3,0.4,0,62,72.7,72.7,78,59,19
2025-08-20,R3,Coastal Kitchen,lunch,2,0,0,8,34.3,0.4,0,38,46.6,46.6,56,44,12
2025-08-20,R4,Urban Tandoor,dinner,2,0,0,8,28.7,6.3,0,42,51.6,51.6,48,42,6
2025-08-20,R4,Urban Tandoor,lunch,2,0,0,8,28.7,6.3,0,26,33.7,33.7,30,26,4
2025-08-20,R5,Campus Canteen,dinner,2,0,0,8,28.9,2.1,0,71,89.4,89.4,87,81,6
2025-08-20,R5,Campus Canteen,lunch,2,0,0,8,28.9,2.1,0,55,60.0,60.0,59,52,7
2025-08-21,R1,Spice Route Kitchen,dinner,3,0,0,8,31.6,5.5,0,47,59.1,59.1,75,61,14
2025-08-21,R1,Spice Route Kitchen,lunch,3,0,0,8,31.6,5.5,0,31,40.1,40.1,45,39,6
2025-08-21,R2,Green Leaf Cafe,dinner,3,0,0,8,35.8,2.9,0,32,39.7,39.7,39,33,6
2025-08-21,R2,Green Leaf Cafe,lunch,3,0,0,8,35.8,2.9,0,23,26.7,26.7,29,25,4
2025-08-21,R3,Coastal Kitchen,dinner,3,0,0,8,31.2,0.0,0,59,72.7,72.7,82,63,19
2025-08-21,R3,Coastal Kitchen,lunch,3,0,0,8,31.2,0.0,0,44,47.6,47.6,48,36,12
2025-08-21,R4,Urban Tandoor,dinner,3,0,0,8,30.7,4.9,0,42,51.4,51.4,52,44,8
2025-08-21,R4,Urban Tandoor,lunch,3,0,0,8,30.7,4.9,0,26,33.4,33.4,33,28,5
2025-08-21,R5,Campus Canteen,dinner,3,0,0,8,27.9,2.8,0,81,90.3,90.3,94,85,9
2025-08-21,R5,Campus Canteen,lunch,3,0,0,8,27.9,2.8,0,52,59.7,59.7,61,52,9
2025-08-22,R1,Spice Route Kitchen,dinner,4,0,0,8,32.1,0.0,0,61,61.0,61.0,84,67,17
2025-08-22,R1,Spice Route Kitchen,lunch,4,0,0,8,32.1,0.0,0,39,40.4,40.4,54,44,10
2025-08-22,R2,Green Leaf Cafe,dinner,4,0,0,8,26.9,6.8,0,33,39.6,39.6,49,43,6
2025-08-22,R2,Green Leaf Cafe,lunch,4,0,0,8,26.9,6.8,0,25,26.6,26.6,26,23,3
2025-08-22,R3,Coastal Kitchen,dinner,4,0,0,8,26.5,0.0,0,63,73.1,73.1,109,79,30
2025-08-22,R3,Coastal Kitchen,lunch,4,0,0,8,26.5,0.0,0,36,47.0,47.0,63,49,14
2025-08-22,R4,Urban Tandoor,dinner,4,0,0,8,32.1,2.8,0,44,50.7,50.7,68,55,13
2025-08-22,R4,Urban Tandoor,lunch,4,0,0,8,32.1,2.8,0,28,33.1,33.1,40,33,7
2025-08-22,R5,Campus Canteen,dinner,4,0,0,8,28.5,1.3,0,85,90.3,90.3,111,97,14
2025-08-22,R5,Campus Canteen,lunch,4,0,0,8,28.5,1.3,0,52,59.4,59.4,80,69,11
2025-08-23,R1,Spice Route Kitchen,dinner,5,1,0,8,26.2,4.9,0,67,59.7,59.7,86,76,10
2025-08-23,R1,Spice Route Kitchen,lunch,5,1,0,8,26.2,4.9,0,44,39.0,39.0,57,49,8
2025-08-23,R2,Green Leaf Cafe,dinner,5,1,0,8,31.2,0.0,0,43,38.0,38.0,55,46,9
2025-08-23,R2,Green Leaf Cafe,lunch,5,1,0,8,31.2,0.0,0,23,24.9,24.9,36,31,5
2025-08-23,R3,Coastal Kitchen,dinner,5,1,0,8,29.7,5.3,0,79,70.6,70.6,101,78,23
2025-08-23,R3,Coastal Kitchen,lunch,5,1,0,8,29.7,5.3,0,49,45.1,45.1,66,51,15
2025-08-23,R4,Urban Tandoor,dinner,5,1,0,8,33.3,2.4,0,55,49.0,49.0,64,55,9
2025-08-23,R4,Urban Tandoor,lunch,5,1,0,8,33.3,2.4,0,33,31.4,31.4,43,36,7
2025-08-23,R5,Campus Canteen,dinner,5,1,0,8,31.4,2.2,0,97,86.3,86.3,114,104,10
2025-08-23,R5,Campus Canteen,lunch,5,1,0,8,31.4,2.2,0,69,59.3,59.3,86,75,11
2025-08-24,R1,Spice Route Kitchen,dinner,6,1,0,8,30.9,0.0,0,76,60.1,60.1,81,68,13
2025-08-24,R1,Spice Route Kitchen,lunch,6,1,0,8,30.9,0.0,0,49,39.6,39.6,57,45,12
2025-08-24,R2,Green Leaf Cafe,dinner,6,1,0,8,27.9,2.9,0,46,38.0,38.0,53,43,10
2025-08-24,R2,Green Leaf Cafe,lunch,6,1,0,8,27.9,2.9,0,31,24.9,24.9,29,26,3
2025-08-24,R3,Coastal Kitchen,dinner,6,1,0,8,28.0,0.0,0,78,69.7,69.7,106,83,23
2025-08-24,R3,Coastal Kitchen,lunch,6,1,0,8,28.0,0.0,0,51,44.3,44.3,63,51,12
2025-08-24,R4,Urban Tandoor,dinner,6,1,0,8,35.7,2.9,0,55,48.0,48.0,64,51,13
2025-08-24,R4,Urban Tandoor,lunch,6,1,0,8,35.7,2.9,0,36,30.9,30.9,43,37,6
2025-08-24,R5,Campus Canteen,dinner,6,1,0,8,29.0,0.0,0,104,88.6,88.6,103,93,10
2025-08-24,R5,Campus Canteen,lunch,6,1,0,8,29.0,0.0,0,75,60.1,60.1,79,70,9
2025-08-25,R1,Spice Route Kitchen,dinner,0,0,0,8,28.4,5.8,0,68,60.7,60.7,59,48,11
2025-08-25,R1,Spice Route Kitchen,lunch,0,0,0,8,28.4,5.8,0,45,39.4,39.4,41,34,7
2025-08-25,R2,Green Leaf Cafe,dinner,0,0,0,8,30.6,0.0,0,43,37.7,37.7,40,35,5
2025-08-25,R2,Green Leaf Cafe,lunch,0,0,0,8,30.6,0.0,0,26,24.7,24.7,26,23,3
2025-08-25,R3,Coastal Kitchen,dinner,0,0,0,8,31.6,0.0,0,83,69.3,69.3,82,64,18
2025-08-25,R3,Coastal Kitchen,lunch,0,0,0,8,31.6,0.0,0,51,43.7,43.7,55,41,14
2025-08-25,R4,Urban Tandoor,dinner,0,0,0,8,31.6,3.0,0,51,47.0,47.0,45,42,3
2025-08-25,R4,Urban Tandoor,lunch,0,0,0,8,31.6,3.0,0,37,31.0,31.0,33,27,6
2025-08-25,R5,Campus Canteen,dinner,0,0,0,8,29.1,2.5,0,93,86.7,86.7,78,70,8
2025-08-25,R5,Campus Canteen,lunch,0,0,0,8,29.1,2.5,0,70,60.7,60.7,54,47,7
2025-08-26,R1,Spice Route Kitchen,dinner,1,0,0,8,25.8,4.3,0,48,59.9,59.9,66,51,15
2025-08-26,R1,Spice Route Kitchen,lunch,1,0,0,8,25.8,4.3,0,34,39.4,39.4,46,39,7
2025-08-26,R2,Green Leaf Cafe,dinner,1,0,0,8,30.0,4.5,0,35,37.9,37.9,38,33,5
2025-08-26,R2,Green Leaf Cafe,lunch,1,0,0,8,30.0,4.5,0,23,24.9,24.9,24,21,3
2025-08-26,R3,Coastal Kitchen,dinner,1,0,0,8,30.4,4.2,0,64,69.7,69.7,80,62,18
2025-08-26,R3,Coastal Kitchen,lunch,1,0,0,8,30.4,4.2,0,41,44.3,44.3,49,39,10
2025-08-26,R4,Urban Tandoor,dinner,1,0,0,8,34.1,2.5,0,42,47.3,47.3,49,42,7
2025-08-26,R4,Urban Tandoor,lunch,1,0,0,8,34.1,2.5,0,27,30.4,30.4,34,29,5
2025-08-26,R5,Campus Canteen,dinner,1,0,0,8,28.6,1.6,0,70,85.9,85.9,82,80,2
2025-08-26,R5,Campus Canteen,lunch,1,0,0,8,28.6,1.6,0,47,60.0,60.0,59,55,4
2025-08-27,R1,Spice Route Kitchen,dinner,2,0,0,8,31.5,0.0,0,51,59.7,59.7,62,51,11
2025-08-27,R1,Spice Route Kitchen,lunch,2,0,0,8,31.5,0.0,0,39,40.1,40.1,43,35,8
2025-08-27,R2,Green Leaf Cafe,dinner,2,0,0,8,31.1,0.6,0,33,37.9,37.9,37,32,5
2025-08-27,R2,Green Leaf Cafe,lunch,2,0,0,8,31.1,0.6,0,21,24.6,24.6,28,25,3
2025-08-27,R3,Coastal Kitchen,dinner,2,0,0,8,28.3,5.8,0,62,69.7,69.7,80,63,17
2025-08-27,R3,Coastal Kitchen,lunch,2,0,0,8,28.3,5.8,0,39,44.4,44.4,58,45,13
2025-08-27,R4,Urban Tandoor,dinner,2,0,0,8,26.7,2.8,0,42,47.3,47.3,52,45,7
2025-08-27,R4,Urban Tandoor,lunch,2,0,0,8,26.7,2.8,0,29,30.9,30.9,31,27,4
2025-08-27,R5,Campus Canteen,dinner,2,0,0,8,31.9,0.0,0,80,87.1,87.1,92,83,9
2025-08-27,R5,Campus Canteen,lunch,2,0,0,8,31.9,0.0,0,55,60.0,60.0,59,51,8
2025-08-28,R1,Spice Route Kitchen,dinner,3,0,0,8,25.8,2.4,0,51,60.3,60.3,72,59,13
2025-08-28,R1,Spice Route Kitchen,lunch,3,0,0,8,25.8,2.4,0,35,40.7,40.7,42,36,6
2025-08-28,R2,Green Leaf Cafe,dinner,3,0,0,8,29.1,0.8,0,32,37.9,37.9,36,30,6
2025-08-28,R2,Green Leaf Cafe,lunch,3,0,0,8,29.1,0.8,0,25,24.9,24.9,27,23,4
2025-08-28,R3,Coastal Kitchen,dinner,3,0,0,8,25.7,1.6,0,63,70.3,70.3,69,56,13
2025-08-28,R3,Coastal Kitchen,lunch,3,0,0,8,25.7,1.6,0,45,44.6,44.6,57,44,13
2025-08-28,R4,Urban Tandoor,dinner,3,0,0,8,28.2,0.9,0,45,47.7,47.7,53,44,9
2025-08-28,R4,Urban Tandoor,lunch,3,0,0,8,28.2,0.9,0,27,31.0,31.0,31,26,5
2025-08-28,R5,Campus Canteen,dinner,3,0,0,8,28.3,0.0,0,83,87.4,87.4,92,84,8
2025-08-28,R5,Campus Canteen,lunch,3,0,0,8,28.3,0.0,0,51,59.9,59.9,58,53,5
2025-08-29,R1,Spice Route Kitchen,dinner,4,0,0,8,27.4,1.2,0,59,60.0,60.0,84,70,14
2025-08-29,R1,Spice Route Kitchen,lunch,4,0,0,8,27.4,1.2,0,36,40.3,40.3,49,41,8
2025-08-29,R2,Green Leaf Cafe,dinner,4,0,0,8,28.5,3.7,0,30,37.4,37.4,51,45,6
2025-08-29,R2,Green Leaf Cafe,lunch,4,0,0,8,28.5,3.7,0,23,24.6,24.6,30,27,3
2025-08-29,R3,Coastal Kitchen,dinner,4,0,0,8,32.9,0.0,0,56,69.3,69.3,100,79,21
2025-08-29,R3,Coastal Kitchen,lunch,4,0,0,8,32.9,0.0,0,44,45.7,45.7,62,48,14
2025-08-29,R4,Urban Tandoor,dinner,4,0,0,8,31.1,7.5,0,44,47.7,47.7,59,50,9
2025-08-29,R4,Urban Tandoor,lunch,4,0,0,8,31.1,7.5,0,26,30.7,30.7,43,36,7
2025-08-29,R5,Campus Canteen,dinner,4,0,0,8,28.2,2.3,0,84,87.3,87.3,106,95,11
2025-08-29,R5,Campus Canteen,lunch,4,0,0,8,28.2,2.3,0,53,60.0,60.0,73,63,10
2025-08-30,R1,Spice Route Kitchen,dinner,5,1,0,8,30.0,0.4,0,70,60.4,60.4,83,72,11
2025-08-30,R1,Spice Route Kitchen,lunch,5,1,0,8,30.0,0.4,0,41,39.9,39.9,61,49,12
2025-08-30,R2,Green Leaf Cafe,dinner,5,1,0,8,30.2,0.0,0,45,37.7,37.7,46,41,5
2025-08-30,R2,Green Leaf Cafe,lunch,5,1,0,8,30.2,0.0,0,27,25.1,25.1,37,31,6
2025-08-30,R3,Coastal Kitchen,dinner,5,1,0,8,31.9,2.2,0,79,69.3,69.3,122,94,28
2025-08-30,R3,Coastal Kitchen,lunch,5,1,0,8,31.9,2.2,0,48,45.6,45.6,75,56,19
2025-08-30,R4,Urban Tandoor,dinner,5,1,0,8,29.8,4.5,0,50,47.0,47.0,76,63,13
2025-08-30,R4,Urban Tandoor,lunch,5,1,0,8,29.8,4.5,0,36,31.1,31.1,47,39,8
2025-08-30,R5,Campus Canteen,dinner,5,1,0,8,28.3,3.4,0,95,87.0,87.0,115,97,18
2025-08-30,R5,Campus Canteen,lunch,5,1,0,8,28.3,3.4,0,63,59.1,59.1,84,75,9
2025-08-31,R1,Spice Route Kitchen,dinner,6,1,0,8,25.7,0.4,0,72,59.9,59.9,90,78,12
2025-08-31,R1,Spice Route Kitchen,lunch,6,1,0,8,25.7,0.4,0,49,39.9,39.9,56,47,9
2025-08-31,R2,Green Leaf Cafe,dinner,6,1,0,8,24.6,0.0,0,41,37.0,37.0,42,38,4
2025-08-31,R2,Green Leaf Cafe,lunch,6,1,0,8,24.6,0.0,0,31,25.1,25.1,29,26,3
2025-08-31,R3,Coastal Kitchen,dinner,6,1,0,8,32.0,0.2,0,94,71.6,71.6,104,80,24
2025-08-31,R3,Coastal Kitchen,lunch,6,1,0,8,32.0,0.2,0,56,46.3,46.3,68,54,14
2025-08-31,R4,Urban Tandoor,dinner,6,1,0,8,28.4,0.0,0,63,48.1,48.1,63,56,7
2025-08-31,R4,Urban Tandoor,lunch,6,1,0,8,28.4,0.0,0,39,31.6,31.6,41,35,6
2025-08-31,R5,Campus Canteen,dinner,6,1,0,8,31.4,0.0,0,97,86.0,86.0,120,109,11
2025-08-31,R5,Campus Canteen,lunch,6,1,0,8,31.4,0.0,0,75,59.1,59.1,73,68,5
2025-09-01,R1,Spice Route Kitchen,dinner,0,0,0,9,28.8,0.0,0,78,61.3,61.3,69,53,16
2025-09-01,R1,Spice Route Kitchen,lunch,0,0,0,9,28.8,0.0,0,47,40.1,40.1,40,35,5
2025-09-01,R2,Green Leaf Cafe,dinner,0,0,0,9,30.7,3.2,0,38,36.3,36.3,35,31,4
2025-09-01,R2,Green Leaf Cafe,lunch,0,0,0,9,30.7,3.2,0,26,25.1,25.1,23,21,2
2025-09-01,R3,Coastal Kitchen,dinner,0,0,0,9,26.6,3.1,0,80,71.1,71.1,78,60,18
2025-09-01,R3,Coastal Kitchen,lunch,0,0,0,9,26.6,3.1,0,54,46.7,46.7,52,40,12
2025-09-01,R4,Urban Tandoor,dinner,0,0,0,9,27.3,2.7,0,56,48.9,48.9,47,40,7
2025-09-01,R4,Urban Tandoor,lunch,0,0,0,9,27.3,2.7,0,35,31.3,31.3,33,28,5
2025-09-01,R5,Campus Canteen,dinner,0,0,0,9,31.6,0.0,1,109,88.3,88.3,123,106,17
2025-09-01,R5,Campus Canteen,lunch,0,0,0,9,31.6,0.0,1,68,58.9,58.9,83,75,8
2025-09-02,R1,Spice Route Kitchen,dinner,1,0,0,9,27.3,2.8,0,53,62.0,62.0,55,44,11
2025-09-02,R1,Spice Route Kitchen,lunch,1,0,0,9,27.3,2.8,0,35,40.3,40.3,41,34,7
2025-09-02,R2,Green Leaf Cafe,dinner,1,0,0,9,29.9,4.7,0,31,35.7,35.7,36,32,4
2025-09-02,R2,Green Leaf Cafe,lunch,1,0,0,9,29.9,4.7,0,21,24.9,24.9,24,21,3
2025-09-02,R3,Coastal Kitchen,dinner,1,0,0,9,28.5,0.1,0,60,70.6,70.6,73,57,16
2025-09-02,R3,Coastal Kitchen,lunch,1,0,0,9,28.5,0.1,0,40,46.6,46.6,50,40,10
2025-09-02,R4,Urban Tandoor,dinner,1,0,0,9,29.0,0.0,0,40,48.6,48.6,41,36,5
2025-09-02,R4,Urban Tandoor,lunch,1,0,0,9,29.0,0.0,0,28,31.4,31.4,32,28,4
2025-09-02,R5,Campus Canteen,dinner,1,0,0,9,27.1,0.0,0,106,93.4,93.4,89,80,9
2025-09-02,R5,Campus Canteen,lunch,1,0,0,9,27.1,0.0,0,75,62.9,62.9,59,52,7
2025-09-03,R1,Spice Route Kitchen,dinner,2,0,0,9,27.8,0.0,0,44,61.0,61.0,64,55,9
2025-09-03,R1,Spice Route Kitchen,lunch,2,0,0,9,27.8,0.0,0,34,39.6,39.6,41,34,7
2025-09-03,R2,Green Leaf Cafe,dinner,2,0,0,9,32.1,0.0,0,32,35.6,35.6,36,32,4
2025-09-03,R2,Green Leaf Cafe,lunch,2,0,0,9,32.1,0.0,0,21,24.9,24.9,26,24,2
2025-09-03,R3,Coastal Kitchen,dinner,2,0,0,9,32.1,0.0,0,57,69.9,69.9,89,66,23
2025-09-03,R3,Coastal Kitchen,lunch,2,0,0,9,32.1,0.0,0,40,46.7,46.7,55,42,13
2025-09-03,R4,Urban Tandoor,dinner,2,0,0,9,27.2,0.0,0,36,47.7,47.7,52,41,11
2025-09-03,R4,Urban Tandoor,lunch,2,0,0,9,27.2,0.0,0,28,31.3,31.3,35,31,4
2025-09-03,R5,Campus Canteen,dinner,2,0,0,9,25.2,0.0,0,80,93.4,93.4,85,79,6
2025-09-03,R5,Campus Canteen,lunch,2,0,0,9,25.2,0.0,0,52,62.4,62.4,60,54,6
2025-09-04,R1,Spice Route Kitchen,dinner,3,0,0,9,30.0,0.0,0,55,61.6,61.6,66,56,10
2025-09-04,R1,Spice Route Kitchen,lunch,3,0,0,9,30.0,0.0,0,34,39.4,39.4,52,41,11
2025-09-04,R2,Green Leaf Cafe,dinner,3,0,0,9,27.4,0.0,0,32,35.6,35.6,38,33,5
2025-09-04,R2,Green Leaf Cafe,lunch,3,0,0,9,27.4,0.0,0,24,24.7,24.7,28,24,4
2025-09-04,R3,Coastal Kitchen,dinner,3,0,0,9,27.0,2.6,0,66,70.3,70.3,78,63,15
2025-09-04,R3,Coastal Kitchen,lunch,3,0,0,9,27.0,2.6,0,42,46.3,46.3,54,43,11
2025-09-04,R4,Urban Tandoor,dinner,3,0,0,9,28.7,0.9,0,41,47.1,47.1,49,42,7
2025-09-04,R4,Urban Tandoor,lunch,3,0,0,9,28.7,0.9,0,31,31.9,31.9,37,30,7
2025-09-04,R5,Campus Canteen,dinner,3,0,0,9,26.3,7.2,0,79,92.9,92.9,88,79,9
2025-09-04,R5,Campus Canteen,lunch,3,0,0,9,26.3,7.2,0,54,62.9,62.9,56,52,4
2025-09-05,R1,Spice Route Kitchen,dinner,4,0,0,9,26.6,2.2,0,56,61.1,61.1,76,65,11
2025-09-05,R1,Spice Route Kitchen,lunch,4,0,0,9,26.6,2.2,0,41,40.1,40.1,53,43,10
2025-09-05,R2,Green Leaf Cafe,dinner,4,0,0,9,25.9,1.0,0,33,36.0,36.0,46,42,4
2025-09-05,R2,Green Leaf Cafe,lunch,4,0,0,9,25.9,1.0,0,24,24.9,24.9,31,28,3
2025-09-05,R3,Coastal Kitchen,dinner,4,0,0,9,28.5,0.0,0,63,71.3,71.3,107,81,26
2025-09-05,R3,Coastal Kitchen,lunch,4,0,0,9,28.5,0.0,0,43,46.1,46.1,59,47,12
2025-09-05,R4,Urban Tandoor,dinner,4,0,0,9,24.9,2.3,0,42,46.9,46.9,64,55,9
2025-09-05,R4,Urban Tandoor,lunch,4,0,0,9,24.9,2.3,0,30,32.4,32.4,38,34,4
2025-09-05,R5,Campus Canteen,dinner,4,0,0,9,31.8,1.4,0,79,92.1,92.1,101,89,12
2025-09-05,R5,Campus Canteen,lunch,4,0,0,9,31.8,1.4,0,52,62.7,62.7,72,64,8
2025-09-06,R1,Spice Route Kitchen,dinner,5,1,0,9,26.5,4.7,0,65,60.4,60.4,90,75,15
2025-09-06,R1,Spice Route Kitchen,lunch,5,1,0,9,26.5,4.7,0,43,40.4,40.4,58,49,9
2025-09-06,R2,Green Leaf Cafe,dinner,5,1,0,9,25.1,0.0,0,42,35.6,35.6,54,48,6
2025-09-06,R2,Green Leaf Cafe,lunch,5,1,0,9,25.1,0.0,0,28,25.0,25.0,39,33,6
2025-09-06,R3,Coastal Kitchen,dinner,5,1,0,9,29.8,6.7,0,81,71.6,71.6,115,90,25
2025-09-06,R3,Coastal Kitchen,lunch,5,1,0,9,29.8,6.7,0,47,46.0,46.0,77,62,15
2025-09-06,R4,Urban Tandoor,dinner,5,1,0,9,28.3,0.0,0,55,47.6,47.6,80,66,14
2025-09-06,R4,Urban Tandoor,lunch,5,1,0,9,28.3,0.0,0,34,32.1,32.1,42,36,6
2025-09-06,R5,Campus Canteen,dinner,5,1,0,9,29.9,2.4,0,89,91.3,91.3,122,108,14
2025-09-06,R5,Campus Canteen,lunch,5,1,0,9,29.9,2.4,0,64,62.9,62.9,75,70,5
2025-09-07,R1,Spice Route Kitchen,dinner,6,1,0,9,30.3,3.5,0,75,60.9,60.9,81,66,15
2025-09-07,R1,Spice Route Kitchen,lunch,6,1,0,9,30.3,3.5,0,49,40.4,40.4,57,47,10
2025-09-07,R2,Green Leaf Cafe,dinner,6,1,0,9,26.3,2.8,0,48,36.6,36.6,49,42,7
2025-09-07,R2,Green Leaf Cafe,lunch,6,1,0,9,26.3,2.8,0,33,25.3,25.3,33,28,5
2025-09-07,R3,Coastal Kitchen,dinner,6,1,0,9,25.5,3.8,0,90,71.0,71.0,105,80,25
2025-09-07,R3,Coastal Kitchen,lunch,6,1,0,9,25.5,3.8,0,62,46.9,46.9,73,56,17
2025-09-07,R4,Urban Tandoor,dinner,6,1,0,9,27.1,11.6,0,66,48.0,48.0,51,45,6
2025-09-07,R4,Urban Tandoor,lunch,6,1,0,9,27.1,11.6,0,36,31.7,31.7,37,33,4
2025-09-07,R5,Campus Canteen,dinner,6,1,0,9,25.6,7.8,0,108,92.9,92.9,111,95,16
2025-09-07,R5,Campus Canteen,lunch,6,1,0,9,25.6,7.8,0,70,62.1,62.1,64,60,4
2025-09-08,R1,Spice Route Kitchen,dinner,0,0,0,9,26.2,4.7,0,66,59.1,59.1,64,51,13
2025-09-08,R1,Spice Route Kitchen,lunch,0,0,0,9,26.2,4.7,0,47,40.4,40.4,40,34,6
2025-09-08,R2,Green Leaf Cafe,dinner,0,0,0,9,30.4,1.5,0,42,37.1,37.1,35,31,4
2025-09-08,R2,Green Leaf Cafe,lunch,0,0,0,9,30.4,1.5,0,28,25.6,25.6,25,23,2
2025-09-08,R3,Coastal Kitchen,dinner,0,0,0,9,27.8,3.6,0,80,71.0,71.0,75,60,15
2025-09-08,R3,Coastal Kitchen,lunch,0,0,0,9,27.8,3.6,0,56,47.1,47.1,53,43,10
2025-09-08,R4,Urban Tandoor,dinner,0,0,0,9,27.7,2.2,0,45,46.4,46.4,51,42,9
2025-09-08,R4,Urban Tandoor,lunch,0,0,0,9,27.7,2.2,0,33,31.4,31.4,34,29,5
2025-09-08,R5,Campus Canteen,dinner,0,0,0,9,29.0,6.9,0,95,90.9,90.9,88,79,9
2025-09-08,R5,Campus Canteen,lunch,0,0,0,9,29.0,6.9,0,60,61.0,61.0,55,51,4
2025-09-09,R1,Spice Route Kitchen,dinner,1,0,0,9,28.3,7.1,0,51,58.9,58.9,57,48,9
2025-09-09,R1,Spice Route Kitchen,lunch,1,0,0,9,28.3,7.1,0,34,40.3,40.3,39,32,7
2025-09-09,R2,Green Leaf Cafe,dinner,1,0,0,9,25.3,1.7,0,31,37.1,37.1,34,32,2
2025-09-09,R2,Green Leaf Cafe,lunch,1,0,0,9,25.3,1.7,0,23,25.9,25.9,27,23,4
2025-09-09,R3,Coastal Kitchen,dinner,1,0,0,9,27.6,6.9,0,60,71.0,71.0,67,52,15
2025-09-09,R3,Coastal Kitchen,lunch,1,0,0,9,27.6,6.9,0,43,47.6,47.6,53,40,13
2025-09-09,R4,Urban Tandoor,dinner,1,0,0,9,24.1,0.0,0,42,46.7,46.7,47,40,7
2025-09-09,R4,Urban Tandoor,lunch,1,0,0,9,24.1,0.0,0,29,31.6,31.6,34,28,6
2025-09-09,R5,Campus Canteen,dinner,1,0,0,9,26.6,6.9,0,79,87.0,87.0,97,88,9
2025-09-09,R5,Campus Canteen,lunch,1,0,0,9,26.6,6.9,0,51,57.6,57.6,58,54,4
2025-09-10,R1,Spice Route Kitchen,dinner,2,0,0,9,25.6,0.0,0,48,59.4,59.4,66,56,10
2025-09-10,R1,Spice Route Kitchen,lunch,2,0,0,9,25.6,0.0,0,32,40.0,40.0,41,35,6
2025-09-10,R2,Green Leaf Cafe,dinner,2,0,0,9,27.0,2.1,0,32,37.1,37.1,39,35,4
2025-09-10,R2,Green Leaf Cafe,lunch,2,0,0,9,27.0,2.1,0,23,26.1,26.1,30,25,5
2025-09-10,R3,Coastal Kitchen,dinner,2,0,0,9,27.6,0.0,0,52,70.3,70.3,84,63,21
2025-09-10,R3,Coastal Kitchen,lunch,2,0,0,9,27.6,0.0,0,40,47.6,47.6,58,44,14
2025-09-10,R4,Urban Tandoor,dinner,2,0,0,9,25.1,3.0,1,40,47.3,47.3,68,58,10
2025-09-10,R4,Urban Tandoor,lunch,2,0,0,9,25.1,3.0,1,28,31.6,31.6,44,37,7
2025-09-10,R5,Campus Canteen,dinner,2,0,0,9,28.3,4.6,0,88,88.1,88.1,82,75,7
2025-09-10,R5,Campus Canteen,lunch,2,0,0,9,28.3,4.6,0,54,57.9,57.9,63,55,8
2025-09-11,R1,Spice Route Kitchen,dinner,3,0,0,9,32.3,0.6,0,56,59.6,59.6,73,59,14
2025-09-11,R1,Spice Route Kitchen,lunch,3,0,0,9,32.3,0.6,0,35,40.1,40.1,44,34,10
2025-09-11,R2,Green Leaf Cafe,dinner,3,0,0,9,25.7,1.7,0,35,37.6,37.6,39,33,6
2025-09-11,R2,Green Leaf Cafe,lunch,3,0,0,9,25.7,1.7,0,25,26.3,26.3,28,24,4
2025-09-11,R3,Coastal Kitchen,dinner,3,0,0,9,27.1,3.7,0,63,69.9,69.9,94,69,25
2025-09-11,R3,Coastal Kitchen,lunch,3,0,0,9,27.1,3.7,0,44,47.9,47.9,55,43,12
2025-09-11,R4,Urban Tandoor,dinner,3,0,0,9,25.1,3.3,0,58,49.7,49.7,54,47,7
2025-09-11,R4,Urban Tandoor,lunch,3,0,0,9,25.1,3.3,0,37,32.4,32.4,32,28,4
2025-09-11,R5,Campus Canteen,dinner,3,0,0,9,26.8,1.7,0,75,87.6,87.6,95,85,10
2025-09-11,R5,Campus Canteen,lunch,3,0,0,9,26.8,1.7,0,55,58.0,58.0,61,52,9
2025-09-12,R1,Spice Route Kitchen,dinner,4,0,0,9,23.8,2.6,0,59,60.0,60.0,75,66,9
2025-09-12,R1,Spice Route Kitchen,lunch,4,0,0,9,23.8,2.6,0,34,39.1,39.1,59,48,11
2025-09-12,R2,Green Leaf Cafe,dinner,4,0,0,9,26.7,0.0,0,33,37.6,37.6,48,41,7
2025-09-12,R2,Green Leaf Cafe,lunch,4,0,0,9,26.7,0.0,0,24,26.3,26.3,33,28,5
2025-09-12,R3,Coastal Kitchen,dinner,4,0,0,9,29.3,0.8,0,69,70.7,70.7,108,82,26
2025-09-12,R3,Coastal Kitchen,lunch,4,0,0,9,29.3,0.8,0,43,47.9,47.9,65,51,14
2025-09-12,R4,Urban Tandoor,dinner,4,0,0,9,25.4,1.9,0,47,50.4,50.4,59,50,9
2025-09-12,R4,Urban Tandoor,lunch,4,0,0,9,25.4,1.9,0,28,32.1,32.1,40,34,6
2025-09-12,R5,Campus Canteen,dinner,4,0,0,9,27.7,0.0,0,85,88.4,88.4,114,98,16
2025-09-12,R5,Campus Canteen,lunch,4,0,0,9,27.7,0.0,0,52,58.0,58.0,76,66,10
2025-09-13,R1,Spice Route Kitchen,dinner,5,1,0,9,24.4,4.1,0,66,60.1,60.1,95,75,20
2025-09-13,R1,Spice Route Kitchen,lunch,5,1,0,9,24.4,4.1,0,48,39.9,39.9,61,53,8
2025-09-13,R2,Green Leaf Cafe,dinner,5,1,0,9,26.7,0.0,0,41,37.4,37.4,57,48,9
2025-09-13,R2,Green Leaf Cafe,lunch,5,1,0,9,26.7,0.0,0,28,26.3,26.3,40,33,7
2025-09-13,R3,Coastal Kitchen,dinner,5,1,0,9,27.0,0.1,0,82,70.9,70.9,127,93,34
2025-09-13,R3,Coastal Kitchen,lunch,5,1,0,9,27.0,0.1,0,51,48.4,48.4,71,53,18
2025-09-13,R4,Urban Tandoor,dinner,5,1,0,9,24.3,0.0,0,50,49.7,49.7,74,61,13
2025-09-13,R4,Urban Tandoor,lunch,5,1,0,9,24.3,0.0,0,34,32.1,32.1,45,40,5
2025-09-13,R5,Campus Canteen,dinner,5,1,0,9,28.1,0.5,0,98,89.7,89.7,129,119,10
2025-09-13,R5,Campus Canteen,lunch,5,1,0,9,28.1,0.5,0,66,58.3,58.3,82,75,7
2025-09-14,R1,Spice Route Kitchen,dinner,6,1,0,9,22.9,2.0,0,75,60.1,60.1,81,67,14
2025-09-14,R1,Spice Route Kitchen,lunch,6,1,0,9,22.9,2.0,0,53,40.4,40.4,52,45,7
2025-09-14,R2,Green Leaf Cafe,dinner,6,1,0,9,28.3,4.1,0,48,37.4,37.4,48,42,6
2025-09-14,R2,Green Leaf Cafe,lunch,6,1,0,9,28.3,4.1,0,33,26.3,26.3,37,32,5
2025-09-14,R3,Coastal Kitchen,dinner,6,1,0,9,27.6,0.0,0,93,71.3,71.3,107,79,28
2025-09-14,R3,Coastal Kitchen,lunch,6,1,0,9,27.6,0.0,0,53,47.1,47.1,75,60,15
2025-09-14,R4,Urban Tandoor,dinner,6,1,0,9,28.1,2.9,0,61,49.0,49.0,57,51,6
2025-09-14,R4,Urban Tandoor,lunch,6,1,0,9,28.1,2.9,0,40,32.7,32.7,48,41,7
2025-09-14,R5,Campus Canteen,dinner,6,1,0,9,26.8,4.2,0,119,91.3,91.3,117,106,11
2025-09-14,R5,Campus Canteen,lunch,6,1,0,9,26.8,4.2,0,75,59.0,59.0,73,65,8
2025-09-15,R1,Spice Route Kitchen,dinner,0,0,0,9,25.7,0.3,0,67,60.3,60.3,62,51,11
2025-09-15,R1,Spice Route Kitchen,lunch,0,0,0,9,25.7,0.3,0,45,40.1,40.1,43,35,8
2025-09-15,R2,Green Leaf Cafe,dinner,0,0,0,9,26.5,0.0,0,42,37.4,37.4,37,32,5
2025-09-15,R2,Green Leaf Cafe,lunch,0,0,0,9,26.5,0.0,0,32,26.9,26.9,24,21,3
2025-09-15,R3,Coastal Kitchen,dinner,0,0,0,9,27.2,9.4,0,79,71.1,71.1,62,48,14
2025-09-15,R3,Coastal Kitchen,lunch,0,0,0,9,27.2,9.4,0,60,47.7,47.7,44,32,12
2025-09-15,R4,Urban Tandoor,dinner,0,0,0,9,29.5,7.3,0,51,49.9,49.9,50,44,6
2025-09-15,R4,Urban Tandoor,lunch,0,0,0,9,29.5,7.3,0,41,33.9,33.9,31,26,5
2025-09-15,R5,Campus Canteen,dinner,0,0,0,9,23.9,5.5,0,106,92.9,92.9,101,87,14
2025-09-15,R5,Campus Canteen,lunch,0,0,0,9,23.9,5.5,0,65,59.7,59.7,63,55,8
2025-09-16,R1,Spice Route Kitchen,dinner,1,0,0,9,26.0,0.0,0,51,60.3,60.3,62,54,8
2025-09-16,R1,Spice Route Kitchen,lunch,1,0,0,9,26.0,0.0,0,35,40.3,40.3,42,34,8
2025-09-16,R2,Green Leaf Cafe,dinner,1,0,0,9,24.3,1.5,0,32,37.6,37.6,38,32,6
2025-09-16,R2,Green Leaf Cafe,lunch,1,0,0,9,24.3,1.5,0,21,26.6,26.6,27,23,4
2025-09-16,R3,Coastal Kitchen,dinner,1,0,0,9,25.7,5.1,0,48,69.4,69.4,93,64,29
2025-09-16,R3,Coastal Kitchen,lunch,1,0,0,9,25.7,5.1,0,32,46.1,46.1,52,41,11
2025-09-16,R4,Urban Tandoor,dinner,1,0,0,9,21.9,8.5,0,44,50.1,50.1,40,35,5
2025-09-16,R4,Urban Tandoor,lunch,1,0,0,9,21.9,8.5,0,26,33.4,33.4,28,24,4
2025-09-16,R5,Campus Canteen,dinner,1,0,0,9,24.4,3.4,0,87,94.0,94.0,85,74,11
2025-09-16,R5,Campus Canteen,lunch,1,0,0,9,24.4,3.4,0,55,60.3,60.3,53,49,4
2025-09-17,R1,Spice Route Kitchen,dinner,2,0,0,9,21.7,2.8,0,54,61.1,61.1,69,55,14
2025-09-17,R1,Spice Route Kitchen,lunch,2,0,0,9,21.7,2.8,0,34,40.6,40.6,43,36,7
2025-09-17,R2,Green Leaf Cafe,dinner,2,0,0,9,27.9,0.0,0,32,37.6,37.6,43,38,5
2025-09-17,R2,Green Leaf Cafe,lunch,2,0,0,9,27.9,0.0,0,23,26.6,26.6,24,20,4
2025-09-17,R3,Coastal Kitchen,dinner,2,0,0,9,27.0,2.3,0,64,71.1,71.1,77,59,18
2025-09-17,R3,Coastal Kitchen,lunch,2,0,0,9,27.0,2.3,0,41,46.3,46.3,51,39,12
2025-09-17,R4,Urban Tandoor,dinner,2,0,0,9,24.0,2.3,0,35,49.4,49.4,48,41,7
2025-09-17,R4,Urban Tandoor,lunch,2,0,0,9,24.0,2.3,0,24,32.9,32.9,32,27,5
2025-09-17,R5,Campus Canteen,dinner,2,0,0,9,25.5,0.0,0,74,92.0,92.0,84,74,10
2025-09-17,R5,Campus Canteen,lunch,2,0,0,9,25.5,0.0,0,49,59.6,59.6,66,59,7
2025-09-18,R1,Spice Route Kitchen,dinner,3,0,0,9,26.5,1.2,0,55,61.0,61.0,68,57,11
2025-09-18,R1,Spice Route Kitchen,lunch,3,0,0,9,26.5,1.2,0,36,40.7,40.7,49,39,10
2025-09-18,R2,Green Leaf Cafe,dinner,3,0,0,9,21.2,3.8,0,38,38.0,38.0,40,35,5
2025-09-18,R2,Green Leaf Cafe,lunch,3,0,0,9,21.2,3.8,0,20,25.9,25.9,26,22,4
2025-09-18,R3,Coastal Kitchen,dinner,3,0,0,9,29.0,5.7,0,59,70.6,70.6,79,64,15
2025-09-18,R3,Coastal Kitchen,lunch,3,0,0,9,29.0,5.7,0,39,45.6,45.6,54,40,14
2025-09-18,R4,Urban Tandoor,dinner,3,0,0,9,23.5,0.0,0,41,47.0,47.0,51,44,7
2025-09-18,R4,Urban Tandoor,lunch,3,0,0,9,23.5,0.0,0,27,31.4,31.4,32,29,3
2025-09-18,R5,Campus Canteen,dinner,3,0,0,9,29.9,3.9,0,74,91.9,91.9,87,80,7
2025-09-18,R5,Campus Canteen,lunch,3,0,0,9,29.9,3.9,0,59,60.1,60.1,67,63,4
2025-09-19,R1,Spice Route Kitchen,dinner,4,0,0,9,26.7,4.6,0,57,60.7,60.7,84,68,16
2025-09-19,R1,Spice Route Kitchen,lunch,4,0,0,9,26.7,4.6,0,39,41.4,41.4,50,41,9
2025-09-19,R2,Green Leaf Cafe,dinner,4,0,0,9,24.0,2.4,0,35,38.3,38.3,48,42,6
2025-09-19,R2,Green Leaf Cafe,lunch,4,0,0,9,24.0,2.4,0,22,25.6,25.6,29,26,3
2025-09-19,R3,Coastal Kitchen,dinner,4,0,0,9,26.7,5.1,0,64,69.9,69.9,101,79,22
2025-09-19,R3,Coastal Kitchen,lunch,4,0,0,9,26.7,5.1,0,40,45.1,45.1,62,48,14
2025-09-19,R4,Urban Tandoor,dinner,4,0,0,9,24.4,0.0,0,44,46.6,46.6,57,49,8
2025-09-19,R4,Urban Tandoor,lunch,4,0,0,9,24.4,0.0,0,29,31.6,31.6,38,32,6
2025-09-19,R5,Campus Canteen,dinner,4,0,0,9,23.8,2.9,0,80,91.1,91.1,98,92,6
2025-09-19,R5,Campus Canteen,lunch,4,0,0,9,23.8,2.9,0,63,61.7,61.7,74,64,10
2025-09-20,R1,Spice Route Kitchen,dinner,5,1,0,9,22.9,3.2,0,68,61.0,61.0,93,73,20
2025-09-20,R1,Spice Route Kitchen,lunch,5,1,0,9,22.9,3.2,0,41,40.4,40.4,61,50,11
2025-09-20,R2,Green Leaf Cafe,dinner,5,1,0,9,22.3,5.0,0,42,38.4,38.4,55,47,8
2025-09-20,R2,Green Leaf Cafe,lunch,5,1,0,9,22.3,5.0,0,26,25.3,25.3,34,30,4
2025-09-20,R3,Coastal Kitchen,dinner,5,1,0,9,23.5,4.2,0,79,69.4,69.4,105,79,26
2025-09-20,R3,Coastal Kitchen,lunch,5,1,0,9,23.5,4.2,0,48,44.7,44.7,74,59,15
2025-09-20,R4,Urban Tandoor,dinner,5,1,0,9,27.4,3.6,0,49,46.4,46.4,61,52,9
2025-09-20,R4,Urban Tandoor,lunch,5,1,0,9,27.4,3.6,0,32,31.3,31.3,47,40,7
2025-09-20,R5,Campus Canteen,dinner,5,1,0,9,24.9,1.0,0,92,90.3,90.3,123,113,10
2025-09-20,R5,Campus Canteen,lunch,5,1,0,9,24.9,1.0,0,64,61.4,61.4,77,68,9
2025-09-21,R1,Spice Route Kitchen,dinner,6,1,0,9,23.2,0.2,0,73,60.7,60.7,72,63,9
2025-09-21,R1,Spice Route Kitchen,lunch,6,1,0,9,23.2,0.2,0,50,40.0,40.0,56,48,8
2025-09-21,R2,Green Leaf Cafe,dinner,6,1,0,9,27.2,0.0,0,47,38.3,38.3,53,48,5
2025-09-21,R2,Green Leaf Cafe,lunch,6,1,0,9,27.2,0.0,0,30,24.9,24.9,32,29,3
2025-09-21,R3,Coastal Kitchen,dinner,6,1,0,9,25.5,4.8,0,79,67.4,67.4,97,72,25
2025-09-21,R3,Coastal Kitchen,lunch,6,1,0,9,25.5,4.8,0,59,45.6,45.6,68,50,18
2025-09-21,R4,Urban Tandoor,dinner,6,1,0,9,24.5,5.7,0,52,45.1,45.1,68,58,10
2025-09-21,R4,Urban Tandoor,lunch,6,1,0,9,24.5,5.7,0,40,31.3,31.3,43,37,6
2025-09-21,R5,Campus Canteen,dinner,6,1,0,9,23.1,2.4,0,113,89.4,89.4,108,100,8
2025-09-21,R5,Campus Canteen,lunch,6,1,0,9,23.1,2.4,0,68,60.4,60.4,79,68,11
2025-09-22,R1,Spice Route Kitchen,dinner,0,0,0,9,24.9,0.0,1,63,60.1,60.1,87,72,15
2025-09-22,R1,Spice Route Kitchen,lunch,0,0,0,9,24.9,0.0,1,48,40.4,40.4,59,49,10
2025-09-22,R2,Green Leaf Cafe,dinner,0,0,0,9,25.6,3.2,0,48,39.1,39.1,34,30,4
2025-09-22,R2,Green Leaf Cafe,lunch,0,0,0,9,25.6,3.2,0,29,24.4,24.4,25,21,4
2025-09-22,R3,Coastal Kitchen,dinner,0,0,0,9,27.4,4.6,0,72,66.4,66.4,71,56,15
2025-09-22,R3,Coastal Kitchen,lunch,0,0,0,9,27.4,4.6,0,50,44.1,44.1,50,38,12
2025-09-22,R4,Urban Tandoor,dinner,0,0,0,9,26.5,0.0,0,58,46.1,46.1,52,43,9
2025-09-22,R4,Urban Tandoor,lunch,0,0,0,9,26.5,0.0,0,37,30.7,30.7,29,24,5
2025-09-22,R5,Campus Canteen,dinner,0,0,0,9,25.6,1.5,0,100,88.6,88.6,87,77,10
2025-09-22,R5,Campus Canteen,lunch,0,0,0,9,25.6,1.5,0,68,60.9,60.9,61,53,8
2025-09-23,R1,Spice Route Kitchen,dinner,1,0,0,9,26.0,3.4,0,72,63.1,63.1,61,53,8
2025-09-23,R1,Spice Route Kitchen,lunch,1,0,0,9,26.0,3.4,0,49,42.4,42.4,43,34,9
2025-09-23,R2,Green Leaf Cafe,dinner,1,0,0,9,23.5,0.0,0,30,38.9,38.9,39,34,5
2025-09-23,R2,Green Leaf Cafe,lunch,1,0,0,9,23.5,0.0,0,21,24.4,24.4,26,23,3
2025-09-23,R3,Coastal Kitchen,dinner,1,0,0,9,25.9,3.9,0,56,67.6,67.6,86,65,21
2025-09-23,R3,Coastal Kitchen,lunch,1,0,0,9,25.9,3.9,0,38,45.0,45.0,54,41,13
2025-09-23,R4,Urban Tandoor,dinner,1,0,0,9,23.3,0.3,0,43,46.0,46.0,51,42,9
2025-09-23,R4,Urban Tandoor,lunch,1,0,0,9,23.3,0.3,0,24,30.4,30.4,36,29,7
2025-09-23,R5,Campus Canteen,dinner,1,0,0,9,28.8,5.6,0,77,87.1,87.1,91,81,10
2025-09-23,R5,Campus Canteen,lunch,1,0,0,9,28.8,5.6,0,53,60.6,60.6,55,51,4
2025-09-24,R1,Spice Route Kitchen,dinner,2,0,0,9,25.8,0.0,0,53,63.0,63.0,65,54,11
2025-09-24,R1,Spice Route Kitchen,lunch,2,0,0,9,25.8,0.0,0,34,42.4,42.4,46,38,8
2025-09-24,R2,Green Leaf Cafe,dinner,2,0,0,9,22.7,1.2,0,34,39.1,39.1,37,34,3
2025-09-24,R2,Green Leaf Cafe,lunch,2,0,0,9,22.7,1.2,0,23,24.4,24.4,25,21,4
2025-09-24,R3,Coastal Kitchen,dinner,2,0,0,9,26.6,3.4,0,65,67.7,67.7,79,61,18
2025-09-24,R3,Coastal Kitchen,lunch,2,0,0,9,26.6,3.4,0,41,45.0,45.0,49,38,11
2025-09-24,R4,Urban Tandoor,dinner,2,0,0,9,27.1,1.2,0,42,47.0,47.0,47,41,6
2025-09-24,R4,Urban Tandoor,lunch,2,0,0,9,27.1,1.2,0,29,31.1,31.1,32,28,4
2025-09-24,R5,Campus Canteen,dinner,2,0,0,9,23.3,1.3,0,81,88.1,88.1,88,79,9
2025-09-24,R5,Campus Canteen,lunch,2,0,0,9,23.3,1.3,0,51,60.9,60.9,63,55,8
2025-09-25,R1,Spice Route Kitchen,dinner,3,0,0,9,25.6,0.9,0,54,62.9,62.9,63,53,10
2025-09-25,R1,Spice Route Kitchen,lunch,3,0,0,9,25.6,0.9,0,38,42.7,42.7,47,39,8
2025-09-25,R2,Green Leaf Cafe,dinner,3,0,0,9,21.0,3.3,0,34,38.6,38.6,36,32,4
2025-09-25,R2,Green Leaf Cafe,lunch,3,0,0,9,21.0,3.3,0,21,24.6,24.6,28,24,4
2025-09-25,R3,Coastal Kitchen,dinner,3,0,0,9,25.2,3.9,0,61,68.0,68.0,90,68,22
2025-09-25,R3,Coastal Kitchen,lunch,3,0,0,9,25.2,3.9,0,38,44.9,44.9,54,42,12
2025-09-25,R4,Urban Tandoor,dinner,3,0,0,9,26.3,3.6,0,41,47.0,47.0,45,40,5
2025-09-25,R4,Urban Tandoor,lunch,3,0,0,9,26.3,3.6,0,28,31.3,31.3,33,26,7
2025-09-25,R5,Campus Canteen,dinner,3,0,0,9,22.9,0.0,0,79,88.9,88.9,95,83,12
2025-09-25,R5,Campus Canteen,lunch,3,0,0,9,22.9,0.0,0,55,60.3,60.3,57,52,5
2025-09-26,R1,Spice Route Kitchen,dinner,4,0,0,9,22.0,0.0,0,53,62.3,62.3,74,59,15
2025-09-26,R1,Spice Route Kitchen,lunch,4,0,0,9,22.0,0.0,0,39,42.7,42.7,62,48,14
2025-09-26,R2,Green Leaf Cafe,dinner,4,0,0,9,27.5,3.1,0,32,38.1,38.1,45,38,7
2025-09-26,R2,Green Leaf Cafe,lunch,4,0,0,9,27.5,3.1,0,24,24.9,24.9,30,26,4
2025-09-26,R3,Coastal Kitchen,dinner,4,0,0,9,22.1,1.4,0,68,68.6,68.6,100,73,27
2025-09-26,R3,Coastal Kitchen,lunch,4,0,0,9,22.1,1.4,0,42,45.1,45.1,66,51,15
2025-09-26,R4,Urban Tandoor,dinner,4,0,0,9,22.9,5.9,0,40,46.4,46.4,58,47,11
2025-09-26,R4,Urban Tandoor,lunch,4,0,0,9,22.9,5.9,0,26,30.9,30.9,39,34,5
2025-09-26,R5,Campus Canteen,dinner,4,0,0,9,23.9,6.2,0,83,89.3,89.3,116,103,13
2025-09-26,R5,Campus Canteen,lunch,4,0,0,9,23.9,6.2,0,52,58.7,58.7,71,64,7
2025-09-27,R1,Spice Route Kitchen,dinner,5,1,0,9,26.8,0.6,1,59,61.0,61.0,115,94,21
2025-09-27,R1,Spice Route Kitchen,lunch,5,1,0,9,26.8,0.6,1,48,43.7,43.7,72,59,13
2025-09-27,R2,Green Leaf Cafe,dinner,5,1,0,9,22.4,5.3,0,38,37.6,37.6,45,39,6
2025-09-27,R2,Green Leaf Cafe,lunch,5,1,0,9,22.4,5.3,0,26,24.9,24.9,33,29,4
2025-09-27,R3,Coastal Kitchen,dinner,5,1,0,9,21.6,4.1,0,73,67.7,67.7,100,80,20
2025-09-27,R3,Coastal Kitchen,lunch,5,1,0,9,21.6,4.1,0,51,45.6,45.6,79,61,18
2025-09-27,R4,Urban Tandoor,dinner,5,1,0,9,25.5,6.1,0,47,46.1,46.1,70,60,10
2025-09-27,R4,Urban Tandoor,lunch,5,1,0,9,25.5,6.1,0,34,31.1,31.1,37,33,4
2025-09-27,R5,Campus Canteen,dinner,5,1,0,9,24.2,0.0,0,103,90.9,90.9,134,118,16
2025-09-27,R5,Campus Canteen,lunch,5,1,0,9,24.2,0.0,0,64,58.7,58.7,81,78,3
2025-09-28,R1,Spice Route Kitchen,dinner,6,1,0,9,20.6,3.6,0,94,64.0,64.0,72,60,12
2025-09-28,R1,Spice Route Kitchen,lunch,6,1,0,9,20.6,3.6,0,59,45.0,45.0,51,43,8
2025-09-28,R2,Green Leaf Cafe,dinner,6,1,0,9,23.4,4.5,0,39,36.4,36.4,53,46,7
2025-09-28,R2,Green Leaf Cafe,lunch,6,1,0,9,23.4,4.5,0,29,24.7,24.7,36,31,5
2025-09-28,R3,Coastal Kitchen,dinner,6,1,0,9,22.9,0.0,0,80,67.9,67.9,102,82,20
2025-09-28,R3,Coastal Kitchen,lunch,6,1,0,9,22.9,0.0,0,61,45.9,45.9,67,52,15
2025-09-28,R4,Urban Tandoor,dinner,6,1,0,9,22.7,0.0,0,60,47.3,47.3,62,52,10
2025-09-28,R4,Urban Tandoor,lunch,6,1,0,9,22.7,0.0,0,33,30.1,30.1,44,37,7
2025-09-28,R5,Campus Canteen,dinner,6,1,0,9,22.3,0.0,0,118,91.6,91.6,112,102,10
2025-09-28,R5,Campus Canteen,lunch,6,1,0,9,22.3,0.0,0,78,60.1,60.1,81,73,8
2025-09-29,R1,Spice Route Kitchen,dinner,0,0,0,9,22.4,0.0,0,60,63.6,63.6,64,51,13
2025-09-29,R1,Spice Route Kitchen,lunch,0,0,0,9,22.4,0.0,0,43,44.3,44.3,40,34,6
2025-09-29,R2,Green Leaf Cafe,dinner,0,0,0,9,25.6,0.0,0,46,36.1,36.1,36,31,5
2025-09-29,R2,Green Leaf Cafe,lunch,0,0,0,9,25.6,0.0,0,31,25.0,25.0,23,21,2
2025-09-29,R3,Coastal Kitchen,dinner,0,0,0,9,22.2,1.5,0,82,69.3,69.3,72,55,17
2025-09-29,R3,Coastal Kitchen,lunch,0,0,0,9,22.2,1.5,0,52,46.1,46.1,59,45,14
2025-09-29,R4,Urban Tandoor,dinner,0,0,0,9,20.9,1.6,0,52,46.4,46.4,53,47,6
2025-09-29,R4,Urban Tandoor,lunch,0,0,0,9,20.9,1.6,0,37,30.1,30.1,29,25,4
2025-09-29,R5,Campus Canteen,dinner,0,0,0,9,23.9,0.0,0,102,91.9,91.9,78,72,6
2025-09-29,R5,Campus Canteen,lunch,0,0,0,9,23.9,0.0,0,73,60.9,60.9,64,57,7
2025-09-30,R1,Spice Route Kitchen,dinner,1,0,0,9,24.6,1.6,0,51,60.6,60.6,62,52,10
2025-09-30,R1,Spice Route Kitchen,lunch,1,0,0,9,24.6,1.6,0,34,42.1,42.1,39,32,7
2025-09-30,R2,Green Leaf Cafe,dinner,1,0,0,9,21.8,3.1,0,31,36.3,36.3,38,34,4
2025-09-30,R2,Green Leaf Cafe,lunch,1,0,0,9,21.8,3.1,0,21,25.0,25.0,23,19,4
2025-09-30,R3,Coastal Kitchen,dinner,1,0,0,9,24.5,1.6,0,55,69.1,69.1,81,62,19
2025-09-30,R3,Coastal Kitchen,lunch,1,0,0,9,24.5,1.6,0,45,47.1,47.1,55,44,11
2025-09-30,R4,Urban Tandoor,dinner,1,0,0,9,20.9,2.7,0,47,47.0,47.0,46,40,6
2025-09-30,R4,Urban Tandoor,lunch,1,0,0,9,20.9,2.7,0,25,30.3,30.3,33,27,6
2025-09-30,R5,Campus Canteen,dinner,1,0,0,9,23.7,0.0,0,72,91.1,91.1,79,71,8
2025-09-30,R5,Campus Canteen,lunch,1,0,0,9,23.7,0.0,0,57,61.4,61.4,52,46,6
2025-10-01,R1,Spice Route Kitchen,dinner,2,0,0,10,24.1,0.0,0,52,60.4,60.4,63,57,6
2025-10-01,R1,Spice Route Kitchen,lunch,2,0,0,10,24.1,0.0,0,32,41.9,41.9,41,37,4
2025-10-01,R2,Green Leaf Cafe,dinner,2,0,0,10,23.3,3.5,0,34,36.3,36.3,37,32,5
2025-10-01,R2,Green Leaf Cafe,lunch,2,0,0,10,23.3,3.5,0,19,24.4,24.4,27,23,4
2025-10-01,R3,Coastal Kitchen,dinner,2,0,0,10,24.5,5.5,0,62,68.7,68.7,77,59,18
2025-10-01,R3,Coastal Kitchen,lunch,2,0,0,10,24.5,5.5,0,44,47.6,47.6,53,40,13
2025-10-01,R4,Urban Tandoor,dinner,2,0,0,10,23.4,0.0,0,40,46.7,46.7,49,42,7
2025-10-01,R4,Urban Tandoor,lunch,2,0,0,10,23.4,0.0,0,27,30.0,30.0,31,25,6
2025-10-01,R5,Campus Canteen,dinner,2,0,0,10,22.6,5.6,0,71,89.7,89.7,94,85,9
2025-10-01,R5,Campus Canteen,lunch,2,0,0,10,22.6,5.6,0,46,60.7,60.7,66,58,8
2025-10-02,R1,Spice Route Kitchen,dinner,3,0,1,10,21.9,3.5,0,57,60.9,60.9,86,75,11
2025-10-02,R1,Spice Route Kitchen,lunch,3,0,1,10,21.9,3.5,0,37,41.7,41.7,51,43,8
2025-10-02,R2,Green Leaf Cafe,dinner,3,0,1,10,23.1,0.0,0,32,36.0,36.0,49,42,7
2025-10-02,R2,Green Leaf Cafe,lunch,3,0,1,10,23.1,0.0,0,23,24.7,24.7,34,30,4
2025-10-02,R3,Coastal Kitchen,dinner,3,0,1,10,20.5,0.0,0,59,68.4,68.4,107,84,23
2025-10-02,R3,Coastal Kitchen,lunch,3,0,1,10,20.5,0.0,0,40,47.9,47.9,69,56,13
2025-10-02,R4,Urban Tandoor,dinner,3,0,1,10,19.8,0.0,0,42,46.9,46.9,62,53,9
2025-10-02,R4,Urban Tandoor,lunch,3,0,1,10,19.8,0.0,0,25,29.6,29.6,44,37,7
2025-10-02,R5,Campus Canteen,dinner,3,0,1,10,23.8,4.1,0,85,90.6,90.6,120,103,17
2025-10-02,R5,Campus Canteen,lunch,3,0,1,10,23.8,4.1,0,58,61.1,61.1,80,72,8
2025-10-03,R1,Spice Route Kitchen,dinner,4,0,0,10,25.2,0.2,0,75,64.0,64.0,86,69,17
2025-10-03,R1,Spice Route Kitchen,lunch,4,0,0,10,25.2,0.2,0,43,42.3,42.3,50,42,8
2025-10-03,R2,Green Leaf Cafe,dinner,4,0,0,10,21.0,0.0,0,42,37.4,37.4,49,44,5
2025-10-03,R2,Green Leaf Cafe,lunch,4,0,0,10,21.0,0.0,0,30,25.6,25.6,30,28,2
2025-10-03,R3,Coastal Kitchen,dinner,4,0,0,10,25.5,0.0,0,84,70.7,70.7,106,82,24
2025-10-03,R3,Coastal Kitchen,lunch,4,0,0,10,25.5,0.0,0,56,49.9,49.9,64,51,13
2025-10-03,R4,Urban Tandoor,dinner,4,0,0,10,20.2,0.7,0,53,48.7,48.7,61,51,10
2025-10-03,R4,Urban Tandoor,lunch,4,0,0,10,20.2,0.7,0,37,31.1,31.1,40,35,5
2025-10-03,R5,Campus Canteen,dinner,4,0,0,10,25.6,0.0,0,103,93.4,93.4,105,91,14
2025-10-03,R5,Campus Canteen,lunch,4,0,0,10,25.6,0.0,0,72,64.0,64.0,70,61,9
2025-10-04,R1,Spice Route Kitchen,dinner,5,1,0,10,19.3,0.0,0,69,65.4,65.4,99,81,18
2025-10-04,R1,Spice Route Kitchen,lunch,5,1,0,10,19.3,0.0,0,42,41.4,41.4,62,53,9
2025-10-04,R2,Green Leaf Cafe,dinner,5,1,0,10,25.2,0.0,0,44,38.3,38.3,58,50,8
2025-10-04,R2,Green Leaf Cafe,lunch,5,1,0,10,25.2,0.0,0,28,25.9,25.9,40,35,5
2025-10-04,R3,Coastal Kitchen,dinner,5,1,0,10,22.4,2.2,0,82,72.0,72.0,101,80,21
2025-10-04,R3,Coastal Kitchen,lunch,5,1,0,10,22.4,2.2,0,51,49.9,49.9,69,53,16
2025-10-04,R4,Urban Tandoor,dinner,5,1,0,10,22.3,0.0,0,51,49.3,49.3,66,54,12
2025-10-04,R4,Urban Tandoor,lunch,5,1,0,10,22.3,0.0,0,35,31.3,31.3,45,37,8
2025-10-04,R5,Campus Canteen,dinner,5,1,0,10,23.8,0.0,0,91,91.7,91.7,117,111,6
2025-10-04,R5,Campus Canteen,lunch,5,1,0,10,23.8,0.0,0,61,63.6,63.6,78,66,12
2025-10-05,R1,Spice Route Kitchen,dinner,6,1,0,10,20.3,0.0,0,81,63.6,63.6,72,63,9
2025-10-05,R1,Spice Route Kitchen,lunch,6,1,0,10,20.3,0.0,0,53,40.6,40.6,52,42,10
2025-10-05,R2,Green Leaf Cafe,dinner,6,1,0,10,23.4,0.6,0,50,39.9,39.9,48,42,6
2025-10-05,R2,Green Leaf Cafe,lunch,6,1,0,10,23.4,0.6,0,35,26.7,26.7,31,28,3
2025-10-05,R3,Coastal Kitchen,dinner,6,1,0,10,24.3,2.0,0,80,72.0,72.0,117,88,29
2025-10-05,R3,Coastal Kitchen,lunch,6,1,0,10,24.3,2.0,0,53,48.7,48.7,64,51,13
2025-10-05,R4,Urban Tandoor,dinner,6,1,0,10,24.0,0.0,0,54,48.4,48.4,64,56,8
2025-10-05,R4,Urban Tandoor,lunch,6,1,0,10,24.0,0.0,0,37,31.9,31.9,37,32,5
2025-10-05,R5,Campus Canteen,dinner,6,1,0,10,25.8,3.3,0,111,90.7,90.7,126,115,11
2025-10-05,R5,Campus Canteen,lunch,6,1,0,10,25.8,3.3,0,66,61.9,61.9,68,63,5
2025-10-06,R1,Spice Route Kitchen,dinner,0,0,0,10,21.7,0.0,0,63,64.0,64.0,72,59,13
2025-10-06,R1,Spice Route Kitchen,lunch,0,0,0,10,21.7,0.0,0,42,40.4,40.4,39,33,6
2025-10-06,R2,Green Leaf Cafe,dinner,0,0,0,10,22.0,2.5,0,42,39.3,39.3,37,30,7
2025-10-06,R2,Green Leaf Cafe,lunch,0,0,0,10,22.0,2.5,0,28,26.3,26.3,23,21,2
2025-10-06,R3,Coastal Kitchen,dinner,0,0,0,10,21.6,2.1,0,88,72.9,72.9,81,62,19
2025-10-06,R3,Coastal Kitchen,lunch,0,0,0,10,21.6,2.1,0,51,48.6,48.6,51,39,12
2025-10-06,R4,Urban Tandoor,dinner,0,0,0,10,22.6,0.0,0,56,49.0,49.0,46,40,6
2025-10-06,R4,Urban Tandoor,lunch,0,0,0,10,22.6,0.0,0,32,31.1,31.1,30,26,4
2025-10-06,R5,Campus Canteen,dinner,0,0,0,10,19.9,1.2,0,115,92.6,92.6,88,79,9
2025-10-06,R5,Campus Canteen,lunch,0,0,0,10,19.9,1.2,0,63,60.4,60.4,56,48,8
2025-10-07,R1,Spice Route Kitchen,dinner,1,0,0,10,22.7,0.0,0,59,65.1,65.1,64,54,10
2025-10-07,R1,Spice Route Kitchen,lunch,1,0,0,10,22.7,0.0,0,33,40.3,40.3,41,35,6
2025-10-07,R2,Green Leaf Cafe,dinner,1,0,0,10,22.9,1.8,0,30,39.1,39.1,38,32,6
2025-10-07,R2,Green Leaf Cafe,lunch,1,0,0,10,22.9,1.8,0,21,26.3,26.3,25,22,3
2025-10-07,R3,Coastal Kitchen,dinner,1,0,0,10,22.7,0.6,0,62,73.9,73.9,79,60,19
2025-10-07,R3,Coastal Kitchen,lunch,1,0,0,10,22.7,0.6,0,39,47.7,47.7,50,39,11
2025-10-07,R4,Urban Tandoor,dinner,1,0,0,10,20.9,0.0,0,40,48.0,48.0,41,35,6
2025-10-07,R4,Urban Tandoor,lunch,1,0,0,10,20.9,0.0,0,26,31.3,31.3,34,29,5
2025-10-07,R5,Campus Canteen,dinner,1,0,0,10,22.3,0.0,1,79,93.6,93.6,108,98,10
2025-10-07,R5,Campus Canteen,lunch,1,0,0,10,22.3,0.0,1,48,59.1,59.1,71,65,6
2025-10-08,R1,Spice Route Kitchen,dinner,2,0,0,10,21.5,0.0,0,54,65.4,65.4,62,52,10
2025-10-08,R1,Spice Route Kitchen,lunch,2,0,0,10,21.5,0.0,0,35,40.7,40.7,41,34,7
2025-10-08,R2,Green Leaf Cafe,dinner,2,0,0,10,26.7,0.0,0,32,38.9,38.9,41,36,5
2025-10-08,R2,Green Leaf Cafe,lunch,2,0,0,10,26.7,0.0,0,22,26.7,26.7,25,21,4
2025-10-08,R3,Coastal Kitchen,dinner,2,0,0,10,22.5,0.0,0,60,73.6,73.6,80,62,18
2025-10-08,R3,Coastal Kitchen,lunch,2,0,0,10,22.5,0.0,0,39,47.0,47.0,57,42,15
2025-10-08,R4,Urban Tandoor,dinner,2,0,0,10,23.9,0.0,0,35,47.3,47.3,53,44,9
2025-10-08,R4,Urban Tandoor,lunch,2,0,0,10,23.9,0.0,0,29,31.6,31.6,32,26,6
2025-10-08,R5,Campus Canteen,dinner,2,0,0,10,24.2,2.7,0,98,97.4,97.4,96,88,8
2025-10-08,R5,Campus Canteen,lunch,2,0,0,10,24.2,2.7,0,65,61.9,61.9,54,48,6
2025-10-09,R1,Spice Route Kitchen,dinner,3,0,0,10,22.9,1.1,0,52,64.7,64.7,66,55,11
2025-10-09,R1,Spice Route Kitchen,lunch,3,0,0,10,22.9,1.1,0,34,40.3,40.3,45,36,9
2025-10-09,R2,Green Leaf Cafe,dinner,3,0,0,10,22.0,0.0,0,36,39.4,39.4,41,36,5
2025-10-09,R2,Green Leaf Cafe,lunch,3,0,0,10,22.0,0.0,0,21,26.4,26.4,26,23,3
2025-10-09,R3,Coastal Kitchen,dinner,3,0,0,10,22.4,0.0,0,62,74.0,74.0,81,63,18
2025-10-09,R3,Coastal Kitchen,lunch,3,0,0,10,22.4,0.0,0,42,47.3,47.3,55,43,12
2025-10-09,R4,Urban Tandoor,dinner,3,0,0,10,19.2,0.0,0,44,47.6,47.6,50,43,7
2025-10-09,R4,Urban Tandoor,lunch,3,0,0,10,19.2,0.0,0,26,31.7,31.7,34,28,6
2025-10-09,R5,Campus Canteen,dinner,3,0,0,10,21.6,0.7,0,88,97.9,97.9,96,84,12
2025-10-09,R5,Campus Canteen,lunch,3,0,0,10,21.6,0.7,0,48,60.4,60.4,61,53,8
2025-10-10,R1,Spice Route Kitchen,dinner,4,0,0,10,22.0,5.5,0,55,61.9,61.9,85,66,19
2025-10-10,R1,Spice Route Kitchen,lunch,4,0,0,10,22.0,5.5,0,36,39.3,39.3,53,46,7
2025-10-10,R2,Green Leaf Cafe,dinner,4,0,0,10,21.3,0.4,0,36,38.6,38.6,50,43,7
2025-10-10,R2,Green Leaf Cafe,lunch,4,0,0,10,21.3,0.4,0,23,25.4,25.4,35,30,5
2025-10-10,R3,Coastal Kitchen,dinner,4,0,0,10,24.4,0.0,0,63,71.0,71.0,101,77,24
2025-10-10,R3,Coastal Kitchen,lunch,4,0,0,10,24.4,0.0,0,43,45.4,45.4,67,52,15
2025-10-10,R4,Urban Tandoor,dinner,4,0,0,10,19.0,0.0,0,43,46.1,46.1,62,53,9
2025-10-10,R4,Urban Tandoor,lunch,4,0,0,10,19.0,0.0,0,28,30.4,30.4,41,35,6
2025-10-10,R5,Campus Canteen,dinner,4,0,0,10,22.9,3.1,0,84,95.1,95.1,114,104,10
2025-10-10,R5,Campus Canteen,lunch,4,0,0,10,22.9,3.1,0,53,57.7,57.7,83,70,13
2025-10-11,R1,Spice Route Kitchen,dinner,5,1,0,10,22.6,0.9,0,66,61.4,61.4,85,71,14
2025-10-11,R1,Spice Route Kitchen,lunch,5,1,0,10,22.6,0.9,0,46,39.9,39.9,60,49,11
2025-10-11,R2,Green Leaf Cafe,dinner,5,1,0,10,20.2,2.4,0,43,38.4,38.4,53,47,6
2025-10-11,R2,Green Leaf Cafe,lunch,5,1,0,10,20.2,2.4,0,30,25.7,25.7,32,29,3
2025-10-11,R3,Coastal Kitchen,dinner,5,1,0,10,18.5,1.2,0,77,70.3,70.3,118,87,31
2025-10-11,R3,Coastal Kitchen,lunch,5,1,0,10,18.5,1.2,0,52,45.6,45.6,75,58,17
2025-10-11,R4,Urban Tandoor,dinner,5,1,0,10,19.7,0.9,0,53,46.4,46.4,69,57,12
2025-10-11,R4,Urban Tandoor,lunch,5,1,0,10,19.7,0.9,0,35,30.4,30.4,49,42,7
2025-10-11,R5,Campus Canteen,dinner,5,1,0,10,23.3,2.5,0,104,97.0,97.0,124,113,11
2025-10-11,R5,Campus Canteen,lunch,5,1,0,10,23.3,2.5,0,70,59.0,59.0,77,71,6
2025-10-12,R1,Spice Route Kitchen,dinner,6,1,0,10,21.8,0.0,0,71,60.0,60.0,87,71,16
2025-10-12,R1,Spice Route Kitchen,lunch,6,1,0,10,21.8,0.0,0,49,39.3,39.3,52,42,10
2025-10-12,R2,Green Leaf Cafe,dinner,6,1,0,10,24.4,1.8,0,47,38.0,38.0,47,41,6
2025-10-12,R2,Green Leaf Cafe,lunch,6,1,0,10,24.4,1.8,0,29,24.9,24.9,34,29,5
2025-10-12,R3,Coastal Kitchen,dinner,6,1,0,10,19.1,0.0,0,87,71.3,71.3,122,92,30
2025-10-12,R3,Coastal Kitchen,lunch,6,1,0,10,19.1,0.0,0,58,46.3,46.3,72,54,18
2025-10-12,R4,Urban Tandoor,dinner,6,1,0,10,21.3,0.0,0,57,46.9,46.9,58,49,9
2025-10-12,R4,Urban Tandoor,lunch,6,1,0,10,21.3,0.0,0,42,31.1,31.1,45,38,7
2025-10-12,R5,Campus Canteen,dinner,6,1,0,10,22.5,0.0,0,113,97.3,97.3,115,102,13
2025-10-12,R5,Campus Canteen,lunch,6,1,0,10,22.5,0.0,0,71,59.7,59.7,71,62,9
2025-10-13,R1,Spice Route Kitchen,dinner,0,0,0,10,23.2,0.7,0,71,61.1,61.1,66,51,15
2025-10-13,R1,Spice Route Kitchen,lunch,0,0,0,10,23.2,0.7,0,42,39.3,39.3,43,36,7
2025-10-13,R2,Green Leaf Cafe,dinner,0,0,0,10,21.3,0.0,0,41,37.9,37.9,38,34,4
2025-10-13,R2,Green Leaf Cafe,lunch,0,0,0,10,21.3,0.0,0,29,25.0,25.0,25,22,3
2025-10-13,R3,Coastal Kitchen,dinner,0,0,0,10,23.5,0.0,0,92,71.9,71.9,82,62,20
2025-10-13,R3,Coastal Kitchen,lunch,0,0,0,10,23.5,0.0,0,54,46.7,46.7,53,40,13
2025-10-13,R4,Urban Tandoor,dinner,0,0,0,10,20.2,0.0,0,49,45.9,45.9,47,39,8
2025-10-13,R4,Urban Tandoor,lunch,0,0,0,10,20.2,0.0,0,38,32.0,32.0,32,29,3
2025-10-13,R5,Campus Canteen,dinner,0,0,0,10,25.2,0.0,0,102,95.4,95.4,98,88,10
2025-10-13,R5,Campus Canteen,lunch,0,0,0,10,25.2,0.0,0,62,59.6,59.6,58,52,6
2025-10-14,R1,Spice Route Kitchen,dinner,1,0,0,10,20.2,0.0,0,51,60.0,60.0,67,55,12
2025-10-14,R1,Spice Route Kitchen,lunch,1,0,0,10,20.2,0.0,0,36,39.7,39.7,41,35,6
2025-10-14,R2,Green Leaf Cafe,dinner,1,0,0,10,22.1,0.0,0,34,38.4,38.4,34,29,5
2025-10-14,R2,Green Leaf Cafe,lunch,1,0,0,10,22.1,0.0,0,22,25.1,25.1,25,21,4
2025-10-14,R3,Coastal Kitchen,dinner,1,0,0,10,20.7,0.0,0,62,71.9,71.9,74,56,18
2025-10-14,R3,Coastal Kitchen,lunch,1,0,0,10,20.7,0.0,0,40,46.9,46.9,55,41,14
2025-10-14,R4,Urban Tandoor,dinner,1,0,0,10,24.3,2.1,0,39,45.7,45.7,49,41,8
2025-10-14,R4,Urban Tandoor,lunch,1,0,0,10,24.3,2.1,0,29,32.4,32.4,33,29,4
2025-10-14,R5,Campus Canteen,dinner,1,0,0,10,20.0,6.0,0,88,96.7,96.7,74,70,4
2025-10-14,R5,Campus Canteen,lunch,1,0,0,10,20.0,6.0,0,52,60.1,60.1,50,46,4
2025-10-15,R1,Spice Route Kitchen,dinner,2,0,0,10,18.7,4.0,0,55,60.1,60.1,67,55,12
2025-10-15,R1,Spice Route Kitchen,lunch,2,0,0,10,18.7,4.0,0,35,39.7,39.7,42,33,9
2025-10-15,R2,Green Leaf Cafe,dinner,2,0,0,10,24.1,0.0,0,29,38.0,38.0,38,33,5
2025-10-15,R2,Green Leaf Cafe,lunch,2,0,0,10,24.1,0.0,0,21,25.0,25.0,25,21,4
2025-10-15,R3,Coastal Kitchen,dinner,2,0,0,10,19.7,1.8,0,56,71.3,71.3,82,62,20
2025-10-15,R3,Coastal Kitchen,lunch,2,0,0,10,19.7,1.8,0,41,47.1,47.1,57,45,12
2025-10-15,R4,Urban Tandoor,dinner,2,0,0,10,19.2,2.5,0,41,46.6,46.6,50,43,7
2025-10-15,R4,Urban Tandoor,lunch,2,0,0,10,19.2,2.5,0,29,32.4,32.4,32,29,3
2025-10-15,R5,Campus Canteen,dinner,2,0,0,10,20.2,0.2,0,70,92.7,92.7,85,74,11
2025-10-15,R5,Campus Canteen,lunch,2,0,0,10,20.2,0.2,0,46,57.4,57.4,62,54,8
2025-10-16,R1,Spice Route Kitchen,dinner,3,0,0,10,24.0,0.9,0,55,60.6,60.6,69,57,12
2025-10-16,R1,Spice Route Kitchen,lunch,3,0,0,10,24.0,0.9,0,33,39.6,39.6,44,35,9
2025-10-16,R2,Green Leaf Cafe,dinner,3,0,0,10,23.5,2.4,0,33,37.6,37.6,36,34,2
2025-10-16,R2,Green Leaf Cafe,lunch,3,0,0,10,23.5,2.4,0,21,25.0,25.0,26,22,4
2025-10-16,R3,Coastal Kitchen,dinner,3,0,0,10,19.1,0.2,1,62,71.3,71.3,118,92,26
2025-10-16,R3,Coastal Kitchen,lunch,3,0,0,10,19.1,0.2,1,45,47.6,47.6,72,56,16
2025-10-16,R4,Urban Tandoor,dinner,3,0,0,10,23.1,0.3,0,43,46.4,46.4,55,46,9
2025-10-16,R4,Urban Tandoor,lunch,3,0,0,10,23.1,0.3,0,29,32.9,32.9,35,30,5
2025-10-16,R5,Campus Canteen,dinner,3,0,0,10,23.6,1.6,0,74,90.7,90.7,102,90,12
2025-10-16,R5,Campus Canteen,lunch,3,0,0,10,23.6,1.6,0,54,58.3,58.3,58,50,8
2025-10-17,R1,Spice Route Kitchen,dinner,4,0,0,10,19.1,0.8,0,57,60.9,60.9,76,68,8
2025-10-17,R1,Spice Route Kitchen,lunch,4,0,0,10,19.1,0.8,0,35,39.4,39.4,47,40,7
2025-10-17,R2,Green Leaf Cafe,dinner,4,0,0,10,20.5,0.0,0,34,37.3,37.3,43,40,3
2025-10-17,R2,Green Leaf Cafe,lunch,4,0,0,10,20.5,0.0,0,22,24.9,24.9,31,28,3
2025-10-17,R3,Coastal Kitchen,dinner,4,0,0,10,21.8,1.3,0,92,75.4,75.4,101,79,22
2025-10-17,R3,Coastal Kitchen,lunch,4,0,0,10,21.8,1.3,0,56,49.4,49.4,65,52,13
2025-10-17,R4,Urban Tandoor,dinner,4,0,0,10,21.6,0.0,0,46,46.9,46.9,66,54,12
2025-10-17,R4,Urban Tandoor,lunch,4,0,0,10,21.6,0.0,0,30,33.1,33.1,42,37,5
2025-10-17,R5,Campus Canteen,dinner,4,0,0,10,19.5,0.0,0,90,91.6,91.6,113,98,15
2025-10-17,R5,Campus Canteen,lunch,4,0,0,10,19.5,0.0,0,50,57.9,57.9,72,63,9
2025-10-18,R1,Spice Route Kitchen,dinner,5,1,0,10,20.9,0.0,0,68,61.1,61.1,89,72,17
2025-10-18,R1,Spice Route Kitchen,lunch,5,1,0,10,20.9,0.0,0,40,38.6,38.6,60,48,12
2025-10-18,R2,Green Leaf Cafe,dinner,5,1,0,10,18.3,3.4,0,40,36.9,36.9,51,46,5
2025-10-18,R2,Green Leaf Cafe,lunch,5,1,0,10,18.3,3.4,0,28,24.6,24.6,37,33,4
2025-10-18,R3,Coastal Kitchen,dinner,5,1,0,10,20.5,0.0,0,79,75.7,75.7,109,83,26
2025-10-18,R3,Coastal Kitchen,lunch,5,1,0,10,20.5,0.0,0,52,49.4,49.4,77,60,17
2025-10-18,R4,Urban Tandoor,dinner,5,1,0,10,19.0,0.0,0,54,47.0,47.0,64,56,8
2025-10-18,R4,Urban Tandoor,lunch,5,1,0,10,19.0,0.0,0,37,33.4,33.4,50,44,6
2025-10-18,R5,Campus Canteen,dinner,5,1,0,10,21.2,0.0,0,98,90.7,90.7,143,121,22
2025-10-18,R5,Campus Canteen,lunch,5,1,0,10,21.2,0.0,0,63,56.9,56.9,78,70,8
2025-10-19,R1,Spice Route Kitchen,dinner,6,1,0,10,21.8,0.0,0,72,61.3,61.3,90,72,18
2025-10-19,R1,Spice Route Kitchen,lunch,6,1,0,10,21.8,0.0,0,48,38.4,38.4,53,43,10
2025-10-19,R2,Green Leaf Cafe,dinner,6,1,0,10,24.5,0.0,0,46,36.7,36.7,47,41,6
2025-10-19,R2,Green Leaf Cafe,lunch,6,1,0,10,24.5,0.0,0,33,25.1,25.1,34,31,3
2025-10-19,R3,Coastal Kitchen,dinner,6,1,0,10,21.3,0.0,0,83,75.1,75.1,96,79,17
2025-10-19,R3,Coastal Kitchen,lunch,6,1,0,10,21.3,0.0,0,60,49.7,49.7,72,54,18
2025-10-19,R4,Urban Tandoor,dinner,6,1,0,10,22.8,0.0,0,56,46.9,46.9,58,51,7
2025-10-19,R4,Urban Tandoor,lunch,6,1,0,10,22.8,0.0,0,44,33.7,33.7,47,39,8
2025-10-19,R5,Campus Canteen,dinner,6,1,0,10,22.0,0.8,0,121,91.9,91.9,118,111,7
2025-10-19,R5,Campus Canteen,lunch,6,1,0,10,22.0,0.8,0,70,56.7,56.7,74,68,6
2025-10-20,R1,Spice Route Kitchen,dinner,0,0,0,10,24.0,0.0,0,72,61.4,61.4,66,54,12
2025-10-20,R1,Spice Route Kitchen,lunch,0,0,0,10,24.0,0.0,0,43,38.6,38.6,41,33,8
2025-10-20,R2,Green Leaf Cafe,dinner,0,0,0,10,20.0,0.2,0,41,36.7,36.7,39,34,5
2025-10-20,R2,Green Leaf Cafe,lunch,0,0,0,10,20.0,0.2,0,31,25.4,25.4,25,23,2
2025-10-20,R3,Coastal Kitchen,dinner,0,0,0,10,21.5,0.0,0,79,73.3,73.3,78,62,16
2025-10-20,R3,Coastal Kitchen,lunch,0,0,0,10,21.5,0.0,0,54,49.7,49.7,52,40,12
2025-10-20,R4,Urban Tandoor,dinner,0,0,0,10,22.5,0.5,0,51,47.1,47.1,42,38,4
2025-10-20,R4,Urban Tandoor,lunch,0,0,0,10,22.5,0.5,0,39,33.9,33.9,28,25,3
2025-10-20,R5,Campus Canteen,dinner,0,0,0,10,21.0,0.0,0,111,93.1,93.1,88,77,11
2025-10-20,R5,Campus Canteen,lunch,0,0,0,10,21.0,0.0,0,68,57.6,57.6,62,54,8
2025-10-21,R1,Spice Route Kitchen,dinner,1,0,1,10,17.8,2.7,0,54,61.9,61.9,83,67,16
2025-10-21,R1,Spice Route Kitchen,lunch,1,0,1,10,17.8,2.7,0,33,38.1,38.1,62,47,15
2025-10-21,R2,Green Leaf Cafe,dinner,1,0,1,10,20.0,0.7,0,34,36.7,36.7,49,42,7
2025-10-21,R2,Green Leaf Cafe,lunch,1,0,1,10,20.0,0.7,0,23,25.6,25.6,32,28,4
2025-10-21,R3,Coastal Kitchen,dinner,1,0,1,10,21.8,0.0,0,62,73.3,73.3,106,82,24
2025-10-21,R3,Coastal Kitchen,lunch,1,0,1,10,21.8,0.0,0,40,49.7,49.7,78,57,21
2025-10-21,R4,Urban Tandoor,dinner,1,0,1,10,17.8,0.0,0,38,47.0,47.0,61,51,10
2025-10-21,R4,Urban Tandoor,lunch,1,0,1,10,17.8,0.0,0,25,33.3,33.3,45,38,7
2025-10-21,R5,Campus Canteen,dinner,1,0,1,10,18.7,1.1,0,77,91.6,91.6,110,95,15
2025-10-21,R5,Campus Canteen,lunch,1,0,1,10,18.7,1.1,0,54,57.9,57.9,73,66,7
2025-10-22,R1,Spice Route Kitchen,dinner,2,0,0,10,18.9,0.0,0,67,63.6,63.6,72,58,14
2025-10-22,R1,Spice Route Kitchen,lunch,2,0,0,10,18.9,0.0,0,47,39.9,39.9,39,33,6
2025-10-22,R2,Green Leaf Cafe,dinner,2,0,0,10,22.7,3.2,0,42,38.6,38.6,38,33,5
2025-10-22,R2,Green Leaf Cafe,lunch,2,0,0,10,22.7,3.2,0,28,26.6,26.6,23,21,2
2025-10-22,R3,Coastal Kitchen,dinner,2,0,0,10,22.2,0.1,0,82,77.0,77.0,77,61,16
2025-10-22,R3,Coastal Kitchen,lunch,2,0,0,10,22.2,0.1,0,57,52.0,52.0,60,45,15
2025-10-22,R4,Urban Tandoor,dinner,2,0,0,10,19.4,1.6,0,51,48.4,48.4,50,44,6
2025-10-22,R4,Urban Tandoor,lunch,2,0,0,10,19.4,1.6,0,38,34.6,34.6,36,28,8
2025-10-22,R5,Campus Canteen,dinner,2,0,0,10,17.7,0.0,0,95,95.1,95.1,91,84,7
2025-10-22,R5,Campus Canteen,lunch,2,0,0,10,17.7,0.0,0,66,60.7,60.7,54,51,3
2025-10-23,R1,Spice Route Kitchen,dinner,3,0,0,10,20.5,0.0,0,58,64.0,64.0,69,57,12
2025-10-23,R1,Spice Route Kitchen,lunch,3,0,0,10,20.5,0.0,0,33,39.9,39.9,48,39,9
2025-10-23,R2,Green Leaf Cafe,dinner,3,0,0,10,18.8,0.0,0,33,38.6,38.6,36,32,4
2025-10-23,R2,Green Leaf Cafe,lunch,3,0,0,10,18.8,0.0,0,21,26.6,26.6,24,21,3
2025-10-23,R3,Coastal Kitchen,dinner,3,0,0,10,18.6,0.0,0,61,76.9,76.9,76,61,15
2025-10-23,R3,Coastal Kitchen,lunch,3,0,0,10,18.6,0.0,0,45,52.0,52.0,51,39,12
2025-10-23,R4,Urban Tandoor,dinner,3,0,0,10,20.5,0.0,0,44,48.6,48.6,54,45,9
2025-10-23,R4,Urban Tandoor,lunch,3,0,0,10,20.5,0.0,0,28,34.4,34.4,30,27,3
2025-10-23,R5,Campus Canteen,dinner,3,0,0,10,19.3,0.0,1,84,96.6,96.6,128,111,17
2025-10-23,R5,Campus Canteen,lunch,3,0,0,10,19.3,0.0,1,51,60.3,60.3,79,69,10
2025-10-24,R1,Spice Route Kitchen,dinner,4,0,0,10,18.9,0.0,0,57,64.0,64.0,74,60,14
2025-10-24,R1,Spice Route Kitchen,lunch,4,0,0,10,18.9,0.0,0,39,40.4,40.4,53,43,10
2025-10-24,R2,Green Leaf Cafe,dinner,4,0,0,10,18.8,0.0,0,32,38.3,38.3,47,40,7
2025-10-24,R2,Green Leaf Cafe,lunch,4,0,0,10,18.8,0.0,0,21,26.4,26.4,33,29,4
2025-10-24,R3,Coastal Kitchen,dinner,4,0,0,10,20.1,0.0,0,61,72.4,72.4,79,65,14
2025-10-24,R3,Coastal Kitchen,lunch,4,0,0,10,20.1,0.0,0,39,49.6,49.6,59,47,12
2025-10-24,R4,Urban Tandoor,dinner,4,0,0,10,20.6,3.0,0,45,48.4,48.4,66,54,12
2025-10-24,R4,Urban Tandoor,lunch,4,0,0,10,20.6,3.0,0,27,34.0,34.0,41,35,6
2025-10-24,R5,Campus Canteen,dinner,4,0,0,10,18.4,6.8,0,111,99.6,99.6,112,99,13
2025-10-24,R5,Campus Canteen,lunch,4,0,0,10,18.4,6.8,0,69,63.0,63.0,69,58,11
2025-10-25,R1,Spice Route Kitchen,dinner,5,1,0,10,19.6,0.0,0,60,62.9,62.9,85,69,16
2025-10-25,R1,Spice Route Kitchen,lunch,5,1,0,10,19.6,0.0,0,43,40.9,40.9,62,51,11
2025-10-25,R2,Green Leaf Cafe,dinner,5,1,0,10,18.0,0.0,0,40,38.3,38.3,53,49,4
2025-10-25,R2,Green Leaf Cafe,lunch,5,1,0,10,18.0,0.0,0,29,26.6,26.6,38,33,5
2025-10-25,R3,Coastal Kitchen,dinner,5,1,0,10,23.0,6.7,0,65,70.4,70.4,116,90,26
2025-10-25,R3,Coastal Kitchen,lunch,5,1,0,10,23.0,6.7,0,47,48.9,48.9,70,54,16
2025-10-25,R4,Urban Tandoor,dinner,5,1,0,10,19.3,0.0,0,54,48.4,48.4,71,60,11
2025-10-25,R4,Urban Tandoor,lunch,5,1,0,10,19.3,0.0,0,35,33.7,33.7,46,39,7
2025-10-25,R5,Campus Canteen,dinner,5,1,0,10,20.3,2.1,0,99,99.7,99.7,133,114,19
2025-10-25,R5,Campus Canteen,lunch,5,1,0,10,20.3,2.1,0,58,62.3,62.3,79,69,10
2025-10-26,R1,Spice Route Kitchen,dinner,6,1,0,10,21.4,2.7,0,69,62.4,62.4,86,70,16
2025-10-26,R1,Spice Route Kitchen,lunch,6,1,0,10,21.4,2.7,0,51,41.3,41.3,53,44,9
2025-10-26,R2,Green Leaf Cafe,dinner,6,1,0,10,22.0,1.6,0,49,38.7,38.7,49,42,7
2025-10-26,R2,Green Leaf Cafe,lunch,6,1,0,10,22.0,1.6,0,33,26.6,26.6,34,29,5
2025-10-26,R3,Coastal Kitchen,dinner,6,1,0,10,19.8,0.4,0,90,71.4,71.4,98,75,23
2025-10-26,R3,Coastal Kitchen,lunch,6,1,0,10,19.8,0.4,0,54,48.0,48.0,67,51,16
2025-10-26,R4,Urban Tandoor,dinner,6,1,0,10,17.7,1.5,1,60,49.0,49.0,85,70,15
2025-10-26,R4,Urban Tandoor,lunch,6,1,0,10,17.7,1.5,1,39,33.0,33.0,65,54,11
2025-10-26,R5,Campus Canteen,dinner,6,1,0,10,22.8,1.4,0,114,98.7,98.7,114,103,11
2025-10-26,R5,Campus Canteen,lunch,6,1,0,10,22.8,1.4,0,69,62.1,62.1,81,74,7
2025-10-27,R1,Spice Route Kitchen,dinner,0,0,0,10,20.4,0.8,0,70,62.1,62.1,66,55,11
2025-10-27,R1,Spice Route Kitchen,lunch,0,0,0,10,20.4,0.8,0,44,41.4,41.4,44,35,9
2025-10-27,R2,Green Leaf Cafe,dinner,0,0,0,10,18.5,3.0,0,42,38.9,38.9,36,32,4
2025-10-27,R2,Green Leaf Cafe,lunch,0,0,0,10,18.5,3.0,0,29,26.3,26.3,26,21,5
2025-10-27,R3,Coastal Kitchen,dinner,0,0,0,10,18.2,0.8,0,75,70.9,70.9,69,54,15
2025-10-27,R3,Coastal Kitchen,lunch,0,0,0,10,18.2,0.8,0,51,47.6,47.6,54,40,14
2025-10-27,R4,Urban Tandoor,dinner,0,0,0,10,19.8,4.3,0,70,51.7,51.7,48,42,6
2025-10-27,R4,Urban Tandoor,lunch,0,0,0,10,19.8,4.3,0,54,35.1,35.1,33,28,5
2025-10-27,R5,Campus Canteen,dinner,0,0,0,10,18.3,2.7,0,103,97.6,97.6,84,76,8
2025-10-27,R5,Campus Canteen,lunch,0,0,0,10,18.3,2.7,0,74,63.0,63.0,58,53,5
2025-10-28,R1,Spice Route Kitchen,dinner,1,0,0,10,15.4,5.0,0,55,62.3,62.3,65,54,11
2025-10-28,R1,Spice Route Kitchen,lunch,1,0,0,10,15.4,5.0,0,35,41.7,41.7,37,31,6
2025-10-28,R2,Green Leaf Cafe,dinner,1,0,0,10,17.3,1.4,0,32,38.6,38.6,37,31,6
2025-10-28,R2,Green Leaf Cafe,lunch,1,0,0,10,17.3,1.4,0,21,26.0,26.0,25,21,4
2025-10-28,R3,Coastal Kitchen,dinner,1,0,0,10,19.1,6.2,0,54,69.7,69.7,73,57,16
2025-10-28,R3,Coastal Kitchen,lunch,1,0,0,10,19.1,6.2,0,40,47.6,47.6,53,39,14
2025-10-28,R4,Urban Tandoor,dinner,1,0,0,10,20.2,1.7,0,42,52.3,52.3,49,42,7
2025-10-28,R4,Urban Tandoor,lunch,1,0,0,10,20.2,1.7,0,28,35.6,35.6,31,27,4
2025-10-28,R5,Campus Canteen,dinner,1,0,0,10,18.6,0.0,0,76,97.4,97.4,93,82,11
2025-10-28,R5,Campus Canteen,lunch,1,0,0,10,18.6,0.0,0,53,62.9,62.9,52,50,2
2025-10-29,R1,Spice Route Kitchen,dinner,2,0,0,10,17.9,4.6,0,54,60.4,60.4,67,54,13
2025-10-29,R1,Spice Route Kitchen,lunch,2,0,0,10,17.9,4.6,0,31,39.4,39.4,41,34,7
2025-10-29,R2,Green Leaf Cafe,dinner,2,0,0,10,20.5,3.6,0,31,37.0,37.0,38,34,4
2025-10-29,R2,Green Leaf Cafe,lunch,2,0,0,10,20.5,3.6,0,21,25.0,25.0,32,27,5
2025-10-29,R3,Coastal Kitchen,dinner,2,0,0,10,19.6,1.0,0,57,66.1,66.1,76,60,16
2025-10-29,R3,Coastal Kitchen,lunch,2,0,0,10,19.6,1.0,0,39,45.0,45.0,57,42,15
2025-10-29,R4,Urban Tandoor,dinner,2,0,0,10,21.1,3.6,0,42,51.0,51.0,50,42,8
2025-10-29,R4,Urban Tandoor,lunch,2,0,0,10,21.1,3.6,0,27,34.0,34.0,33,29,4
2025-10-29,R5,Campus Canteen,dinner,2,0,0,10,18.6,0.0,0,82,95.6,95.6,79,70,9
2025-10-29,R5,Campus Canteen,lunch,2,0,0,10,18.6,0.0,0,50,60.6,60.6,65,58,7
2025-10-30,R1,Spice Route Kitchen,dinner,3,0,0,10,20.6,1.0,0,54,59.9,59.9,68,56,12
2025-10-30,R1,Spice Route Kitchen,lunch,3,0,0,10,20.6,1.0,0,34,39.6,39.6,44,36,8
2025-10-30,R2,Green Leaf Cafe,dinner,3,0,0,10,18.6,4.7,0,34,37.1,37.1,38,32,6
2025-10-30,R2,Green Leaf Cafe,lunch,3,0,0,10,18.6,4.7,0,27,25.9,25.9,30,25,5
2025-10-30,R3,Coastal Kitchen,dinner,3,0,0,10,18.3,0.0,0,60,66.0,66.0,83,66,17
2025-10-30,R3,Coastal Kitchen,lunch,3,0,0,10,18.3,0.0,0,42,44.6,44.6,53,42,11
2025-10-30,R4,Urban Tandoor,dinner,3,0,0,10,17.6,4.4,0,42,50.7,50.7,50,44,6
2025-10-30,R4,Urban Tandoor,lunch,3,0,0,10,17.6,4.4,0,29,34.1,34.1,34,28,6
2025-10-30,R5,Campus Canteen,dinner,3,0,0,10,21.2,0.9,0,70,93.6,93.6,99,89,10
2025-10-30,R5,Campus Canteen,lunch,3,0,0,10,21.2,0.9,0,58,61.6,61.6,56,51,5
2025-10-31,R1,Spice Route Kitchen,dinner,4,0,0,10,20.2,2.1,0,56,59.7,59.7,80,65,15
2025-10-31,R1,Spice Route Kitchen,lunch,4,0,0,10,20.2,2.1,0,36,39.1,39.1,51,42,9
2025-10-31,R2,Green Leaf Cafe,dinner,4,0,0,10,16.1,0.0,0,32,37.1,37.1,50,43,7
2025-10-31,R2,Green Leaf Cafe,lunch,4,0,0,10,16.1,0.0,0,25,26.4,26.4,34,28,6
2025-10-31,R3,Coastal Kitchen,dinner,4,0,0,10,20.2,0.0,0,66,66.7,66.7,102,77,25
2025-10-31,R3,Coastal Kitchen,lunch,4,0,0,10,20.2,0.0,0,42,45.0,45.0,65,49,16
2025-10-31,R4,Urban Tandoor,dinner,4,0,0,10,17.0,4.9,0,44,50.6,50.6,67,56,11
2025-10-31,R4,Urban Tandoor,lunch,4,0,0,10,17.0,4.9,0,28,34.3,34.3,45,37,8
2025-10-31,R5,Campus Canteen,dinner,4,0,0,10,15.3,1.6,0,89,90.4,90.4,105,90,15
2025-10-31,R5,Campus Canteen,lunch,4,0,0,10,15.3,1.6,0,51,59.0,59.0,68,63,5
2025-11-01,R1,Spice Route Kitchen,dinner,5,1,0,11,22.9,0.0,0,65,60.4,60.4,102,84,18
2025-11-01,R1,Spice Route Kitchen,lunch,5,1,0,11,22.9,0.0,0,42,39.0,39.0,64,53,11
2025-11-01,R2,Green Leaf Cafe,dinner,5,1,0,11,16.5,0.1,0,43,37.6,37.6,53,45,8
2025-11-01,R2,Green Leaf Cafe,lunch,5,1,0,11,16.5,0.1,0,28,26.3,26.3,32,27,5
2025-11-01,R3,Coastal Kitchen,dinner,5,1,0,11,18.7,0.0,0,77,68.4,68.4,113,89,24
2025-11-01,R3,Coastal Kitchen,lunch,5,1,0,11,18.7,0.0,0,49,45.3,45.3,76,57,19
2025-11-01,R4,Urban Tandoor,dinner,5,1,0,11,19.1,2.0,0,56,50.9,50.9,75,64,11
2025-11-01,R4,Urban Tandoor,lunch,5,1,0,11,19.1,2.0,0,37,34.6,34.6,45,37,8
2025-11-01,R5,Campus Canteen,dinner,5,1,0,11,19.0,1.8,0,90,89.1,89.1,125,108,17
2025-11-01,R5,Campus Canteen,lunch,5,1,0,11,19.0,1.8,0,63,59.7,59.7,82,74,8
2025-11-02,R1,Spice Route Kitchen,dinner,6,1,0,11,19.0,0.0,0,84,62.6,62.6,88,70,18
2025-11-02,R1,Spice Route Kitchen,lunch,6,1,0,11,19.0,0.0,0,53,39.3,39.3,58,46,12
2025-11-02,R2,Green Leaf Cafe,dinner,6,1,0,11,20.6,0.0,0,45,37.0,37.0,49,44,5
2025-11-02,R2,Green Leaf Cafe,lunch,6,1,0,11,20.6,0.0,0,27,25.4,25.4,30,28,2
2025-11-02,R3,Coastal Kitchen,dinner,6,1,0,11,16.5,2.4,0,89,68.3,68.3,111,84,27
2025-11-02,R3,Coastal Kitchen,lunch,6,1,0,11,16.5,2.4,0,57,45.7,45.7,72,56,16
2025-11-02,R4,Urban Tandoor,dinner,6,1,0,11,17.7,1.8,0,64,51.4,51.4,62,53,9
2025-11-02,R4,Urban Tandoor,lunch,6,1,0,11,17.7,1.8,0,37,34.3,34.3,40,33,7
2025-11-02,R5,Campus Canteen,dinner,6,1,0,11,21.2,0.0,0,108,88.3,88.3,122,112,10
2025-11-02,R5,Campus Canteen,lunch,6,1,0,11,21.2,0.0,0,74,60.4,60.4,84,71,13
2025-11-03,R1,Spice Route Kitchen,dinner,0,0,0,11,18.0,0.0,0,70,62.6,62.6,60,50,10
2025-11-03,R1,Spice Route Kitchen,lunch,0,0,0,11,18.0,0.0,0,46,39.6,39.6,43,36,7
2025-11-03,R2,Green Leaf Cafe,dinner,0,0,0,11,17.4,6.3,0,44,37.3,37.3,41,35,6
2025-11-03,R2,Green Leaf Cafe,lunch,0,0,0,11,17.4,6.3,0,28,25.3,25.3,25,23,2
2025-11-03,R3,Coastal Kitchen,dinner,0,0,0,11,18.8,0.0,0,84,69.6,69.6,82,63,19
2025-11-03,R3,Coastal Kitchen,lunch,0,0,0,11,18.8,0.0,0,56,46.4,46.4,56,43,13
2025-11-03,R4,Urban Tandoor,dinner,0,0,0,11,17.0,4.2,0,53,49.0,49.0,49,41,8
2025-11-03,R4,Urban Tandoor,lunch,0,0,0,11,17.0,4.2,0,33,31.3,31.3,31,27,4
2025-11-03,R5,Campus Canteen,dinner,0,0,0,11,20.8,0.6,0,112,89.6,89.6,92,80,12
2025-11-03,R5,Campus Canteen,lunch,0,0,0,11,20.8,0.6,0,71,60.0,60.0,58,54,4
2025-11-04,R1,Spice Route Kitchen,dinner,1,0,0,11,20.0,0.0,0,50,61.9,61.9,57,49,8
2025-11-04,R1,Spice Route Kitchen,lunch,1,0,0,11,20.0,0.0,0,36,39.7,39.7,42,34,8
2025-11-04,R2,Green Leaf Cafe,dinner,1,0,0,11,18.9,0.0,0,35,37.7,37.7,37,33,4
2025-11-04,R2,Green Leaf Cafe,lunch,1,0,0,11,18.9,0.0,0,23,25.6,25.6,28,23,5
2025-11-04,R3,Coastal Kitchen,dinner,1,0,0,11,18.4,5.6,0,63,70.9,70.9,74,57,17
2025-11-04,R3,Coastal Kitchen,lunch,1,0,0,11,18.4,5.6,0,43,46.9,46.9,52,40,12
2025-11-04,R4,Urban Tandoor,dinner,1,0,0,11,18.5,0.7,0,41,48.9,48.9,48,42,6
2025-11-04,R4,Urban Tandoor,lunch,1,0,0,11,18.5,0.7,0,27,31.1,31.1,33,28,5
2025-11-04,R5,Campus Canteen,dinner,1,0,0,11,18.1,0.0,0,80,90.1,90.1,79,71,8
2025-11-04,R5,Campus Canteen,lunch,1,0,0,11,18.1,0.0,0,54,60.1,60.1,59,52,7
2025-11-05,R1,Spice Route Kitchen,dinner,2,0,0,11,18.4,2.2,0,49,61.1,61.1,61,51,10
2025-11-05,R1,Spice Route Kitchen,lunch,2,0,0,11,18.4,2.2,0,34,40.1,40.1,42,34,8
2025-11-05,R2,Green Leaf Cafe,dinner,2,0,0,11,18.7,7.7,0,33,38.0,38.0,39,33,6
2025-11-05,R2,Green Leaf Cafe,lunch,2,0,0,11,18.7,7.7,0,23,25.9,25.9,27,24,3
2025-11-05,R3,Coastal Kitchen,dinner,2,0,0,11,18.6,3.0,0,57,70.9,70.9,77,61,16
2025-11-05,R3,Coastal Kitchen,lunch,2,0,0,11,18.6,3.0,0,40,47.0,47.0,51,38,13
2025-11-05,R4,Urban Tandoor,dinner,2,0,0,11,23.1,0.0,0,42,48.9,48.9,49,42,7
2025-11-05,R4,Urban Tandoor,lunch,2,0,0,11,23.1,0.0,0,28,31.3,31.3,34,29,5
2025-11-05,R5,Campus Canteen,dinner,2,0,0,11,18.3,0.0,0,71,88.6,88.6,81,70,11
2025-11-05,R5,Campus Canteen,lunch,2,0,0,11,18.3,0.0,0,52,60.4,60.4,61,55,6
2025-11-06,R1,Spice Route Kitchen,dinner,3,0,0,11,16.0,4.3,0,51,60.7,60.7,75,65,10
2025-11-06,R1,Spice Route Kitchen,lunch,3,0,0,11,16.0,4.3,0,34,40.1,40.1,48,38,10
2025-11-06,R2,Green Leaf Cafe,dinner,3,0,0,11,18.7,0.0,0,33,37.9,37.9,46,38,8
2025-11-06,R2,Green Leaf Cafe,lunch,3,0,0,11,18.7,0.0,0,24,25.4,25.4,29,25,4
2025-11-06,R3,Coastal Kitchen,dinner,3,0,0,11,20.5,4.8,0,61,71.0,71.0,92,69,23
2025-11-06,R3,Coastal Kitchen,lunch,3,0,0,11,20.5,4.8,0,38,46.4,46.4,59,44,15
2025-11-06,R4,Urban Tandoor,dinner,3,0,0,11,16.0,1.7,0,42,48.9,48.9,51,45,6
2025-11-06,R4,Urban Tandoor,lunch,3,0,0,11,16.0,1.7,0,29,31.3,31.3,39,32,7
2025-11-06,R5,Campus Canteen,dinner,3,0,0,11,17.9,0.0,0,70,88.6,88.6,95,83,12
2025-11-06,R5,Campus Canteen,lunch,3,0,0,11,17.9,0.0,0,55,60.0,60.0,66,58,8
2025-11-07,R1,Spice Route Kitchen,dinner,4,0,0,11,16.3,0.0,0,65,62.0,62.0,75,61,14
2025-11-07,R1,Spice Route Kitchen,lunch,4,0,0,11,16.3,0.0,0,38,40.4,40.4,49,41,8
2025-11-07,R2,Green Leaf Cafe,dinner,4,0,0,11,18.0,0.0,0,38,38.7,38.7,45,39,6
2025-11-07,R2,Green Leaf Cafe,lunch,4,0,0,11,18.0,0.0,0,25,25.4,25.4,32,29,3
2025-11-07,R3,Coastal Kitchen,dinner,4,0,0,11,15.1,6.4,0,69,71.4,71.4,101,78,23
2025-11-07,R3,Coastal Kitchen,lunch,4,0,0,11,15.1,6.4,0,44,46.7,46.7,62,49,13
2025-11-07,R4,Urban Tandoor,dinner,4,0,0,11,16.2,4.6,0,45,49.0,49.0,67,55,12
2025-11-07,R4,Urban Tandoor,lunch,4,0,0,11,16.2,4.6,0,32,31.9,31.9,44,36,8
2025-11-07,R5,Campus Canteen,dinner,4,0,0,11,19.5,1.0,0,83,87.7,87.7,117,105,12
2025-11-07,R5,Campus Canteen,lunch,4,0,0,11,19.5,1.0,0,58,61.0,61.0,71,63,8
2025-11-08,R1,Spice Route Kitchen,dinner,5,1,0,11,17.7,1.8,0,61,61.4,61.4,103,84,19
2025-11-08,R1,Spice Route Kitchen,lunch,5,1,0,11,17.7,1.8,0,41,40.3,40.3,62,51,11
2025-11-08,R2,Green Leaf Cafe,dinner,5,1,0,11,17.3,0.3,0,39,38.1,38.1,48,41,7
2025-11-08,R2,Green Leaf Cafe,lunch,5,1,0,11,17.3,0.3,0,29,25.6,25.6,39,33,6
2025-11-08,R3,Coastal Kitchen,dinner,5,1,0,11,18.3,2.6,0,78,71.6,71.6,108,83,25
2025-11-08,R3,Coastal Kitchen,lunch,5,1,0,11,18.3,2.6,0,49,46.7,46.7,70,53,17
2025-11-08,R4,Urban Tandoor,dinner,5,1,0,11,18.7,0.0,0,55,48.9,48.9,66,54,12
2025-11-08,R4,Urban Tandoor,lunch,5,1,0,11,18.7,0.0,0,36,31.7,31.7,41,36,5
2025-11-08,R5,Campus Canteen,dinner,5,1,0,11,20.6,1.5,0,105,89.9,89.9,131,120,11
2025-11-08,R5,Campus Canteen,lunch,5,1,0,11,20.6,1.5,0,63,61.0,61.0,98,83,15
2025-11-09,R1,Spice Route Kitchen,dinner,6,1,0,11,13.8,0.0,0,84,61.4,61.4,86,66,20
2025-11-09,R1,Spice Route Kitchen,lunch,6,1,0,11,13.8,0.0,0,51,40.0,40.0,55,46,9
2025-11-09,R2,Green Leaf Cafe,dinner,6,1,0,11,18.9,0.0,0,41,37.6,37.6,58,47,11
2025-11-09,R2,Green Leaf Cafe,lunch,6,1,0,11,18.9,0.0,0,33,26.4,26.4,31,27,4
2025-11-09,R3,Coastal Kitchen,dinner,6,1,0,11,14.8,0.0,0,83,70.7,70.7,96,74,22
2025-11-09,R3,Coastal Kitchen,lunch,6,1,0,11,14.8,0.0,0,53,46.1,46.1,69,55,14
2025-11-09,R4,Urban Tandoor,dinner,6,1,0,11,17.4,0.7,0,54,47.4,47.4,59,52,7
2025-11-09,R4,Urban Tandoor,lunch,6,1,0,11,17.4,0.7,0,36,31.6,31.6,39,34,5
2025-11-09,R5,Campus Canteen,dinner,6,1,0,11,21.9,0.2,0,120,91.6,91.6,107,94,13
2025-11-09,R5,Campus Canteen,lunch,6,1,0,11,21.9,0.2,0,83,62.3,62.3,66,58,8
2025-11-10,R1,Spice Route Kitchen,dinner,0,0,0,11,18.5,2.6,0,66,60.9,60.9,61,53,8
2025-11-10,R1,Spice Route Kitchen,lunch,0,0,0,11,18.5,2.6,0,46,40.0,40.0,40,33,7
2025-11-10,R2,Green Leaf Cafe,dinner,0,0,0,11,15.8,2.0,0,47,38.0,38.0,41,34,7
2025-11-10,R2,Green Leaf Cafe,lunch,0,0,0,11,15.8,2.0,0,27,26.3,26.3,26,23,3
2025-11-10,R3,Coastal Kitchen,dinner,0,0,0,11,18.5,1.6,0,74,69.3,69.3,76,61,15
2025-11-10,R3,Coastal Kitchen,lunch,0,0,0,11,18.5,1.6,0,55,46.0,46.0,56,41,15
2025-11-10,R4,Urban Tandoor,dinner,0,0,0,11,16.4,0.0,0,52,47.3,47.3,51,41,10
2025-11-10,R4,Urban Tandoor,lunch,0,0,0,11,16.4,0.0,0,34,31.7,31.7,33,29,4
2025-11-10,R5,Campus Canteen,dinner,0,0,0,11,15.1,5.8,0,94,89.0,89.0,89,84,5
2025-11-10,R5,Campus Canteen,lunch,0,0,0,11,15.1,5.8,0,58,60.4,60.4,64,59,5
2025-11-11,R1,Spice Route Kitchen,dinner,1,0,0,11,16.9,0.4,0,53,61.3,61.3,62,51,11
2025-11-11,R1,Spice Route Kitchen,lunch,1,0,0,11,16.9,0.4,0,33,39.6,39.6,39,33,6
2025-11-11,R2,Green Leaf Cafe,dinner,1,0,0,11,19.5,0.0,0,34,37.9,37.9,40,35,5
2025-11-11,R2,Green Leaf Cafe,lunch,1,0,0,11,19.5,0.0,0,23,26.3,26.3,26,23,3
2025-11-11,R3,Coastal Kitchen,dinner,1,0,0,11,17.7,6.5,0,61,69.0,69.0,78,60,18
2025-11-11,R3,Coastal Kitchen,lunch,1,0,0,11,17.7,6.5,0,41,45.7,45.7,51,40,11
2025-11-11,R4,Urban Tandoor,dinner,1,0,0,11,15.3,1.7,1,41,47.3,47.3,63,53,10
2025-11-11,R4,Urban Tandoor,lunch,1,0,0,11,15.3,1.7,1,29,32.0,32.0,46,39,7
2025-11-11,R5,Campus Canteen,dinner,1,0,0,11,17.7,0.0,0,84,89.6,89.6,77,70,7
2025-11-11,R5,Campus Canteen,lunch,1,0,0,11,17.7,0.0,0,59,61.1,61.1,53,49,4
2025-11-12,R1,Spice Route Kitchen,dinner,2,0,0,11,18.4,3.6,0,51,61.6,61.6,66,55,11
2025-11-12,R1,Spice Route Kitchen,lunch,2,0,0,11,18.4,3.6,0,33,39.4,39.4,42,34,8
2025-11-12,R2,Green Leaf Cafe,dinner,2,0,0,11,17.6,0.8,0,35,38.1,38.1,37,31,6
2025-11-12,R2,Green Leaf Cafe,lunch,2,0,0,11,17.6,0.8,0,23,26.3,26.3,25,22,3
2025-11-12,R3,Coastal Kitchen,dinner,2,0,0,11,19.5,0.7,0,60,69.4,69.4,72,59,13
2025-11-12,R3,Coastal Kitchen,lunch,2,0,0,11,19.5,0.7,0,40,45.7,45.7,52,41,11
2025-11-12,R4,Urban Tandoor,dinner,2,0,0,11,17.3,0.1,0,53,48.9,48.9,46,39,7
2025-11-12,R4,Urban Tandoor,lunch,2,0,0,11,17.3,0.1,0,39,33.6,33.6,37,30,7
2025-11-12,R5,Campus Canteen,dinner,2,0,0,11,17.4,3.9,0,70,89.4,89.4,87,76,11
2025-11-12,R5,Campus Canteen,lunch,2,0,0,11,17.4,3.9,0,49,60.7,60.7,60,56,4
2025-11-13,R1,Spice Route Kitchen,dinner,3,0,0,11,18.7,3.3,0,55,62.1,62.1,68,55,13
2025-11-13,R1,Spice Route Kitchen,lunch,3,0,0,11,18.7,3.3,0,34,39.4,39.4,48,41,7
2025-11-13,R2,Green Leaf Cafe,dinner,3,0,0,11,18.1,0.3,0,31,37.9,37.9,38,33,5
2025-11-13,R2,Green Leaf Cafe,lunch,3,0,0,11,18.1,0.3,0,22,26.0,26.0,28,24,4
2025-11-13,R3,Coastal Kitchen,dinner,3,0,0,11,17.6,6.6,0,59,69.1,69.1,84,63,21
2025-11-13,R3,Coastal Kitchen,lunch,3,0,0,11,17.6,6.6,0,41,46.1,46.1,57,44,13
2025-11-13,R4,Urban Tandoor,dinner,3,0,0,11,16.6,0.0,0,39,48.4,48.4,47,40,7
2025-11-13,R4,Urban Tandoor,lunch,3,0,0,11,16.6,0.0,0,30,33.7,33.7,33,28,5
2025-11-13,R5,Campus Canteen,dinner,3,0,0,11,17.8,0.0,0,76,90.3,90.3,94,84,10
2025-11-13,R5,Campus Canteen,lunch,3,0,0,11,17.8,0.0,0,56,60.9,60.9,58,53,5
2025-11-14,R1,Spice Route Kitchen,dinner,4,0,0,11,16.8,0.0,0,55,60.7,60.7,78,66,12
2025-11-14,R1,Spice Route Kitchen,lunch,4,0,0,11,16.8,0.0,0,41,39.9,39.9,52,44,8
2025-11-14,R2,Green Leaf Cafe,dinner,4,0,0,11,18.7,0.0,0,33,37.1,37.1,46,40,6
2025-11-14,R2,Green Leaf Cafe,lunch,4,0,0,11,18.7,0.0,0,24,25.9,25.9,31,27,4
2025-11-14,R3,Coastal Kitchen,dinner,4,0,0,11,21.0,4.9,0,63,68.3,68.3,90,72,18
2025-11-14,R3,Coastal Kitchen,lunch,4,0,0,11,21.0,4.9,0,44,46.1,46.1,66,51,15
2025-11-14,R4,Urban Tandoor,dinner,4,0,0,11,19.3,2.9,0,40,47.7,47.7,62,52,10
2025-11-14,R4,Urban Tandoor,lunch,4,0,0,11,19.3,2.9,0,28,33.1,33.1,37,31,6
2025-11-14,R5,Campus Canteen,dinner,4,0,0,11,15.9,0.0,0,84,90.4,90.4,113,98,15
2025-11-14,R5,Campus Canteen,lunch,4,0,0,11,15.9,0.0,0,53,60.1,60.1,73,63,10
2025-11-15,R1,Spice Route Kitchen,dinner,5,1,0,11,14.7,1.1,0,66,61.4,61.4,93,75,18
2025-11-15,R1,Spice Route Kitchen,lunch,5,1,0,11,14.7,1.1,0,44,40.3,40.3,66,51,15
2025-11-15,R2,Green Leaf Cafe,dinner,5,1,0,11,20.7,0.0,0,40,37.3,37.3,60,52,8
2025-11-15,R2,Green Leaf Cafe,lunch,5,1,0,11,20.7,0.0,0,27,25.6,25.6,40,35,5
2025-11-15,R3,Coastal Kitchen,dinner,5,1,0,11,14.6,0.5,0,72,67.4,67.4,106,84,22
2025-11-15,R3,Coastal Kitchen,lunch,5,1,0,11,14.6,0.5,0,51,46.4,46.4,68,52,16
2025-11-15,R4,Urban Tandoor,dinner,5,1,0,11,20.7,0.0,0,52,47.3,47.3,67,59,8
2025-11-15,R4,Urban Tandoor,lunch,5,1,0,11,20.7,0.0,0,31,32.4,32.4,44,37,7
2025-11-15,R5,Campus Canteen,dinner,5,1,0,11,17.9,0.0,0,98,89.4,89.4,120,104,16
2025-11-15,R5,Campus Canteen,lunch,5,1,0,11,17.9,0.0,0,63,60.1,60.1,75,69,6
2025-11-16,R1,Spice Route Kitchen,dinner,6,1,0,11,14.6,0.0,0,75,60.1,60.1,83,68,15
2025-11-16,R1,Spice Route Kitchen,lunch,6,1,0,11,14.6,0.0,0,51,40.3,40.3,51,43,8
2025-11-16,R2,Green Leaf Cafe,dinner,6,1,0,11,20.3,2.7,1,52,38.9,38.9,69,59,10
2025-11-16,R2,Green Leaf Cafe,lunch,6,1,0,11,20.3,2.7,1,35,25.9,25.9,44,39,5
2025-11-16,R3,Coastal Kitchen,dinner,6,1,0,11,16.0,0.0,0,84,67.6,67.6,91,70,21
2025-11-16,R3,Coastal Kitchen,lunch,6,1,0,11,16.0,0.0,0,52,46.3,46.3,68,56,12
2025-11-16,R4,Urban Tandoor,dinner,6,1,0,11,13.9,0.0,0,59,48.0,48.0,60,52,8
2025-11-16,R4,Urban Tandoor,lunch,6,1,0,11,13.9,0.0,0,37,32.6,32.6,43,37,6
2025-11-16,R5,Campus Canteen,dinner,6,1,0,11,18.7,7.0,0,104,87.1,87.1,113,99,14
2025-11-16,R5,Campus Canteen,lunch,6,1,0,11,18.7,7.0,0,69,58.1,58.1,86,74,12
2025-11-17,R1,Spice Route Kitchen,dinner,0,0,0,11,14.9,0.0,0,68,60.4,60.4,69,55,14
2025-11-17,R1,Spice Route Kitchen,lunch,0,0,0,11,14.9,0.0,0,43,39.9,39.9,39,33,6
2025-11-17,R2,Green Leaf Cafe,dinner,0,0,0,11,16.6,0.0,0,59,40.6,40.6,36,32,4
2025-11-17,R2,Green Leaf Cafe,lunch,0,0,0,11,16.6,0.0,0,39,27.6,27.6,28,23,5
2025-11-17,R3,Coastal Kitchen,dinner,0,0,0,11,16.9,1.6,0,70,67.0,67.0,80,59,21
2025-11-17,R3,Coastal Kitchen,lunch,0,0,0,11,16.9,1.6,0,56,46.4,46.4,50,38,12
2025-11-17,R4,Urban Tandoor,dinner,0,0,0,11,17.2,0.5,0,52,48.0,48.0,45,39,6
2025-11-17,R4,Urban Tandoor,lunch,0,0,0,11,17.2,0.5,0,37,33.0,33.0,33,28,5
2025-11-17,R5,Campus Canteen,dinner,0,0,0,11,19.2,0.2,0,99,87.9,87.9,85,78,7
2025-11-17,R5,Campus Canteen,lunch,0,0,0,11,19.2,0.2,0,74,60.4,60.4,52,50,2
2025-11-18,R1,Spice Route Kitchen,dinner,1,0,0,11,15.3,0.0,0,55,60.7,60.7,59,48,11
2025-11-18,R1,Spice Route Kitchen,lunch,1,0,0,11,15.3,0.0,0,33,39.9,39.9,43,34,9
2025-11-18,R2,Green Leaf Cafe,dinner,1,0,0,11,17.3,5.0,0,32,40.3,40.3,35,31,4
2025-11-18,R2,Green Leaf Cafe,lunch,1,0,0,11,17.3,5.0,0,23,27.6,27.6,23,20,3
2025-11-18,R3,Coastal Kitchen,dinner,1,0,0,11,15.9,0.2,0,59,66.7,66.7,82,62,20
2025-11-18,R3,Coastal Kitchen,lunch,1,0,0,11,15.9,0.2,0,38,46.0,46.0,52,39,13
2025-11-18,R4,Urban Tandoor,dinner,1,0,0,11,15.8,6.6,0,39,47.7,47.7,48,40,8
2025-11-18,R4,Urban Tandoor,lunch,1,0,0,11,15.8,6.6,0,28,32.9,32.9,31,26,5
2025-11-18,R5,Campus Canteen,dinner,1,0,0,11,14.4,1.7,0,78,87.0,87.0,82,74,8
2025-11-18,R5,Campus Canteen,lunch,1,0,0,11,14.4,1.7,0,50,59.1,59.1,60,53,7
2025-11-19,R1,Spice Route Kitchen,dinner,2,0,0,11,17.8,0.0,0,48,60.3,60.3,68,54,14
2025-11-19,R1,Spice Route Kitchen,lunch,2,0,0,11,17.8,0.0,0,34,40.0,40.0,40,33,7
2025-11-19,R2,Green Leaf Cafe,dinner,2,0,0,11,19.7,0.0,0,31,39.7,39.7,40,34,6
2025-11-19,R2,Green Leaf Cafe,lunch,2,0,0,11,19.7,0.0,0,20,27.1,27.1,24,21,3
2025-11-19,R3,Coastal Kitchen,dinner,2,0,0,11,17.1,1.0,1,62,67.0,67.0,125,93,32
2025-11-19,R3,Coastal Kitchen,lunch,2,0,0,11,17.1,1.0,1,39,45.9,45.9,70,53,17
2025-11-19,R4,Urban Tandoor,dinner,2,0,0,11,15.9,0.0,0,40,45.9,45.9,49,42,7
2025-11-19,R4,Urban Tandoor,lunch,2,0,0,11,15.9,0.0,0,26,31.0,31.0,38,31,7
2025-11-19,R5,Campus Canteen,dinner,2,0,0,11,14.1,2.7,0,74,87.6,87.6,80,75,5
2025-11-19,R5,Campus Canteen,lunch,2,0,0,11,14.1,2.7,0,53,59.7,59.7,60,53,7
2025-11-20,R1,Spice Route Kitchen,dinner,3,0,0,11,17.5,0.0,0,54,60.1,60.1,71,57,14
2025-11-20,R1,Spice Route Kitchen,lunch,3,0,0,11,17.5,0.0,0,33,39.9,39.9,45,37,8
2025-11-20,R2,Green Leaf Cafe,dinner,3,0,0,11,17.3,3.9,0,34,40.1,40.1,40,36,4
2025-11-20,R2,Green Leaf Cafe,lunch,3,0,0,11,17.3,3.9,0,21,27.0,27.0,28,25,3
2025-11-20,R3,Coastal Kitchen,dinner,3,0,0,11,17.0,3.0,0,93,71.9,71.9,89,70,19
2025-11-20,R3,Coastal Kitchen,lunch,3,0,0,11,17.0,3.0,0,53,47.6,47.6,56,42,14
2025-11-20,R4,Urban Tandoor,dinner,3,0,0,11,16.5,0.8,0,42,46.3,46.3,49,44,5
2025-11-20,R4,Urban Tandoor,lunch,3,0,0,11,16.5,0.8,0,31,31.1,31.1,36,31,5
2025-11-20,R5,Campus Canteen,dinner,3,0,0,11,18.3,2.5,0,75,87.4,87.4,96,87,9
2025-11-20,R5,Campus Canteen,lunch,3,0,0,11,18.3,2.5,0,53,59.3,59.3,65,56,9
2025-11-21,R1,Spice Route Kitchen,dinner,4,0,0,11,17.5,0.0,0,57,60.4,60.4,76,61,15
2025-11-21,R1,Spice Route Kitchen,lunch,4,0,0,11,17.5,0.0,0,37,39.3,39.3,53,43,10
2025-11-21,R2,Green Leaf Cafe,dinner,4,0,0,11,16.3,1.1,0,36,40.6,40.6,45,39,6
2025-11-21,R2,Green Leaf Cafe,lunch,4,0,0,11,16.3,1.1,0,25,27.1,27.1,29,25,4
2025-11-21,R3,Coastal Kitchen,dinner,4,0,0,11,15.3,6.9,0,70,72.9,72.9,99,77,22
2025-11-21,R3,Coastal Kitchen,lunch,4,0,0,11,15.3,6.9,0,42,47.3,47.3,73,56,17
2025-11-21,R4,Urban Tandoor,dinner,4,0,0,11,16.4,0.0,0,44,46.9,46.9,69,58,11
2025-11-21,R4,Urban Tandoor,lunch,4,0,0,11,16.4,0.0,0,31,31.6,31.6,40,33,7
2025-11-21,R5,Campus Canteen,dinner,4,0,0,11,13.3,0.0,0,87,87.9,87.9,102,93,9
2025-11-21,R5,Campus Canteen,lunch,4,0,0,11,13.3,0.0,0,56,59.7,59.7,77,70,7
2025-11-22,R1,Spice Route Kitchen,dinner,5,1,0,11,18.0,0.8,0,61,59.7,59.7,82,72,10
2025-11-22,R1,Spice Route Kitchen,lunch,5,1,0,11,18.0,0.8,0,43,39.1,39.1,59,46,13
2025-11-22,R2,Green Leaf Cafe,dinner,5,1,0,11,17.8,4.3,0,39,40.4,40.4,49,42,7
2025-11-22,R2,Green Leaf Cafe,lunch,5,1,0,11,17.8,4.3,0,25,26.9,26.9,39,33,6
2025-11-22,R3,Coastal Kitchen,dinner,5,1,0,11,18.1,4.5,0,77,73.6,73.6,109,85,24
2025-11-22,R3,Coastal Kitchen,lunch,5,1,0,11,18.1,4.5,0,56,48.0,48.0,75,56,19
2025-11-22,R4,Urban Tandoor,dinner,5,1,0,11,19.1,2.3,0,58,47.7,47.7,67,56,11
2025-11-22,R4,Urban Tandoor,lunch,5,1,0,11,19.1,2.3,0,33,31.9,31.9,50,43,7
2025-11-22,R5,Campus Canteen,dinner,5,1,0,11,15.2,0.4,0,93,87.1,87.1,136,125,11
2025-11-22,R5,Campus Canteen,lunch,5,1,0,11,15.2,0.4,0,70,60.7,60.7,86,78,8
2025-11-23,R1,Spice Route Kitchen,dinner,6,1,0,11,18.6,0.4,0,72,59.3,59.3,87,70,17
2025-11-23,R1,Spice Route Kitchen,lunch,6,1,0,11,18.6,0.4,0,46,38.4,38.4,57,46,11
2025-11-23,R2,Green Leaf Cafe,dinner,6,1,0,11,18.1,0.0,0,42,39.0,39.0,49,43,6
2025-11-23,R2,Green Leaf Cafe,lunch,6,1,0,11,18.1,0.0,0,33,26.6,26.6,34,30,4
2025-11-23,R3,Coastal Kitchen,dinner,6,1,0,11,18.2,3.7,0,85,73.7,73.7,98,75,23
2025-11-23,R3,Coastal Kitchen,lunch,6,1,0,11,18.2,3.7,0,56,48.6,48.6,67,53,14
2025-11-23,R4,Urban Tandoor,dinner,6,1,0,11,16.1,1.1,0,56,47.3,47.3,61,50,11
2025-11-23,R4,Urban Tandoor,lunch,6,1,0,11,16.1,1.1,0,43,32.7,32.7,43,35,8
2025-11-23,R5,Campus Canteen,dinner,6,1,0,11,19.3,4.6,0,125,90.1,90.1,107,95,12
2025-11-23,R5,Campus Canteen,lunch,6,1,0,11,19.3,4.6,0,78,62.0,62.0,71,66,5
2025-11-24,R1,Spice Route Kitchen,dinner,0,0,0,11,20.6,3.3,0,70,59.6,59.6,68,56,12
2025-11-24,R1,Spice Route Kitchen,lunch,0,0,0,11,20.6,3.3,0,46,38.9,38.9,45,36,9
2025-11-24,R2,Green Leaf Cafe,dinner,0,0,0,11,17.5,0.0,0,43,36.7,36.7,41,38,3
2025-11-24,R2,Green Leaf Cafe,lunch,0,0,0,11,17.5,0.0,0,30,25.3,25.3,26,22,4
2025-11-24,R3,Coastal Kitchen,dinner,0,0,0,11,16.1,0.0,0,75,74.4,74.4,68,54,14
2025-11-24,R3,Coastal Kitchen,lunch,0,0,0,11,16.1,0.0,0,53,48.1,48.1,50,38,12
2025-11-24,R4,Urban Tandoor,dinner,0,0,0,11,17.1,0.0,0,50,47.0,47.0,48,40,8
2025-11-24,R4,Urban Tandoor,lunch,0,0,0,11,17.1,0.0,0,35,32.4,32.4,32,27,5
2025-11-24,R5,Campus Canteen,dinner,0,0,0,11,16.1,0.0,0,95,89.6,89.6,83,74,9
2025-11-24,R5,Campus Canteen,lunch,0,0,0,11,16.1,0.0,0,66,60.9,60.9,57,51,6
2025-11-25,R1,Spice Route Kitchen,dinner,1,0,0,11,18.3,3.2,0,56,59.7,59.7,61,50,11
2025-11-25,R1,Spice Route Kitchen,lunch,1,0,0,11,18.3,3.2,0,36,39.3,39.3,39,33,6
2025-11-25,R2,Green Leaf Cafe,dinner,1,0,0,11,16.6,0.0,0,38,37.6,37.6,36,31,5
2025-11-25,R2,Green Leaf Cafe,lunch,1,0,0,11,16.6,0.0,0,22,25.1,25.1,23,20,3
2025-11-25,R3,Coastal Kitchen,dinner,1,0,0,11,12.3,1.7,0,54,73.7,73.7,80,65,15
2025-11-25,R3,Coastal Kitchen,lunch,1,0,0,11,12.3,1.7,0,38,48.1,48.1,54,40,14
2025-11-25,R4,Urban Tandoor,dinner,1,0,0,11,13.1,7.4,0,40,47.1,47.1,49,39,10
2025-11-25,R4,Urban Tandoor,lunch,1,0,0,11,13.1,7.4,0,27,32.3,32.3,32,28,4
2025-11-25,R5,Campus Canteen,dinner,1,0,0,11,15.3,0.4,0,74,89.0,89.0,88,79,9
2025-11-25,R5,Campus Canteen,lunch,1,0,0,11,15.3,0.4,0,51,61.0,61.0,60,53,7
2025-11-26,R1,Spice Route Kitchen,dinner,2,0,0,11,14.1,0.0,0,50,60.0,60.0,72,59,13
2025-11-26,R1,Spice Route Kitchen,lunch,2,0,0,11,14.1,0.0,0,33,39.1,39.1,43,36,7
2025-11-26,R2,Green Leaf Cafe,dinner,2,0,0,11,16.6,1.9,0,31,37.6,37.6,40,33,7
2025-11-26,R2,Green Leaf Cafe,lunch,2,0,0,11,16.6,1.9,0,20,25.1,25.1,24,21,3
2025-11-26,R3,Coastal Kitchen,dinner,2,0,0,11,16.5,0.0,0,65,74.1,74.1,81,64,17
2025-11-26,R3,Coastal Kitchen,lunch,2,0,0,11,16.5,0.0,0,40,48.3,48.3,55,41,14
2025-11-26,R4,Urban Tandoor,dinner,2,0,0,11,12.1,1.2,0,39,47.0,47.0,47,39,8
2025-11-26,R4,Urban Tandoor,lunch,2,0,0,11,12.1,1.2,0,28,32.6,32.6,32,27,5
2025-11-26,R5,Campus Canteen,dinner,2,0,0,11,16.4,0.0,0,79,89.7,89.7,86,77,9
2025-11-26,R5,Campus Canteen,lunch,2,0,0,11,16.4,0.0,0,53,61.0,61.0,59,53,6
2025-11-27,R1,Spice Route Kitchen,dinner,3,0,0,11,18.4,1.2,0,59,60.7,60.7,69,55,14
2025-11-27,R1,Spice Route Kitchen,lunch,3,0,0,11,18.4,1.2,0,36,39.6,39.6,48,37,11
2025-11-27,R2,Green Leaf Cafe,dinner,3,0,0,11,14.4,0.0,0,33,37.4,37.4,39,35,4
2025-11-27,R2,Green Leaf Cafe,lunch,3,0,0,11,14.4,0.0,0,21,25.1,25.1,29,25,4
2025-11-27,R3,Coastal Kitchen,dinner,3,0,0,11,17.3,0.0,0,64,70.0,70.0,82,63,19
2025-11-27,R3,Coastal Kitchen,lunch,3,0,0,11,17.3,0.0,0,41,46.6,46.6,53,41,12
2025-11-27,R4,Urban Tandoor,dinner,3,0,0,11,10.7,0.0,0,39,46.6,46.6,49,42,7
2025-11-27,R4,Urban Tandoor,lunch,3,0,0,11,10.7,0.0,0,27,32.0,32.0,33,27,6
2025-11-27,R5,Campus Canteen,dinner,3,0,0,11,15.9,0.2,0,77,90.0,90.0,99,90,9
2025-11-27,R5,Campus Canteen,lunch,3,0,0,11,15.9,0.2,0,53,61.0,61.0,65,57,8
2025-11-28,R1,Spice Route Kitchen,dinner,4,0,0,11,16.5,0.0,0,55,60.4,60.4,85,67,18
2025-11-28,R1,Spice Route Kitchen,lunch,4,0,0,11,16.5,0.0,0,37,39.6,39.6,60,50,10
2025-11-28,R2,Green Leaf Cafe,dinner,4,0,0,11,19.3,0.0,0,35,37.3,37.3,52,45,7
2025-11-28,R2,Green Leaf Cafe,lunch,4,0,0,11,19.3,0.0,0,25,25.1,25.1,31,29,2
2025-11-28,R3,Coastal Kitchen,dinner,4,0,0,11,15.4,0.5,0,63,69.0,69.0,104,78,26
2025-11-28,R3,Coastal Kitchen,lunch,4,0,0,11,15.4,0.5,0,41,46.4,46.4,66,51,15
2025-11-28,R4,Urban Tandoor,dinner,4,0,0,11,14.6,0.2,0,42,46.3,46.3,68,55,13
2025-11-28,R4,Urban Tandoor,lunch,4,0,0,11,14.6,0.2,0,27,31.4,31.4,48,40,8
2025-11-28,R5,Campus Canteen,dinner,4,0,0,11,17.1,0.0,0,90,90.4,90.4,108,99,9
2025-11-28,R5,Campus Canteen,lunch,4,0,0,11,17.1,0.0,0,57,61.1,61.1,64,59,5
2025-11-29,R1,Spice Route Kitchen,dinner,5,1,0,11,18.0,0.4,0,67,61.3,61.3,99,81,18
2025-11-29,R1,Spice Route Kitchen,lunch,5,1,0,11,18.0,0.4,0,50,40.6,40.6,58,51,7
2025-11-29,R2,Green Leaf Cafe,dinner,5,1,0,11,17.5,2.1,1,45,38.1,38.1,69,59,10
2025-11-29,R2,Green Leaf Cafe,lunch,5,1,0,11,17.5,2.1,1,29,25.7,25.7,45,39,6
2025-11-29,R3,Coastal Kitchen,dinner,5,1,0,11,14.6,0.2,0,78,69.1,69.1,102,79,23
2025-11-29,R3,Coastal Kitchen,lunch,5,1,0,11,14.6,0.2,0,51,45.7,45.7,73,53,20
2025-11-29,R4,Urban Tandoor,dinner,5,1,0,11,16.2,5.1,0,55,45.9,45.9,62,52,10
2025-11-29,R4,Urban Tandoor,lunch,5,1,0,11,16.2,5.1,0,40,32.4,32.4,47,39,8
2025-11-29,R5,Campus Canteen,dinner,5,1,0,11,14.2,0.0,0,99,91.3,91.3,122,107,15
2025-11-29,R5,Campus Canteen,lunch,5,1,0,11,14.2,0.0,0,59,59.6,59.6,77,69,8
2025-11-30,R1,Spice Route Kitchen,dinner,6,1,0,11,17.7,0.0,0,81,62.6,62.6,81,66,15
2025-11-30,R1,Spice Route Kitchen,lunch,6,1,0,11,17.7,0.0,0,51,41.3,41.3,56,46,10
2025-11-30,R2,Green Leaf Cafe,dinner,6,1,0,11,17.3,4.8,0,59,40.6,40.6,49,42,7
2025-11-30,R2,Green Leaf Cafe,lunch,6,1,0,11,17.3,4.8,0,39,26.6,26.6,35,30,5
2025-11-30,R3,Coastal Kitchen,dinner,6,1,0,11,13.8,7.0,0,79,68.3,68.3,103,80,23
2025-11-30,R3,Coastal Kitchen,lunch,6,1,0,11,13.8,7.0,0,53,45.3,45.3,66,51,15
2025-11-30,R4,Urban Tandoor,dinner,6,1,0,11,12.6,0.0,0,52,45.3,45.3,65,54,11
2025-11-30,R4,Urban Tandoor,lunch,6,1,0,11,12.6,0.0,0,39,31.9,31.9,40,34,6
2025-11-30,R5,Campus Canteen,dinner,6,1,0,11,17.3,0.0,0,107,88.7,88.7,108,95,13
2025-11-30,R5,Campus Canteen,lunch,6,1,0,11,17.3,0.0,0,69,58.3,58.3,73,65,8
2025-12-01,R1,Spice Route Kitchen,dinner,0,0,0,12,21.1,2.9,0,66,62.0,62.0,59,52,7
2025-12-01,R1,Spice Route Kitchen,lunch,0,0,0,12,21.1,2.9,0,46,41.3,41.3,47,37,10
2025-12-01,R2,Green Leaf Cafe,dinner,0,0,0,12,14.8,1.2,0,42,40.4,40.4,39,35,4
2025-12-01,R2,Green Leaf Cafe,lunch,0,0,0,12,14.8,1.2,0,30,26.6,26.6,25,21,4
2025-12-01,R3,Coastal Kitchen,dinner,0,0,0,12,15.3,0.0,0,80,69.0,69.0,85,65,20
2025-12-01,R3,Coastal Kitchen,lunch,0,0,0,12,15.3,0.0,0,51,45.0,45.0,54,41,13
2025-12-01,R4,Urban Tandoor,dinner,0,0,0,12,13.8,3.1,0,54,45.9,45.9,50,41,9
2025-12-01,R4,Urban Tandoor,lunch,0,0,0,12,13.8,3.1,0,34,31.7,31.7,32,28,4
2025-12-01,R5,Campus Canteen,dinner,0,0,0,12,20.7,0.8,0,95,88.7,88.7,95,84,11
2025-12-01,R5,Campus Canteen,lunch,0,0,0,12,20.7,0.8,0,65,58.1,58.1,54,51,3
2025-12-02,R1,Spice Route Kitchen,dinner,1,0,0,12,15.2,2.8,0,52,61.4,61.4,70,56,14
2025-12-02,R1,Spice Route Kitchen,lunch,1,0,0,12,15.2,2.8,0,37,41.4,41.4,40,34,6
2025-12-02,R2,Green Leaf Cafe,dinner,1,0,0,12,16.9,0.0,0,35,40.0,40.0,41,34,7
2025-12-02,R2,Green Leaf Cafe,lunch,1,0,0,12,16.9,0.0,0,21,26.4,26.4,28,23,5
2025-12-02,R3,Coastal Kitchen,dinner,1,0,0,12,17.2,0.0,0,65,70.6,70.6,80,59,21
2025-12-02,R3,Coastal Kitchen,lunch,1,0,0,12,17.2,0.0,0,41,45.4,45.4,48,38,10
2025-12-02,R4,Urban Tandoor,dinner,1,0,0,12,17.5,0.0,0,41,46.0,46.0,44,37,7
2025-12-02,R4,Urban Tandoor,lunch,1,0,0,12,17.5,0.0,0,28,31.9,31.9,29,25,4
2025-12-02,R5,Campus Canteen,dinner,1,0,0,12,13.4,0.0,0,84,90.1,90.1,90,81,9
2025-12-02,R5,Campus Canteen,lunch,1,0,0,12,13.4,0.0,0,51,58.1,58.1,58,53,5
2025-12-03,R1,Spice Route Kitchen,dinner,2,0,0,12,16.8,2.3,0,56,62.3,62.3,56,46,10
2025-12-03,R1,Spice Route Kitchen,lunch,2,0,0,12,16.8,2.3,0,34,41.6,41.6,42,36,6
2025-12-03,R2,Green Leaf Cafe,dinner,2,0,0,12,14.1,0.0,0,34,40.4,40.4,37,33,4
2025-12-03,R2,Green Leaf Cafe,lunch,2,0,0,12,14.1,0.0,0,23,26.9,26.9,23,22,1
2025-12-03,R3,Coastal Kitchen,dinner,2,0,0,12,15.8,4.9,0,59,69.7,69.7,81,62,19
2025-12-03,R3,Coastal Kitchen,lunch,2,0,0,12,15.8,4.9,0,38,45.1,45.1,55,43,12
2025-12-03,R4,Urban Tandoor,dinner,2,0,0,12,16.7,0.0,0,37,45.7,45.7,47,40,7
2025-12-03,R4,Urban Tandoor,lunch,2,0,0,12,16.7,0.0,0,25,31.4,31.4,34,28,6
2025-12-03,R5,Campus Canteen,dinner,2,0,0,12,13.6,0.0,0,81,90.4,90.4,93,83,10
2025-12-03,R5,Campus Canteen,lunch,2,0,0,12,13.6,0.0,0,53,58.1,58.1,52,48,4
2025-12-04,R1,Spice Route Kitchen,dinner,3,0,0,12,16.1,4.0,0,46,60.4,60.4,67,54,13
2025-12-04,R1,Spice Route Kitchen,lunch,3,0,0,12,16.1,4.0,0,36,41.6,41.6,48,40,8
2025-12-04,R2,Green Leaf Cafe,dinner,3,0,0,12,17.0,1.5,0,33,40.4,40.4,38,33,5
2025-12-04,R2,Green Leaf Cafe,lunch,3,0,0,12,17.0,1.5,0,22,27.0,27.0,28,24,4
2025-12-04,R3,Coastal Kitchen,dinner,3,0,0,12,16.8,1.2,0,62,69.4,69.4,76,62,14
2025-12-04,R3,Coastal Kitchen,lunch,3,0,0,12,16.8,1.2,0,43,45.4,45.4,61,45,16
2025-12-04,R4,Urban Tandoor,dinner,3,0,0,12,13.7,0.0,0,40,45.9,45.9,58,47,11
2025-12-04,R4,Urban Tandoor,lunch,3,0,0,12,13.7,0.0,0,28,31.6,31.6,34,29,5
2025-12-04,R5,Campus Canteen,dinner,3,0,0,12,13.8,3.3,0,83,91.3,91.3,90,79,11
2025-12-04,R5,Campus Canteen,lunch,3,0,0,12,13.8,3.3,0,48,57.4,57.4,61,55,6
2025-12-05,R1,Spice Route Kitchen,dinner,4,0,0,12,20.4,4.8,0,54,60.3,60.3,81,69,12
2025-12-05,R1,Spice Route Kitchen,lunch,4,0,0,12,20.4,4.8,0,40,42.0,42.0,51,43,8
2025-12-05,R2,Green Leaf Cafe,dinner,4,0,0,12,10.9,0.0,0,33,40.1,40.1,44,40,4
2025-12-05,R2,Green Leaf Cafe,lunch,4,0,0,12,10.9,0.0,0,24,26.9,26.9,31,28,3
2025-12-05,R3,Coastal Kitchen,dinner,4,0,0,12,16.4,0.0,0,62,69.3,69.3,97,75,22
2025-12-05,R3,Coastal Kitchen,lunch,4,0,0,12,16.4,0.0,0,45,46.0,46.0,67,52,15
2025-12-05,R4,Urban Tandoor,dinner,4,0,0,12,12.1,2.3,0,47,46.6,46.6,57,46,11
2025-12-05,R4,Urban Tandoor,lunch,4,0,0,12,12.1,2.3,0,29,31.9,31.9,40,34,6
2025-12-05,R5,Campus Canteen,dinner,4,0,0,12,12.8,4.4,0,79,89.7,89.7,123,103,20
2025-12-05,R5,Campus Canteen,lunch,4,0,0,12,12.8,4.4,0,55,57.1,57.1,72,63,9
2025-12-06,R1,Spice Route Kitchen,dinner,5,1,0,12,14.9,0.1,0,69,60.6,60.6,91,76,15
2025-12-06,R1,Spice Route Kitchen,lunch,5,1,0,12,14.9,0.1,0,43,41.0,41.0,55,48,7
2025-12-06,R2,Green Leaf Cafe,dinner,5,1,0,12,15.7,1.7,0,40,39.4,39.4,51,45,6
2025-12-06,R2,Green Leaf Cafe,lunch,5,1,0,12,15.7,1.7,0,28,26.7,26.7,34,31,3
2025-12-06,R3,Coastal Kitchen,dinner,5,1,0,12,18.3,0.5,0,75,68.9,68.9,99,80,19
2025-12-06,R3,Coastal Kitchen,lunch,5,1,0,12,18.3,0.5,0,52,46.1,46.1,69,53,16
2025-12-06,R4,Urban Tandoor,dinner,5,1,0,12,16.4,0.0,0,46,45.3,45.3,64,57,7
2025-12-06,R4,Urban Tandoor,lunch,5,1,0,12,16.4,0.0,0,34,31.0,31.0,41,35,6
2025-12-06,R5,Campus Canteen,dinner,5,1,0,12,18.4,0.0,0,103,90.3,90.3,142,121,21
2025-12-06,R5,Campus Canteen,lunch,5,1,0,12,18.4,0.0,0,63,57.7,57.7,83,75,8
2025-12-07,R1,Spice Route Kitchen,dinner,6,1,0,12,15.4,0.1,0,76,59.9,59.9,83,66,17
2025-12-07,R1,Spice Route Kitchen,lunch,6,1,0,12,15.4,0.1,0,48,40.6,40.6,56,48,8
2025-12-07,R2,Green Leaf Cafe,dinner,6,1,0,12,14.5,0.6,0,45,37.4,37.4,53,45,8
2025-12-07,R2,Green Leaf Cafe,lunch,6,1,0,12,14.5,0.6,0,31,25.6,25.6,34,30,4
2025-12-07,R3,Coastal Kitchen,dinner,6,1,0,12,16.6,2.5,0,80,69.0,69.0,109,82,27
2025-12-07,R3,Coastal Kitchen,lunch,6,1,0,12,16.6,2.5,0,53,46.1,46.1,70,54,16
2025-12-07,R4,Urban Tandoor,dinner,6,1,0,12,16.8,4.2,0,57,46.0,46.0,62,54,8
2025-12-07,R4,Urban Tandoor,lunch,6,1,0,12,16.8,4.2,0,35,30.4,30.4,42,35,7
2025-12-07,R5,Campus Canteen,dinner,6,1,0,12,13.7,0.0,0,121,92.3,92.3,116,107,9
2025-12-07,R5,Campus Canteen,lunch,6,1,0,12,13.7,0.0,0,75,58.6,58.6,74,66,8
2025-12-08,R1,Spice Route Kitchen,dinner,0,0,0,12,14.0,0.0,0,66,59.9,59.9,58,46,12
2025-12-08,R1,Spice Route Kitchen,lunch,0,0,0,12,14.0,0.0,0,48,40.9,40.9,45,37,8
2025-12-08,R2,Green Leaf Cafe,dinner,0,0,0,12,13.6,2.9,0,45,37.9,37.9,38,34,4
2025-12-08,R2,Green Leaf Cafe,lunch,0,0,0,12,13.6,2.9,0,30,25.6,25.6,24,20,4
2025-12-08,R3,Coastal Kitchen,dinner,0,0,0,12,10.0,0.0,1,82,69.3,69.3,112,86,26
2025-12-08,R3,Coastal Kitchen,lunch,0,0,0,12,10.0,0.0,1,54,46.6,46.6,69,53,16
2025-12-08,R4,Urban Tandoor,dinner,0,0,0,12,13.9,0.0,0,54,46.0,46.0,45,38,7
2025-12-08,R4,Urban Tandoor,lunch,0,0,0,12,13.9,0.0,0,35,30.6,30.6,33,28,5
2025-12-08,R5,Campus Canteen,dinner,0,0,0,12,10.0,0.0,0,107,94.0,94.0,78,72,6
2025-12-08,R5,Campus Canteen,lunch,0,0,0,12,10.0,0.0,0,66,58.7,58.7,56,49,7
2025-12-09,R1,Spice Route Kitchen,dinner,1,0,0,12,11.9,1.3,0,46,59.0,59.0,61,51,10
2025-12-09,R1,Spice Route Kitchen,lunch,1,0,0,12,11.9,1.3,0,37,40.9,40.9,38,32,6
2025-12-09,R2,Green Leaf Cafe,dinner,1,0,0,12,15.1,0.0,0,34,37.7,37.7,37,33,4
2025-12-09,R2,Green Leaf Cafe,lunch,1,0,0,12,15.1,0.0,0,20,25.4,25.4,25,22,3
2025-12-09,R3,Coastal Kitchen,dinner,1,0,0,12,18.2,3.8,0,86,72.3,72.3,73,58,15
2025-12-09,R3,Coastal Kitchen,lunch,1,0,0,12,18.2,3.8,0,53,48.3,48.3,47,39,8
2025-12-09,R4,Urban Tandoor,dinner,1,0,0,12,15.2,8.1,0,38,45.6,45.6,41,35,6
2025-12-09,R4,Urban Tandoor,lunch,1,0,0,12,15.2,8.1,0,28,30.6,30.6,30,23,7
2025-12-09,R5,Campus Canteen,dinner,1,0,0,12,13.4,0.0,0,72,92.3,92.3,79,71,8
2025-12-09,R5,Campus Canteen,lunch,1,0,0,12,13.4,0.0,0,49,58.4,58.4,56,49,7
2025-12-10,R1,Spice Route Kitchen,dinner,2,0,0,12,16.4,0.0,0,51,58.3,58.3,58,50,8
2025-12-10,R1,Spice Route Kitchen,lunch,2,0,0,12,16.4,0.0,0,32,40.6,40.6,43,36,7
2025-12-10,R2,Green Leaf Cafe,dinner,2,0,0,12,13.4,0.0,0,33,37.6,37.6,40,34,6
2025-12-10,R2,Green Leaf Cafe,lunch,2,0,0,12,13.4,0.0,0,22,25.3,25.3,24,21,3
2025-12-10,R3,Coastal Kitchen,dinner,2,0,0,12,15.6,0.9,0,58,72.1,72.1,91,70,21
2025-12-10,R3,Coastal Kitchen,lunch,2,0,0,12,15.6,0.9,0,39,48.4,48.4,58,44,14
2025-12-10,R4,Urban Tandoor,dinner,2,0,0,12,13.2,5.0,0,35,45.3,45.3,47,41,6
2025-12-10,R4,Urban Tandoor,lunch,2,0,0,12,13.2,5.0,0,23,30.3,30.3,33,29,4
2025-12-10,R5,Campus Canteen,dinner,2,0,0,12,14.1,2.8,0,71,90.9,90.9,86,78,8
2025-12-10,R5,Campus Canteen,lunch,2,0,0,12,14.1,2.8,0,49,57.9,57.9,60,55,5
2025-12-11,R1,Spice Route Kitchen,dinner,3,0,0,12,15.7,0.0,0,50,58.9,58.9,70,61,9
2025-12-11,R1,Spice Route Kitchen,lunch,3,0,0,12,15.7,0.0,0,36,40.6,40.6,42,36,6
2025-12-11,R2,Green Leaf Cafe,dinner,3,0,0,12,12.7,0.2,0,34,37.7,37.7,40,36,4
2025-12-11,R2,Green Leaf Cafe,lunch,3,0,0,12,12.7,0.2,0,21,25.1,25.1,30,26,4
2025-12-11,R3,Coastal Kitchen,dinner,3,0,0,12,12.5,0.0,0,70,73.3,73.3,81,63,18
2025-12-11,R3,Coastal Kitchen,lunch,3,0,0,12,12.5,0.0,0,44,48.6,48.6,56,44,12
2025-12-11,R4,Urban Tandoor,dinner,3,0,0,12,17.8,0.0,0,41,45.4,45.4,54,45,9
2025-12-11,R4,Urban Tandoor,lunch,3,0,0,12,17.8,0.0,0,29,30.4,30.4,36,31,5
2025-12-11,R5,Campus Canteen,dinner,3,0,0,12,12.7,0.2,0,78,90.1,90.1,80,75,5
2025-12-11,R5,Campus Canteen,lunch,3,0,0,12,12.7,0.2,0,55,58.9,58.9,58,52,6
2025-12-12,R1,Spice Route Kitchen,dinner,4,0,0,12,12.2,3.7,0,61,59.9,59.9,77,68,9
2025-12-12,R1,Spice Route Kitchen,lunch,4,0,0,12,12.2,3.7,0,36,40.0,40.0,50,42,8
2025-12-12,R2,Green Leaf Cafe,dinner,4,0,0,12,16.6,0.0,0,36,38.1,38.1,48,42,6
2025-12-12,R2,Green Leaf Cafe,lunch,4,0,0,12,16.6,0.0,0,26,25.4,25.4,30,27,3
2025-12-12,R3,Coastal Kitchen,dinner,4,0,0,12,14.2,2.8,0,63,73.4,73.4,101,81,20
2025-12-12,R3,Coastal Kitchen,lunch,4,0,0,12,14.2,2.8,0,44,48.4,48.4,70,54,16
2025-12-12,R4,Urban Tandoor,dinner,4,0,0,12,16.1,0.0,0,45,45.1,45.1,58,51,7
2025-12-12,R4,Urban Tandoor,lunch,4,0,0,12,16.1,0.0,0,31,30.7,30.7,40,34,6
2025-12-12,R5,Campus Canteen,dinner,4,0,0,12,13.5,0.0,0,75,89.6,89.6,106,93,13
2025-12-12,R5,Campus Canteen,lunch,4,0,0,12,13.5,0.0,0,52,58.4,58.4,68,64,4
2025-12-13,R1,Spice Route Kitchen,dinner,5,1,0,12,11.4,0.0,0,68,59.7,59.7,103,79,24
2025-12-13,R1,Spice Route Kitchen,lunch,5,1,0,12,11.4,0.0,0,42,39.9,39.9,59,48,11
2025-12-13,R2,Green Leaf Cafe,dinner,5,1,0,12,16.1,0.0,0,42,38.4,38.4,53,48,5
2025-12-13,R2,Green Leaf Cafe,lunch,5,1,0,12,16.1,0.0,0,27,25.3,25.3,42,34,8
2025-12-13,R3,Coastal Kitchen,dinner,5,1,0,12,12.3,0.0,0,81,74.3,74.3,108,83,25
2025-12-13,R3,Coastal Kitchen,lunch,5,1,0,12,12.3,0.0,0,54,48.7,48.7,78,61,17
2025-12-13,R4,Urban Tandoor,dinner,5,1,0,12,15.5,0.0,0,51,45.9,45.9,68,56,12
2025-12-13,R4,Urban Tandoor,lunch,5,1,0,12,15.5,0.0,0,34,30.7,30.7,48,39,9
2025-12-13,R5,Campus Canteen,dinner,5,1,0,12,12.4,0.0,0,93,88.1,88.1,114,99,15
2025-12-13,R5,Campus Canteen,lunch,5,1,0,12,12.4,0.0,0,64,58.6,58.6,79,69,10
2025-12-14,R1,Spice Route Kitchen,dinner,6,1,0,12,13.9,0.3,0,79,60.1,60.1,79,64,15
2025-12-14,R1,Spice Route Kitchen,lunch,6,1,0,12,13.9,0.3,0,48,39.9,39.9,52,41,11
2025-12-14,R2,Green Leaf Cafe,dinner,6,1,0,12,13.5,1.9,0,48,38.9,38.9,52,44,8
2025-12-14,R2,Green Leaf Cafe,lunch,6,1,0,12,13.5,1.9,0,34,25.7,25.7,31,27,4
2025-12-14,R3,Coastal Kitchen,dinner,6,1,0,12,16.2,0.0,0,83,74.7,74.7,111,85,26
2025-12-14,R3,Coastal Kitchen,lunch,6,1,0,12,16.2,0.0,0,61,49.9,49.9,62,49,13
2025-12-14,R4,Urban Tandoor,dinner,6,1,0,12,17.0,0.0,0,56,45.7,45.7,63,52,11
2025-12-14,R4,Urban Tandoor,lunch,6,1,0,12,17.0,0.0,0,39,31.3,31.3,39,33,6
2025-12-14,R5,Campus Canteen,dinner,6,1,0,12,15.8,0.6,0,99,85.0,85.0,129,109,20
2025-12-14,R5,Campus Canteen,lunch,6,1,0,12,15.8,0.6,0,69,57.7,57.7,72,66,6
2025-12-15,R1,Spice Route Kitchen,dinner,0,0,0,12,14.6,0.0,0,64,59.9,59.9,67,53,14
2025-12-15,R1,Spice Route Kitchen,lunch,0,0,0,12,14.6,0.0,0,41,38.9,38.9,37,31,6
2025-12-15,R2,Green Leaf Cafe,dinner,0,0,0,12,14.4,0.0,0,44,38.7,38.7,38,34,4
2025-12-15,R2,Green Leaf Cafe,lunch,0,0,0,12,14.4,0.0,0,27,25.3,25.3,27,24,3
2025-12-15,R3,Coastal Kitchen,dinner,0,0,0,12,13.6,4.1,0,85,75.1,75.1,76,61,15
2025-12-15,R3,Coastal Kitchen,lunch,0,0,0,12,13.6,4.1,0,49,49.1,49.1,60,44,16
2025-12-15,R4,Urban Tandoor,dinner,0,0,0,12,13.7,0.0,0,52,45.4,45.4,52,44,8
2025-12-15,R4,Urban Tandoor,lunch,0,0,0,12,13.7,0.0,0,33,31.0,31.0,31,26,5
2025-12-15,R5,Campus Canteen,dinner,0,0,0,12,13.7,0.1,0,109,85.3,85.3,89,81,8
2025-12-15,R5,Campus Canteen,lunch,0,0,0,12,13.7,0.1,0,66,57.7,57.7,58,51,7
2025-12-16,R1,Spice Route Kitchen,dinner,1,0,0,12,14.8,0.6,0,53,60.9,60.9,71,54,17
2025-12-16,R1,Spice Route Kitchen,lunch,1,0,0,12,14.8,0.6,0,31,38.0,38.0,40,32,8
2025-12-16,R2,Green Leaf Cafe,dinner,1,0,0,12,13.3,3.5,0,34,38.7,38.7,34,30,4
2025-12-16,R2,Green Leaf Cafe,lunch,1,0,0,12,13.3,3.5,0,24,25.9,25.9,27,22,5
2025-12-16,R3,Coastal Kitchen,dinner,1,0,0,12,19.6,1.6,0,61,71.6,71.6,82,64,18
2025-12-16,R3,Coastal Kitchen,lunch,1,0,0,12,19.6,1.6,0,44,47.9,47.9,56,42,14
2025-12-16,R4,Urban Tandoor,dinner,1,0,0,12,15.3,1.0,0,44,46.3,46.3,51,43,8
2025-12-16,R4,Urban Tandoor,lunch,1,0,0,12,15.3,1.0,0,26,30.7,30.7,33,28,5
2025-12-16,R5,Campus Canteen,dinner,1,0,0,12,15.9,0.4,0,81,86.6,86.6,92,80,12
2025-12-16,R5,Campus Canteen,lunch,1,0,0,12,15.9,0.4,0,51,58.0,58.0,52,47,5
2025-12-17,R1,Spice Route Kitchen,dinner,2,0,0,12,14.3,0.0,0,54,61.3,61.3,64,52,12
2025-12-17,R1,Spice Route Kitchen,lunch,2,0,0,12,14.3,0.0,0,32,38.0,38.0,45,37,8
2025-12-17,R2,Green Leaf Cafe,dinner,2,0,0,12,15.3,0.0,0,30,38.3,38.3,39,34,5
2025-12-17,R2,Green Leaf Cafe,lunch,2,0,0,12,15.3,0.0,0,22,25.9,25.9,25,22,3
2025-12-17,R3,Coastal Kitchen,dinner,2,0,0,12,15.7,0.0,0,64,72.4,72.4,78,61,17
2025-12-17,R3,Coastal Kitchen,lunch,2,0,0,12,15.7,0.0,0,42,48.3,48.3,54,41,13
2025-12-17,R4,Urban Tandoor,dinner,2,0,0,12,14.6,3.5,0,43,47.4,47.4,50,43,7
2025-12-17,R4,Urban Tandoor,lunch,2,0,0,12,14.6,3.5,0,28,31.4,31.4,33,28,5
2025-12-17,R5,Campus Canteen,dinner,2,0,0,12,16.5,1.7,0,80,87.9,87.9,90,79,11
2025-12-17,R5,Campus Canteen,lunch,2,0,0,12,16.5,1.7,0,47,57.7,57.7,66,58,8
2025-12-18,R1,Spice Route Kitchen,dinner,3,0,0,12,13.4,0.0,0,52,61.6,61.6,57,49,8
2025-12-18,R1,Spice Route Kitchen,lunch,3,0,0,12,13.4,0.0,0,37,38.1,38.1,47,39,8
2025-12-18,R2,Green Leaf Cafe,dinner,3,0,0,12,16.9,1.6,0,34,38.3,38.3,39,33,6
2025-12-18,R2,Green Leaf Cafe,lunch,3,0,0,12,16.9,1.6,0,22,26.0,26.0,27,24,3
2025-12-18,R3,Coastal Kitchen,dinner,3,0,0,12,13.3,2.8,0,61,71.1,71.1,85,66,19
2025-12-18,R3,Coastal Kitchen,lunch,3,0,0,12,13.3,2.8,0,41,47.9,47.9,55,41,14
2025-12-18,R4,Urban Tandoor,dinner,3,0,0,12,18.3,6.5,0,43,47.7,47.7,47,40,7
2025-12-18,R4,Urban Tandoor,lunch,3,0,0,12,18.3,6.5,0,28,31.3,31.3,36,32,4
2025-12-18,R5,Campus Canteen,dinner,3,0,0,12,16.0,0.0,0,79,88.0,88.0,94,90,4
2025-12-18,R5,Campus Canteen,lunch,3,0,0,12,16.0,0.0,0,58,58.1,58.1,59,51,8
2025-12-19,R1,Spice Route Kitchen,dinner,4,0,0,12,12.5,0.0,0,49,59.9,59.9,75,63,12
2025-12-19,R1,Spice Route Kitchen,lunch,4,0,0,12,12.5,0.0,0,39,38.6,38.6,48,41,7
2025-12-19,R2,Green Leaf Cafe,dinner,4,0,0,12,14.3,5.5,0,33,37.9,37.9,46,41,5
2025-12-19,R2,Green Leaf Cafe,lunch,4,0,0,12,14.3,5.5,0,24,25.7,25.7,33,29,4
2025-12-19,R3,Coastal Kitchen,dinner,4,0,0,12,12.0,0.0,0,66,71.6,71.6,101,78,23
2025-12-19,R3,Coastal Kitchen,lunch,4,0,0,12,12.0,0.0,0,41,47.4,47.4,60,44,16
2025-12-19,R4,Urban Tandoor,dinner,4,0,0,12,15.1,0.0,0,40,47.0,47.0,68,56,12
2025-12-19,R4,Urban Tandoor,lunch,4,0,0,12,15.1,0.0,0,32,31.4,31.4,46,37,9
2025-12-19,R5,Campus Canteen,dinner,4,0,0,12,18.1,0.7,0,90,90.1,90.1,105,98,7
2025-12-19,R5,Campus Canteen,lunch,4,0,0,12,18.1,0.7,0,51,58.0,58.0,78,66,12
2025-12-20,R1,Spice Route Kitchen,dinner,5,1,0,12,17.6,2.4,0,63,59.1,59.1,94,76,18
2025-12-20,R1,Spice Route Kitchen,lunch,5,1,0,12,17.6,2.4,0,41,38.4,38.4,58,48,10
2025-12-20,R2,Green Leaf Cafe,dinner,5,1,0,12,14.6,0.7,0,41,37.7,37.7,51,45,6
2025-12-20,R2,Green Leaf Cafe,lunch,5,1,0,12,14.6,0.7,0,29,26.0,26.0,38,32,6
2025-12-20,R3,Coastal Kitchen,dinner,5,1,0,12,10.6,0.0,0,78,71.1,71.1,116,90,26
2025-12-20,R3,Coastal Kitchen,lunch,5,1,0,12,10.6,0.0,0,44,46.0,46.0,81,64,17
2025-12-20,R4,Urban Tandoor,dinner,5,1,0,12,15.5,0.0,0,56,47.7,47.7,69,57,12
2025-12-20,R4,Urban Tandoor,lunch,5,1,0,12,15.5,0.0,0,37,31.9,31.9,51,44,7
2025-12-20,R5,Campus Canteen,dinner,5,1,0,12,14.8,1.9,0,98,90.9,90.9,114,105,9
2025-12-20,R5,Campus Canteen,lunch,5,1,0,12,14.8,1.9,0,66,58.3,58.3,85,76,9
2025-12-21,R1,Spice Route Kitchen,dinner,6,1,0,12,13.2,0.5,0,76,58.7,58.7,87,67,20
2025-12-21,R1,Spice Route Kitchen,lunch,6,1,0,12,13.2,0.5,0,48,38.4,38.4,58,46,12
2025-12-21,R2,Green Leaf Cafe,dinner,6,1,0,12,17.9,2.7,0,45,37.3,37.3,50,43,7
2025-12-21,R2,Green Leaf Cafe,lunch,6,1,0,12,17.9,2.7,0,32,25.7,25.7,33,29,4
2025-12-21,R3,Coastal Kitchen,dinner,6,1,0,12,15.1,4.0,0,90,72.1,72.1,107,79,28
2025-12-21,R3,Coastal Kitchen,lunch,6,1,0,12,15.1,4.0,0,64,46.4,46.4,69,51,18
2025-12-21,R4,Urban Tandoor,dinner,6,1,0,12,17.3,0.0,0,57,47.9,47.9,66,58,8
2025-12-21,R4,Urban Tandoor,lunch,6,1,0,12,17.3,0.0,0,44,32.6,32.6,41,35,6
2025-12-21,R5,Campus Canteen,dinner,6,1,0,12,14.2,1.0,0,105,91.7,91.7,113,97,16
2025-12-21,R5,Campus Canteen,lunch,6,1,0,12,14.2,1.0,0,76,59.3,59.3,67,64,3
2025-12-22,R1,Spice Route Kitchen,dinner,0,0,0,12,13.2,1.1,0,67,59.1,59.1,66,53,13
2025-12-22,R1,Spice Route Kitchen,lunch,0,0,0,12,13.2,1.1,0,46,39.1,39.1,42,35,7
2025-12-22,R2,Green Leaf Cafe,dinner,0,0,0,12,20.1,1.0,0,43,37.1,37.1,41,36,5
2025-12-22,R2,Green Leaf Cafe,lunch,0,0,0,12,20.1,1.0,0,29,26.0,26.0,22,20,2
2025-12-22,R3,Coastal Kitchen,dinner,0,0,0,12,13.6,4.6,0,79,71.3,71.3,77,59,18
2025-12-22,R3,Coastal Kitchen,lunch,0,0,0,12,13.6,4.6,0,51,46.7,46.7,54,42,12
2025-12-22,R4,Urban Tandoor,dinner,0,0,0,12,17.2,0.7,0,58,48.7,48.7,50,43,7
2025-12-22,R4,Urban Tandoor,lunch,0,0,0,12,17.2,0.7,0,35,32.9,32.9,33,28,5
2025-12-22,R5,Campus Canteen,dinner,0,0,0,12,12.6,2.5,0,97,90.0,90.0,87,81,6
2025-12-22,R5,Campus Canteen,lunch,0,0,0,12,12.6,2.5,0,64,59.0,59.0,63,56,7
2025-12-23,R1,Spice Route Kitchen,dinner,1,0,0,12,17.8,0.4,0,53,59.1,59.1,62,49,13
2025-12-23,R1,Spice Route Kitchen,lunch,1,0,0,12,17.8,0.4,0,35,39.7,39.7,41,33,8
2025-12-23,R2,Green Leaf Cafe,dinner,1,0,0,12,6.2,2.4,0,36,37.4,37.4,32,27,5
2025-12-23,R2,Green Leaf Cafe,lunch,1,0,0,12,6.2,2.4,0,20,25.4,25.4,23,19,4
2025-12-23,R3,Coastal Kitchen,dinner,1,0,0,12,14.1,3.3,0,59,71.0,71.0,71,53,18
2025-12-23,R3,Coastal Kitchen,lunch,1,0,0,12,14.1,3.3,0,42,46.4,46.4,44,36,8
2025-12-23,R4,Urban Tandoor,dinner,1,0,0,12,11.4,0.0,0,43,48.6,48.6,41,35,6
2025-12-23,R4,Urban Tandoor,lunch,1,0,0,12,11.4,0.0,0,28,33.1,33.1,29,24,5
2025-12-23,R5,Campus Canteen,dinner,1,0,0,12,11.9,0.5,0,81,90.0,90.0,86,76,10
2025-12-23,R5,Campus Canteen,lunch,1,0,0,12,11.9,0.5,0,56,59.7,59.7,59,54,5
2025-12-24,R1,Spice Route Kitchen,dinner,2,0,0,12,19.4,0.0,0,49,58.4,58.4,67,55,12
2025-12-24,R1,Spice Route Kitchen,lunch,2,0,0,12,19.4,0.0,0,33,39.9,39.9,43,34,9
2025-12-24,R2,Green Leaf Cafe,dinner,2,0,0,12,15.0,0.0,0,27,37.0,37.0,39,35,4
2025-12-24,R2,Green Leaf Cafe,lunch,2,0,0,12,15.0,0.0,0,19,25.0,25.0,28,24,4
2025-12-24,R3,Coastal Kitchen,dinner,2,0,0,12,12.7,1.3,0,53,69.4,69.4,74,62,12
2025-12-24,R3,Coastal Kitchen,lunch,2,0,0,12,12.7,1.3,0,36,45.6,45.6,54,41,13
2025-12-24,R4,Urban Tandoor,dinner,2,0,0,12,15.5,0.7,0,35,47.4,47.4,50,42,8
2025-12-24,R4,Urban Tandoor,lunch,2,0,0,12,15.5,0.7,0,24,32.6,32.6,32,28,4
2025-12-24,R5,Campus Canteen,dinner,2,0,0,12,14.7,0.2,0,76,89.4,89.4,87,76,11
2025-12-24,R5,Campus Canteen,lunch,2,0,0,12,14.7,0.2,0,54,60.7,60.7,60,53,7
2025-12-25,R1,Spice Route Kitchen,dinner,3,0,1,12,17.0,1.9,0,55,58.9,58.9,91,72,19
2025-12-25,R1,Spice Route Kitchen,lunch,3,0,1,12,17.0,1.9,0,34,39.4,39.4,64,50,14
2025-12-25,R2,Green Leaf Cafe,dinner,3,0,1,12,11.3,2.5,0,35,37.1,37.1,46,41,5
2025-12-25,R2,Green Leaf Cafe,lunch,3,0,1,12,11.3,2.5,0,24,25.3,25.3,34,32,2
2025-12-25,R3,Coastal Kitchen,dinner,3,0,1,12,14.4,1.7,0,62,69.6,69.6,99,80,19
2025-12-25,R3,Coastal Kitchen,lunch,3,0,1,12,14.4,1.7,0,41,45.6,45.6,75,60,15
2025-12-25,R4,Urban Tandoor,dinner,3,0,1,12,13.2,1.2,0,42,47.3,47.3,65,55,10
2025-12-25,R4,Urban Tandoor,lunch,3,0,1,12,13.2,1.2,0,28,32.6,32.6,47,37,10
2025-12-25,R5,Campus Canteen,dinner,3,0,1,12,17.1,2.4,0,76,89.0,89.0,114,105,9
2025-12-25,R5,Campus Canteen,lunch,3,0,1,12,17.1,2.4,0,53,60.0,60.0,76,70,6
2025-12-26,R1,Spice Route Kitchen,dinner,4,0,0,12,14.4,0.0,0,72,62.1,62.1,79,66,13
2025-12-26,R1,Spice Route Kitchen,lunch,4,0,0,12,14.4,0.0,0,50,41.0,41.0,55,44,11
2025-12-26,R2,Green Leaf Cafe,dinner,4,0,0,12,11.8,0.5,0,41,38.3,38.3,49,43,6
2025-12-26,R2,Green Leaf Cafe,lunch,4,0,0,12,11.8,0.5,0,32,26.4,26.4,30,25,5
2025-12-26,R3,Coastal Kitchen,dinner,4,0,0,12,18.1,3.4,1,80,71.6,71.6,148,110,38
2025-12-26,R3,Coastal Kitchen,lunch,4,0,0,12,18.1,3.4,1,60,48.3,48.3,93,69,24
2025-12-26,R4,Urban Tandoor,dinner,4,0,0,12,14.2,0.0,0,55,49.4,49.4,57,50,7
2025-12-26,R4,Urban Tandoor,lunch,4,0,0,12,14.2,0.0,0,37,33.3,33.3,38,33,5
2025-12-26,R5,Campus Canteen,dinner,4,0,0,12,17.6,2.7,0,105,91.1,91.1,111,94,17
2025-12-26,R5,Campus Canteen,lunch,4,0,0,12,17.6,2.7,0,70,62.7,62.7,76,68,8
2025-12-27,R1,Spice Route Kitchen,dinner,5,1,0,12,15.1,4.7,0,66,62.6,62.6,99,82,17
2025-12-27,R1,Spice Route Kitchen,lunch,5,1,0,12,15.1,4.7,0,44,41.4,41.4,54,44,10
2025-12-27,R2,Green Leaf Cafe,dinner,5,1,0,12,14.7,0.0,0,43,38.6,38.6,55,48,7
2025-12-27,R2,Green Leaf Cafe,lunch,5,1,0,12,14.7,0.0,0,25,25.9,25.9,36,31,5
2025-12-27,R3,Coastal Kitchen,dinner,5,1,0,12,16.0,0.0,0,110,76.1,76.1,113,84,29
2025-12-27,R3,Coastal Kitchen,lunch,5,1,0,12,16.0,0.0,0,69,51.9,51.9,78,60,18
2025-12-27,R4,Urban Tandoor,dinner,5,1,0,12,11.5,0.0,0,50,48.6,48.6,73,61,12
2025-12-27,R4,Urban Tandoor,lunch,5,1,0,12,11.5,0.0,0,33,32.7,32.7,49,39,10
2025-12-27,R5,Campus Canteen,dinner,5,1,0,12,14.7,0.0,0,94,90.6,90.6,124,111,13
2025-12-27,R5,Campus Canteen,lunch,5,1,0,12,14.7,0.0,0,68,63.0,63.0,86,73,13
2025-12-28,R1,Spice Route Kitchen,dinner,6,1,0,12,11.5,6.1,0,82,63.4,63.4,87,73,14
2025-12-28,R1,Spice Route Kitchen,lunch,6,1,0,12,11.5,6.1,0,44,40.9,40.9,55,45,10
2025-12-28,R2,Green Leaf Cafe,dinner,6,1,0,12,14.5,1.3,0,48,39.0,39.0,48,43,5
2025-12-28,R2,Green Leaf Cafe,lunch,6,1,0,12,14.5,1.3,0,31,25.7,25.7,33,29,4
2025-12-28,R3,Coastal Kitchen,dinner,6,1,0,12,18.4,0.0,0,84,75.3,75.3,105,77,28
2025-12-28,R3,Coastal Kitchen,lunch,6,1,0,12,18.4,0.0,0,60,51.3,51.3,71,54,17
2025-12-28,R4,Urban Tandoor,dinner,6,1,0,12,18.8,0.1,0,61,49.1,49.1,62,54,8
2025-12-28,R4,Urban Tandoor,lunch,6,1,0,12,18.8,0.1,0,39,32.0,32.0,44,36,8
2025-12-28,R5,Campus Canteen,dinner,6,1,0,12,18.1,0.0,0,111,91.4,91.4,117,106,11
2025-12-28,R5,Campus Canteen,lunch,6,1,0,12,18.1,0.0,0,73,62.6,62.6,67,64,3
2025-12-29,R1,Spice Route Kitchen,dinner,0,0,0,12,17.4,2.0,0,73,64.3,64.3,66,56,10
2025-12-29,R1,Spice Route Kitchen,lunch,0,0,0,12,17.4,2.0,0,45,40.7,40.7,43,35,8
2025-12-29,R2,Green Leaf Cafe,dinner,0,0,0,12,16.1,0.0,0,43,39.0,39.0,37,32,5
2025-12-29,R2,Green Leaf Cafe,lunch,0,0,0,12,16.1,0.0,0,29,25.7,25.7,25,22,3
2025-12-29,R3,Coastal Kitchen,dinner,0,0,0,12,15.9,2.0,0,77,75.0,75.0,73,56,17
2025-12-29,R3,Coastal Kitchen,lunch,0,0,0,12,15.9,2.0,0,54,51.7,51.7,51,39,12
2025-12-29,R4,Urban Tandoor,dinner,0,0,0,12,16.3,0.0,0,54,48.6,48.6,48,43,5
2025-12-29,R4,Urban Tandoor,lunch,0,0,0,12,16.3,0.0,0,36,32.1,32.1,33,28,5
2025-12-29,R5,Campus Canteen,dinner,0,0,0,12,16.9,1.6,0,106,92.7,92.7,89,78,11
2025-12-29,R5,Campus Canteen,lunch,0,0,0,12,16.9,1.6,0,64,62.6,62.6,55,50,5
2025-12-30,R1,Spice Route Kitchen,dinner,1,0,0,12,11.9,2.2,0,56,64.7,64.7,63,50,13
2025-12-30,R1,Spice Route Kitchen,lunch,1,0,0,12,11.9,2.2,0,35,40.7,40.7,43,35,8
2025-12-30,R2,Green Leaf Cafe,dinner,1,0,0,12,11.8,1.5,0,32,38.4,38.4,41,36,5
2025-12-30,R2,Green Leaf Cafe,lunch,1,0,0,12,11.8,1.5,0,22,26.0,26.0,26,23,3
2025-12-30,R3,Coastal Kitchen,dinner,1,0,0,12,12.1,2.6,0,56,74.6,74.6,78,62,16
2025-12-30,R3,Coastal Kitchen,lunch,1,0,0,12,12.1,2.6,0,39,51.3,51.3,50,39,11
2025-12-30,R4,Urban Tandoor,dinner,1,0,0,12,15.4,0.0,0,43,48.6,48.6,46,37,9
2025-12-30,R4,Urban Tandoor,lunch,1,0,0,12,15.4,0.0,0,28,32.1,32.1,32,27,5
2025-12-30,R5,Campus Canteen,dinner,1,0,0,12,15.0,0.0,0,78,92.3,92.3,84,75,9
2025-12-30,R5,Campus Canteen,lunch,1,0,0,12,15.0,0.0,0,50,61.7,61.7,56,51,5
2025-12-31,R1,Spice Route Kitchen,dinner,2,0,0,12,15.1,0.0,0,50,64.9,64.9,63,55,8
2025-12-31,R1,Spice Route Kitchen,lunch,2,0,0,12,15.1,0.0,0,35,41.0,41.0,46,40,6
2025-12-31,R2,Green Leaf Cafe,dinner,2,0,0,12,13.4,0.0,0,36,39.7,39.7,39,35,4
2025-12-31,R2,Green Leaf Cafe,lunch,2,0,0,12,13.4,0.0,0,23,26.6,26.6,29,24,5
2025-12-31,R3,Coastal Kitchen,dinner,2,0,0,12,15.6,2.5,0,62,75.9,75.9,76,61,15
2025-12-31,R3,Coastal Kitchen,lunch,2,0,0,12,15.6,2.5,0,39,51.7,51.7,53,43,10
2025-12-31,R4,Urban Tandoor,dinner,2,0,0,12,14.4,0.0,0,37,48.9,48.9,50,42,8
2025-12-31,R4,Urban Tandoor,lunch,2,0,0,12,14.4,0.0,0,27,32.6,32.6,35,29,6
2025-12-31,R5,Campus Canteen,dinner,2,0,0,12,14.3,1.3,0,75,92.1,92.1,94,86,8
2025-12-31,R5,Campus Canteen,lunch,2,0,0,12,14.3,1.3,0,51,61.3,61.3,67,58,9
2026-01-01,R1,Spice Route Kitchen,dinner,3,0,1,1,15.0,0.0,0,55,64.9,64.9,77,62,15
2026-01-01,R1,Spice Route Kitchen,lunch,3,0,1,1,15.0,0.0,0,40,41.9,41.9,58,48,10
2026-01-01,R2,Green Leaf Cafe,dinner,3,0,1,1,18.8,0.0,0,35,39.7,39.7,59,51,8
2026-01-01,R2,Green Leaf Cafe,lunch,3,0,1,1,18.8,0.0,0,24,26.6,26.6,38,32,6
2026-01-01,R3,Coastal Kitchen,dinner,3,0,1,1,18.0,0.0,0,61,75.7,75.7,98,75,23
2026-01-01,R3,Coastal Kitchen,lunch,3,0,1,1,18.0,0.0,0,43,52.0,52.0,71,55,16
2026-01-01,R4,Urban Tandoor,dinner,3,0,1,1,15.6,1.4,0,42,48.9,48.9,62,53,9
2026-01-01,R4,Urban Tandoor,lunch,3,0,1,1,15.6,1.4,0,29,32.7,32.7,47,40,7
2026-01-01,R5,Campus Canteen,dinner,3,0,1,1,12.0,0.4,0,86,93.6,93.6,103,88,15
2026-01-01,R5,Campus Canteen,lunch,3,0,1,1,12.0,0.4,0,58,62.0,62.0,84,72,12
2026-01-02,R1,Spice Route Kitchen,dinner,4,0,0,1,18.1,4.9,0,62,63.4,63.4,91,72,19
2026-01-02,R1,Spice Route Kitchen,lunch,4,0,0,1,18.1,4.9,0,48,41.6,41.6,56,44,12
2026-01-02,R2,Green Leaf Cafe,dinner,4,0,0,1,14.4,0.0,0,51,41.1,41.1,49,43,6
2026-01-02,R2,Green Leaf Cafe,lunch,4,0,0,1,14.4,0.0,0,32,26.6,26.6,32,27,5
2026-01-02,R3,Coastal Kitchen,dinner,4,0,0,1,11.2,0.0,0,75,75.0,75.0,105,81,24
2026-01-02,R3,Coastal Kitchen,lunch,4,0,0,1,11.2,0.0,0,55,51.3,51.3,72,53,19
2026-01-02,R4,Urban Tandoor,dinner,4,0,0,1,16.7,0.0,0,53,48.6,48.6,57,48,9
2026-01-02,R4,Urban Tandoor,lunch,4,0,0,1,16.7,0.0,0,40,33.1,33.1,45,36,9
2026-01-02,R5,Campus Canteen,dinner,4,0,0,1,15.9,0.0,0,88,91.1,91.1,116,102,14
2026-01-02,R5,Campus Canteen,lunch,4,0,0,1,15.9,0.0,0,72,62.3,62.3,74,65,9
2026-01-03,R1,Spice Route Kitchen,dinner,5,1,0,1,13.4,1.0,0,72,64.3,64.3,105,84,21
2026-01-03,R1,Spice Route Kitchen,lunch,5,1,0,1,13.4,1.0,0,44,41.6,41.6,54,44,10
2026-01-03,R2,Green Leaf Cafe,dinner,5,1,0,1,13.3,1.1,0,43,41.1,41.1,53,45,8
2026-01-03,R2,Green Leaf Cafe,lunch,5,1,0,1,13.3,1.1,0,27,26.9,26.9,37,32,5
2026-01-03,R3,Coastal Kitchen,dinner,5,1,0,1,10.4,1.6,0,81,70.9,70.9,102,80,22
2026-01-03,R3,Coastal Kitchen,lunch,5,1,0,1,10.4,1.6,0,53,49.0,49.0,81,61,20
2026-01-03,R4,Urban Tandoor,dinner,5,1,0,1,14.4,0.0,0,48,48.3,48.3,67,57,10
2026-01-03,R4,Urban Tandoor,lunch,5,1,0,1,14.4,0.0,0,36,33.6,33.6,41,36,5
2026-01-03,R5,Campus Canteen,dinner,5,1,0,1,12.3,0.0,0,102,92.3,92.3,111,101,10
2026-01-03,R5,Campus Canteen,lunch,5,1,0,1,12.3,0.0,0,65,61.9,61.9,88,76,12
2026-01-04,R1,Spice Route Kitchen,dinner,6,1,0,1,18.2,0.9,0,84,64.6,64.6,82,64,18
2026-01-04,R1,Spice Route Kitchen,lunch,6,1,0,1,18.2,0.9,0,44,41.6,41.6,56,47,9
2026-01-04,R2,Green Leaf Cafe,dinner,6,1,0,1,9.0,1.5,0,45,40.7,40.7,49,43,6
2026-01-04,R2,Green Leaf Cafe,lunch,6,1,0,1,9.0,1.5,0,32,27.0,27.0,30,26,4
2026-01-04,R3,Coastal Kitchen,dinner,6,1,0,1,19.2,0.0,0,80,70.3,70.3,100,74,26
2026-01-04,R3,Coastal Kitchen,lunch,6,1,0,1,19.2,0.0,0,61,49.1,49.1,72,56,16
2026-01-04,R4,Urban Tandoor,dinner,6,1,0,1,13.0,2.8,0,57,47.7,47.7,65,54,11
2026-01-04,R4,Urban Tandoor,lunch,6,1,0,1,13.0,2.8,0,36,33.1,33.1,42,35,7
2026-01-04,R5,Campus Canteen,dinner,6,1,0,1,13.5,0.0,0,101,90.9,90.9,124,107,17
2026-01-04,R5,Campus Canteen,lunch,6,1,0,1,13.5,0.0,0,76,62.3,62.3,75,65,10
2026-01-05,R1,Spice Route Kitchen,dinner,0,0,0,1,18.1,0.0,0,64,63.3,63.3,68,54,14
2026-01-05,R1,Spice Route Kitchen,lunch,0,0,0,1,18.1,0.0,0,47,41.9,41.9,43,35,8
2026-01-05,R2,Green Leaf Cafe,dinner,0,0,0,1,17.4,1.8,0,43,40.7,40.7,46,39,7
2026-01-05,R2,Green Leaf Cafe,lunch,0,0,0,1,17.4,1.8,0,26,26.6,26.6,27,23,4
2026-01-05,R3,Coastal Kitchen,dinner,0,0,0,1,16.3,0.0,0,74,69.9,69.9,88,66,22
2026-01-05,R3,Coastal Kitchen,lunch,0,0,0,1,16.3,0.0,0,56,49.4,49.4,59,45,14
2026-01-05,R4,Urban Tandoor,dinner,0,0,0,1,13.5,0.0,0,54,47.7,47.7,45,38,7
2026-01-05,R4,Urban Tandoor,lunch,0,0,0,1,13.5,0.0,0,35,33.0,33.0,31,28,3
2026-01-05,R5,Campus Canteen,dinner,0,0,0,1,13.1,4.6,0,107,91.0,91.0,80,74,6
2026-01-05,R5,Campus Canteen,lunch,0,0,0,1,13.1,4.6,0,65,62.4,62.4,63,56,7
2026-01-06,R1,Spice Route Kitchen,dinner,1,0,0,1,15.5,4.6,0,54,63.0,63.0,72,58,14
2026-01-06,R1,Spice Route Kitchen,lunch,1,0,0,1,15.5,4.6,0,35,41.9,41.9,42,35,7
2026-01-06,R2,Green Leaf Cafe,dinner,1,0,0,1,15.8,0.0,0,39,41.7,41.7,32,28,4
2026-01-06,R2,Green Leaf Cafe,lunch,1,0,0,1,15.8,0.0,0,23,26.7,26.7,25,23,2
2026-01-06,R3,Coastal Kitchen,dinner,1,0,0,1,14.3,0.0,0,66,71.3,71.3,79,61,18
2026-01-06,R3,Coastal Kitchen,lunch,1,0,0,1,14.3,0.0,0,45,50.3,50.3,53,43,10
2026-01-06,R4,Urban Tandoor,dinner,1,0,0,1,13.9,0.0,0,38,47.0,47.0,48,41,7
2026-01-06,R4,Urban Tandoor,lunch,1,0,0,1,13.9,0.0,0,28,33.0,33.0,32,26,6
2026-01-06,R5,Campus Canteen,dinner,1,0,0,1,13.2,0.4,0,74,90.4,90.4,84,75,9
2026-01-06,R5,Campus Canteen,lunch,1,0,0,1,13.2,0.4,0,56,63.3,63.3,60,54,6
2026-01-07,R1,Spice Route Kitchen,dinner,2,0,0,1,16.8,0.0,0,58,64.1,64.1,59,47,12
2026-01-07,R1,Spice Route Kitchen,lunch,2,0,0,1,16.8,0.0,0,35,41.9,41.9,47,38,9
2026-01-07,R2,Green Leaf Cafe,dinner,2,0,0,1,18.2,0.5,0,28,40.6,40.6,38,35,3
2026-01-07,R2,Green Leaf Cafe,lunch,2,0,0,1,18.2,0.5,0,23,26.7,26.7,23,20,3
2026-01-07,R3,Coastal Kitchen,dinner,2,0,0,1,13.4,1.2,0,61,71.1,71.1,77,60,17
2026-01-07,R3,Coastal Kitchen,lunch,2,0,0,1,13.4,1.2,0,43,50.9,50.9,50,40,10
2026-01-07,R4,Urban Tandoor,dinner,2,0,0,1,15.0,0.0,0,41,47.6,47.6,44,37,7
2026-01-07,R4,Urban Tandoor,lunch,2,0,0,1,15.0,0.0,0,26,32.9,32.9,33,28,5
2026-01-07,R5,Campus Canteen,dinner,2,0,0,1,14.2,2.6,0,75,90.4,90.4,92,81,11
2026-01-07,R5,Campus Canteen,lunch,2,0,0,1,14.2,2.6,0,54,63.7,63.7,59,53,6
2026-01-08,R1,Spice Route Kitchen,dinner,3,0,0,1,14.4,4.6,0,47,63.0,63.0,62,52,10
2026-01-08,R1,Spice Route Kitchen,lunch,3,0,0,1,14.4,4.6,0,38,41.6,41.6,47,37,10
2026-01-08,R2,Green Leaf Cafe,dinner,3,0,0,1,17.7,2.7,0,35,40.6,40.6,42,36,6
2026-01-08,R2,Green Leaf Cafe,lunch,3,0,0,1,17.7,2.7,0,20,26.1,26.1,28,24,4
2026-01-08,R3,Coastal Kitchen,dinner,3,0,0,1,13.4,5.1,0,60,71.0,71.0,85,62,23
2026-01-08,R3,Coastal Kitchen,lunch,3,0,0,1,13.4,5.1,0,40,50.4,50.4,61,47,14
2026-01-08,R4,Urban Tandoor,dinner,3,0,0,1,13.2,1.1,0,37,46.9,46.9,54,45,9
2026-01-08,R4,Urban Tandoor,lunch,3,0,0,1,13.2,1.1,0,28,32.7,32.7,37,30,7
2026-01-08,R5,Campus Canteen,dinner,3,0,0,1,13.8,3.1,0,81,89.7,89.7,96,83,13
2026-01-08,R5,Campus Canteen,lunch,3,0,0,1,13.8,3.1,0,53,63.0,63.0,60,53,7
2026-01-09,R1,Spice Route Kitchen,dinner,4,0,0,1,15.1,2.9,0,52,61.6,61.6,76,63,13
2026-01-09,R1,Spice Route Kitchen,lunch,4,0,0,1,15.1,2.9,0,37,40.0,40.0,49,39,10
2026-01-09,R2,Green Leaf Cafe,dinner,4,0,0,1,11.9,0.0,0,36,38.4,38.4,50,42,8
2026-01-09,R2,Green Leaf Cafe,lunch,4,0,0,1,11.9,0.0,0,24,25.0,25.0,32,27,5
2026-01-09,R3,Coastal Kitchen,dinner,4,0,0,1,14.4,0.0,0,62,69.1,69.1,106,79,27
2026-01-09,R3,Coastal Kitchen,lunch,4,0,0,1,14.4,0.0,0,47,49.3,49.3,62,47,15
2026-01-09,R4,Urban Tandoor,dinner,4,0,0,1,14.8,8.9,0,45,45.7,45.7,55,46,9
2026-01-09,R4,Urban Tandoor,lunch,4,0,0,1,14.8,8.9,0,30,31.3,31.3,34,28,6
2026-01-09,R5,Campus Canteen,dinner,4,0,0,1,13.4,4.4,0,83,89.0,89.0,96,91,5
2026-01-09,R5,Campus Canteen,lunch,4,0,0,1,13.4,4.4,0,53,60.3,60.3,69,62,7
2026-01-10,R1,Spice Route Kitchen,dinner,5,1,0,1,11.9,0.0,0,63,60.3,60.3,97,81,16
2026-01-10,R1,Spice Route Kitchen,lunch,5,1,0,1,11.9,0.0,0,39,39.3,39.3,62,52,10
2026-01-10,R2,Green Leaf Cafe,dinner,5,1,0,1,17.9,0.0,0,42,38.3,38.3,49,48,1
2026-01-10,R2,Green Leaf Cafe,lunch,5,1,0,1,17.9,0.0,0,27,25.0,25.0,34,30,4
2026-01-10,R3,Coastal Kitchen,dinner,5,1,0,1,17.4,4.3,0,79,68.9,68.9,97,78,19
2026-01-10,R3,Coastal Kitchen,lunch,5,1,0,1,17.4,4.3,0,47,48.4,48.4,75,54,21
2026-01-10,R4,Urban Tandoor,dinner,5,1,0,1,16.9,0.0,0,46,45.4,45.4,61,51,10
2026-01-10,R4,Urban Tandoor,lunch,5,1,0,1,16.9,0.0,0,28,30.1,30.1,47,39,8
2026-01-10,R5,Campus Canteen,dinner,5,1,0,1,16.9,6.3,0,91,87.4,87.4,125,109,16
2026-01-10,R5,Campus Canteen,lunch,5,1,0,1,16.9,6.3,0,62,59.9,59.9,79,69,10
2026-01-11,R1,Spice Route Kitchen,dinner,6,1,0,1,14.3,5.0,0,81,59.9,59.9,94,74,20
2026-01-11,R1,Spice Route Kitchen,lunch,6,1,0,1,14.3,5.0,0,52,40.4,40.4,54,44,10
2026-01-11,R2,Green Leaf Cafe,dinner,6,1,0,1,20.5,2.1,0,48,38.7,38.7,49,44,5
2026-01-11,R2,Green Leaf Cafe,lunch,6,1,0,1,20.5,2.1,0,30,24.7,24.7,37,32,5
2026-01-11,R3,Coastal Kitchen,dinner,6,1,0,1,16.8,5.3,0,78,68.6,68.6,94,77,17
2026-01-11,R3,Coastal Kitchen,lunch,6,1,0,1,16.8,5.3,0,54,47.4,47.4,68,56,12
2026-01-11,R4,Urban Tandoor,dinner,6,1,0,1,14.5,2.1,0,51,44.6,44.6,63,54,9
2026-01-11,R4,Urban Tandoor,lunch,6,1,0,1,14.5,2.1,0,39,30.6,30.6,42,37,5
2026-01-11,R5,Campus Canteen,dinner,6,1,0,1,15.4,0.0,0,109,88.6,88.6,124,107,17
2026-01-11,R5,Campus Canteen,lunch,6,1,0,1,15.4,0.0,0,69,58.9,58.9,62,58,4
2026-01-12,R1,Spice Route Kitchen,dinner,0,0,0,1,14.1,0.3,0,74,61.3,61.3,66,52,14
2026-01-12,R1,Spice Route Kitchen,lunch,0,0,0,1,14.1,0.3,0,44,40.0,40.0,40,33,7
2026-01-12,R2,Green Leaf Cafe,dinner,0,0,0,1,19.0,0.1,0,44,38.9,38.9,39,33,6
2026-01-12,R2,Green Leaf Cafe,lunch,0,0,0,1,19.0,0.1,0,32,25.6,25.6,28,24,4
2026-01-12,R3,Coastal Kitchen,dinner,0,0,0,1,17.3,0.0,0,77,69.0,69.0,80,60,20
2026-01-12,R3,Coastal Kitchen,lunch,0,0,0,1,17.3,0.0,0,56,47.4,47.4,56,42,14
2026-01-12,R4,Urban Tandoor,dinner,0,0,0,1,16.7,3.4,0,54,44.6,44.6,53,42,11
2026-01-12,R4,Urban Tandoor,lunch,0,0,0,1,16.7,3.4,0,37,30.9,30.9,28,25,3
2026-01-12,R5,Campus Canteen,dinner,0,0,0,1,18.5,1.7,0,107,88.6,88.6,99,85,14
2026-01-12,R5,Campus Canteen,lunch,0,0,0,1,18.5,1.7,0,58,57.9,57.9,58,50,8
2026-01-13,R1,Spice Route Kitchen,dinner,1,0,0,1,18.2,0.0,0,52,61.0,61.0,65,53,12
2026-01-13,R1,Spice Route Kitchen,lunch,1,0,0,1,18.2,0.0,0,33,39.7,39.7,43,36,7
2026-01-13,R2,Green Leaf Cafe,dinner,1,0,0,1,20.8,1.4,0,33,38.0,38.0,36,31,5
2026-01-13,R2,Green Leaf Cafe,lunch,1,0,0,1,20.8,1.4,0,24,25.7,25.7,26,22,4
2026-01-13,R3,Coastal Kitchen,dinner,1,0,0,1,16.8,0.0,0,60,68.1,68.1,82,63,19
2026-01-13,R3,Coastal Kitchen,lunch,1,0,0,1,16.8,0.0,0,42,47.0,47.0,54,41,13
2026-01-13,R4,Urban Tandoor,dinner,1,0,0,1,19.1,0.0,0,42,45.1,45.1,46,39,7
2026-01-13,R4,Urban Tandoor,lunch,1,0,0,1,19.1,0.0,0,25,30.4,30.4,33,29,4
2026-01-13,R5,Campus Canteen,dinner,1,0,0,1,15.3,0.0,1,85,90.1,90.1,116,103,13
2026-01-13,R5,Campus Canteen,lunch,1,0,0,1,15.3,0.0,1,50,57.0,57.0,80,68,12
2026-01-14,R1,Spice Route Kitchen,dinner,2,0,0,1,13.9,0.0,0,53,60.3,60.3,63,51,12
2026-01-14,R1,Spice Route Kitchen,lunch,2,0,0,1,13.9,0.0,0,36,39.9,39.9,45,35,10
2026-01-14,R2,Green Leaf Cafe,dinner,2,0,0,1,12.8,0.0,0,31,38.4,38.4,39,35,4
2026-01-14,R2,Green Leaf Cafe,lunch,2,0,0,1,12.8,0.0,0,22,25.6,25.6,27,22,5
2026-01-14,R3,Coastal Kitchen,dinner,2,0,0,1,13.5,2.5,0,63,68.4,68.4,79,59,20
2026-01-14,R3,Coastal Kitchen,lunch,2,0,0,1,13.5,2.5,0,41,46.7,46.7,51,40,11
2026-01-14,R4,Urban Tandoor,dinner,2,0,0,1,16.9,0.0,0,39,44.9,44.9,50,45,5
2026-01-14,R4,Urban Tandoor,lunch,2,0,0,1,16.9,0.0,0,29,30.9,30.9,32,28,4
2026-01-14,R5,Campus Canteen,dinner,2,0,0,1,16.0,1.6,0,103,94.1,94.1,90,85,5
2026-01-14,R5,Campus Canteen,lunch,2,0,0,1,16.0,1.6,0,68,59.0,59.0,54,50,4
2026-01-15,R1,Spice Route Kitchen,dinner,3,0,0,1,20.7,0.0,0,51,60.9,60.9,64,53,11
2026-01-15,R1,Spice Route Kitchen,lunch,3,0,0,1,20.7,0.0,0,35,39.4,39.4,47,37,10
2026-01-15,R2,Green Leaf Cafe,dinner,3,0,0,1,14.5,4.5,0,35,38.4,38.4,42,37,5
2026-01-15,R2,Green Leaf Cafe,lunch,3,0,0,1,14.5,4.5,0,22,25.9,25.9,26,23,3
2026-01-15,R3,Coastal Kitchen,dinner,3,0,0,1,13.1,0.0,0,59,68.3,68.3,78,58,20
2026-01-15,R3,Coastal Kitchen,lunch,3,0,0,1,13.1,0.0,0,40,46.7,46.7,63,47,16
2026-01-15,R4,Urban Tandoor,dinner,3,0,0,1,14.8,0.0,0,45,46.0,46.0,50,42,8
2026-01-15,R4,Urban Tandoor,lunch,3,0,0,1,14.8,0.0,0,28,30.9,30.9,31,28,3
2026-01-15,R5,Campus Canteen,dinner,3,0,0,1,19.2,0.0,0,85,94.7,94.7,85,75,10
2026-01-15,R5,Campus Canteen,lunch,3,0,0,1,19.2,0.0,0,50,58.6,58.6,64,57,7
2026-01-16,R1,Spice Route Kitchen,dinner,4,0,0,1,14.8,1.2,0,53,61.0,61.0,74,62,12
2026-01-16,R1,Spice Route Kitchen,lunch,4,0,0,1,14.8,1.2,0,37,39.4,39.4,53,43,10
2026-01-16,R2,Green Leaf Cafe,dinner,4,0,0,1,16.8,7.2,0,37,38.6,38.6,44,40,4
2026-01-16,R2,Green Leaf Cafe,lunch,4,0,0,1,16.8,7.2,0,23,25.7,25.7,31,26,5
2026-01-16,R3,Coastal Kitchen,dinner,4,0,0,1,18.7,0.0,0,58,67.7,67.7,105,83,22
2026-01-16,R3,Coastal Kitchen,lunch,4,0,0,1,18.7,0.0,0,47,46.7,46.7,68,50,18
2026-01-16,R4,Urban Tandoor,dinner,4,0,0,1,17.5,7.2,0,42,45.6,45.6,66,57,9
2026-01-16,R4,Urban Tandoor,lunch,4,0,0,1,17.5,7.2,0,28,30.6,30.6,40,35,5
2026-01-16,R5,Campus Canteen,dinner,4,0,0,1,16.1,0.0,0,75,93.6,93.6,123,111,12
2026-01-16,R5,Campus Canteen,lunch,4,0,0,1,16.1,0.0,0,57,59.1,59.1,71,64,7
2026-01-17,R1,Spice Route Kitchen,dinner,5,1,0,1,15.4,0.0,0,62,60.9,60.9,89,73,16
2026-01-17,R1,Spice Route Kitchen,lunch,5,1,0,1,15.4,0.0,0,43,40.0,40.0,60,50,10
2026-01-17,R2,Green Leaf Cafe,dinner,5,1,0,1,17.5,3.8,0,40,38.3,38.3,52,46,6
2026-01-17,R2,Green Leaf Cafe,lunch,5,1,0,1,17.5,3.8,0,26,25.6,25.6,34,30,4
2026-01-17,R3,Coastal Kitchen,dinner,5,1,0,1,19.6,0.0,0,83,68.3,68.3,124,92,32
2026-01-17,R3,Coastal Kitchen,lunch,5,1,0,1,19.6,0.0,0,50,47.1,47.1,75,56,19
2026-01-17,R4,Urban Tandoor,dinner,5,1,0,1,14.7,0.0,0,57,47.1,47.1,71,61,10
2026-01-17,R4,Urban Tandoor,lunch,5,1,0,1,14.7,0.0,0,35,31.6,31.6,44,38,6
2026-01-17,R5,Campus Canteen,dinner,5,1,0,1,15.3,0.0,0,111,96.4,96.4,115,108,7
2026-01-17,R5,Campus Canteen,lunch,5,1,0,1,15.3,0.0,0,64,59.4,59.4,74,66,8
2026-01-18,R1,Spice Route Kitchen,dinner,6,1,0,1,14.8,2.5,0,73,59.7,59.7,83,67,16
2026-01-18,R1,Spice Route Kitchen,lunch,6,1,0,1,14.8,2.5,0,50,39.7,39.7,55,44,11
2026-01-18,R2,Green Leaf Cafe,dinner,6,1,0,1,14.1,6.1,0,46,38.0,38.0,51,45,6
2026-01-18,R2,Green Leaf Cafe,lunch,6,1,0,1,14.1,6.1,0,30,25.6,25.6,35,30,5
2026-01-18,R3,Coastal Kitchen,dinner,6,1,0,1,13.4,3.0,0,92,70.3,70.3,109,84,25
2026-01-18,R3,Coastal Kitchen,lunch,6,1,0,1,13.4,3.0,0,56,47.4,47.4,58,48,10
2026-01-18,R4,Urban Tandoor,dinner,6,1,0,1,13.6,0.0,0,61,48.6,48.6,63,52,11
2026-01-18,R4,Urban Tandoor,lunch,6,1,0,1,13.6,0.0,0,38,31.4,31.4,42,36,6
2026-01-18,R5,Campus Canteen,dinner,6,1,0,1,14.5,1.4,0,108,96.3,96.3,109,102,7
2026-01-18,R5,Campus Canteen,lunch,6,1,0,1,14.5,1.4,0,66,59.0,59.0,80,68,12
2026-01-19,R1,Spice Route Kitchen,dinner,0,0,0,1,19.3,1.9,0,67,58.7,58.7,65,52,13
2026-01-19,R1,Spice Route Kitchen,lunch,0,0,0,1,19.3,1.9,0,44,39.7,39.7,45,36,9
2026-01-19,R2,Green Leaf Cafe,dinner,0,0,0,1,16.8,0.0,0,45,38.1,38.1,35,30,5
2026-01-19,R2,Green Leaf Cafe,lunch,0,0,0,1,16.8,0.0,0,30,25.3,25.3,26,23,3
2026-01-19,R3,Coastal Kitchen,dinner,0,0,0,1,13.6,0.0,0,84,71.3,71.3,91,68,23
2026-01-19,R3,Coastal Kitchen,lunch,0,0,0,1,13.6,0.0,0,48,46.3,46.3,50,40,10
2026-01-19,R4,Urban Tandoor,dinner,0,0,0,1,19.0,0.0,0,52,48.3,48.3,49,41,8
2026-01-19,R4,Urban Tandoor,lunch,0,0,0,1,19.0,0.0,0,36,31.3,31.3,34,29,5
2026-01-19,R5,Campus Canteen,dinner,0,0,0,1,14.5,0.0,0,102,95.6,95.6,96,85,11
2026-01-19,R5,Campus Canteen,lunch,0,0,0,1,14.5,0.0,0,68,60.4,60.4,59,52,7
2026-01-20,R1,Spice Route Kitchen,dinner,1,0,0,1,14.9,0.0,0,52,58.7,58.7,64,55,9
2026-01-20,R1,Spice Route Kitchen,lunch,1,0,0,1,14.9,0.0,0,36,40.1,40.1,37,31,6
2026-01-20,R2,Green Leaf Cafe,dinner,1,0,0,1,15.9,0.0,0,30,37.7,37.7,36,32,4
2026-01-20,R2,Green Leaf Cafe,lunch,1,0,0,1,15.9,0.0,0,23,25.1,25.1,28,23,5
2026-01-20,R3,Coastal Kitchen,dinner,1,0,0,1,15.6,0.0,0,68,72.4,72.4,71,55,16
2026-01-20,R3,Coastal Kitchen,lunch,1,0,0,1,15.6,0.0,0,40,46.0,46.0,48,37,11
2026-01-20,R4,Urban Tandoor,dinner,1,0,0,1,13.7,0.9,0,41,48.1,48.1,50,41,9
2026-01-20,R4,Urban Tandoor,lunch,1,0,0,1,13.7,0.9,0,29,31.9,31.9,32,28,4
2026-01-20,R5,Campus Canteen,dinner,1,0,0,1,14.0,3.9,0,85,95.6,95.6,87,78,9
2026-01-20,R5,Campus Canteen,lunch,1,0,0,1,14.0,3.9,0,52,60.7,60.7,57,51,6
2026-01-21,R1,Spice Route Kitchen,dinner,2,0,0,1,13.8,0.0,0,55,59.0,59.0,69,56,13
2026-01-21,R1,Spice Route Kitchen,lunch,2,0,0,1,13.8,0.0,0,31,39.4,39.4,44,35,9
2026-01-21,R2,Green Leaf Cafe,dinner,2,0,0,1,14.2,1.0,0,32,37.9,37.9,35,30,5
2026-01-21,R2,Green Leaf Cafe,lunch,2,0,0,1,14.2,1.0,0,23,25.3,25.3,24,21,3
2026-01-21,R3,Coastal Kitchen,dinner,2,0,0,1,14.0,0.0,0,55,71.3,71.3,69,54,15
2026-01-21,R3,Coastal Kitchen,lunch,2,0,0,1,14.0,0.0,0,37,45.4,45.4,54,41,13
2026-01-21,R4,Urban Tandoor,dinner,2,0,0,1,20.5,4.2,0,41,48.4,48.4,49,43,6
2026-01-21,R4,Urban Tandoor,lunch,2,0,0,1,20.5,4.2,0,28,31.7,31.7,33,29,4
2026-01-21,R5,Campus Canteen,dinner,2,0,0,1,12.3,2.1,0,78,92.0,92.0,89,79,10
2026-01-21,R5,Campus Canteen,lunch,2,0,0,1,12.3,2.1,0,51,58.3,58.3,62,57,5
2026-01-22,R1,Spice Route Kitchen,dinner,3,0,0,1,16.8,1.6,0,56,59.7,59.7,73,58,15
2026-01-22,R1,Spice Route Kitchen,lunch,3,0,0,1,16.8,1.6,0,35,39.4,39.4,46,39,7
2026-01-22,R2,Green Leaf Cafe,dinner,3,0,0,1,14.9,0.3,0,30,37.1,37.1,41,35,6
2026-01-22,R2,Green Leaf Cafe,lunch,3,0,0,1,14.9,0.3,0,21,25.1,25.1,26,22,4
2026-01-22,R3,Coastal Kitchen,dinner,3,0,0,1,17.4,1.0,0,54,70.6,70.6,88,69,19
2026-01-22,R3,Coastal Kitchen,lunch,3,0,0,1,17.4,1.0,0,41,45.6,45.6,57,43,14
2026-01-22,R4,Urban Tandoor,dinner,3,0,0,1,13.0,0.0,0,43,48.1,48.1,53,44,9
2026-01-22,R4,Urban Tandoor,lunch,3,0,0,1,13.0,0.0,0,29,31.9,31.9,35,30,5
2026-01-22,R5,Campus Canteen,dinner,3,0,0,1,16.6,0.7,0,79,91.1,91.1,96,87,9
2026-01-22,R5,Campus Canteen,lunch,3,0,0,1,16.6,0.7,0,57,59.3,59.3,63,55,8
2026-01-23,R1,Spice Route Kitchen,dinner,4,0,0,1,17.0,0.0,0,58,60.4,60.4,79,65,14
2026-01-23,R1,Spice Route Kitchen,lunch,4,0,0,1,17.0,0.0,0,39,39.7,39.7,45,36,9
2026-01-23,R2,Green Leaf Cafe,dinner,4,0,0,1,19.4,2.6,0,35,36.9,36.9,49,41,8
2026-01-23,R2,Green Leaf Cafe,lunch,4,0,0,1,19.4,2.6,0,22,25.0,25.0,35,30,5
2026-01-23,R3,Coastal Kitchen,dinner,4,0,0,1,12.1,0.0,0,69,72.1,72.1,100,74,26
2026-01-23,R3,Coastal Kitchen,lunch,4,0,0,1,12.1,0.0,0,43,45.0,45.0,63,53,10
2026-01-23,R4,Urban Tandoor,dinner,4,0,0,1,17.6,0.0,0,44,48.4,48.4,61,52,9
2026-01-23,R4,Urban Tandoor,lunch,4,0,0,1,17.6,0.0,0,30,32.1,32.1,45,38,7
2026-01-23,R5,Campus Canteen,dinner,4,0,0,1,16.2,0.0,0,87,92.9,92.9,111,99,12
2026-01-23,R5,Campus Canteen,lunch,4,0,0,1,16.2,0.0,0,55,59.0,59.0,65,58,7
2026-01-24,R1,Spice Route Kitchen,dinner,5,1,0,1,18.1,0.2,0,65,60.9,60.9,91,75,16
2026-01-24,R1,Spice Route Kitchen,lunch,5,1,0,1,18.1,0.2,0,36,38.7,38.7,60,49,11
2026-01-24,R2,Green Leaf Cafe,dinner,5,1,0,1,18.8,2.3,0,41,37.0,37.0,56,49,7
2026-01-24,R2,Green Leaf Cafe,lunch,5,1,0,1,18.8,2.3,0,30,25.6,25.6,34,30,4
2026-01-24,R3,Coastal Kitchen,dinner,5,1,0,1,16.7,3.1,0,74,70.9,70.9,113,86,27
2026-01-24,R3,Coastal Kitchen,lunch,5,1,0,1,16.7,3.1,0,53,45.4,45.4,70,52,18
2026-01-24,R4,Urban Tandoor,dinner,5,1,0,1,16.2,0.0,0,52,47.7,47.7,66,56,10
2026-01-24,R4,Urban Tandoor,lunch,5,1,0,1,16.2,0.0,0,38,32.6,32.6,44,38,6
2026-01-24,R5,Campus Canteen,dinner,5,1,0,1,16.6,1.7,0,99,91.1,91.1,129,109,20
2026-01-24,R5,Campus Canteen,lunch,5,1,0,1,16.6,1.7,0,58,58.1,58.1,77,71,6
2026-01-25,R1,Spice Route Kitchen,dinner,6,1,0,1,18.8,0.0,0,75,61.1,61.1,83,69,14
2026-01-25,R1,Spice Route Kitchen,lunch,6,1,0,1,18.8,0.0,0,49,38.6,38.6,57,49,8
2026-01-25,R2,Green Leaf Cafe,dinner,6,1,0,1,19.0,4.3,0,49,37.4,37.4,50,44,6
2026-01-25,R2,Green Leaf Cafe,lunch,6,1,0,1,19.0,4.3,0,30,25.6,25.6,34,31,3
2026-01-25,R3,Coastal Kitchen,dinner,6,1,0,1,14.5,0.7,0,86,70.0,70.0,104,81,23
2026-01-25,R3,Coastal Kitchen,lunch,6,1,0,1,14.5,0.7,0,52,44.9,44.9,80,57,23
2026-01-25,R4,Urban Tandoor,dinner,6,1,0,1,17.9,0.0,0,56,47.0,47.0,61,51,10
2026-01-25,R4,Urban Tandoor,lunch,6,1,0,1,17.9,0.0,0,38,32.6,32.6,44,37,7
2026-01-25,R5,Campus Canteen,dinner,6,1,0,1,14.4,2.4,0,109,91.3,91.3,116,104,12
2026-01-25,R5,Campus Canteen,lunch,6,1,0,1,14.4,2.4,0,71,58.9,58.9,65,58,7
2026-01-26,R1,Spice Route Kitchen,dinner,0,0,1,1,16.1,0.0,0,69,61.4,61.4,73,62,11
2026-01-26,R1,Spice Route Kitchen,lunch,0,0,1,1,16.1,0.0,0,49,39.3,39.3,58,50,8
2026-01-26,R2,Green Leaf Cafe,dinner,0,0,1,1,13.6,0.0,0,44,37.3,37.3,53,43,10
2026-01-26,R2,Green Leaf Cafe,lunch,0,0,1,1,13.6,0.0,0,31,25.7,25.7,35,29,6
2026-01-26,R3,Coastal Kitchen,dinner,0,0,1,1,11.8,0.0,0,81,69.6,69.6,110,81,29
2026-01-26,R3,Coastal Kitchen,lunch,0,0,1,1,11.8,0.0,0,57,46.1,46.1,62,49,13
2026-01-26,R4,Urban Tandoor,dinner,0,0,1,1,14.1,3.5,0,51,46.9,46.9,60,52,8
2026-01-26,R4,Urban Tandoor,lunch,0,0,1,1,14.1,3.5,0,37,32.7,32.7,36,31,5
2026-01-26,R5,Campus Canteen,dinner,0,0,1,1,15.6,0.0,0,104,91.6,91.6,112,97,15
2026-01-26,R5,Campus Canteen,lunch,0,0,1,1,15.6,0.0,0,58,57.4,57.4,71,65,6
2026-01-27,R1,Spice Route Kitchen,dinner,1,0,0,1,20.4,0.0,0,62,62.9,62.9,66,51,15
2026-01-27,R1,Spice Route Kitchen,lunch,1,0,0,1,20.4,0.0,0,50,41.3,41.3,40,33,7
2026-01-27,R2,Green Leaf Cafe,dinner,1,0,0,1,17.3,0.5,0,43,39.1,39.1,37,31,6
2026-01-27,R2,Green Leaf Cafe,lunch,1,0,0,1,17.3,0.5,0,29,26.6,26.6,26,23,3
2026-01-27,R3,Coastal Kitchen,dinner,1,0,0,1,16.6,0.0,0,81,71.4,71.4,80,61,19
2026-01-27,R3,Coastal Kitchen,lunch,1,0,0,1,16.6,0.0,0,49,47.4,47.4,49,38,11
2026-01-27,R4,Urban Tandoor,dinner,1,0,0,1,15.5,0.0,0,52,48.4,48.4,46,40,6
2026-01-27,R4,Urban Tandoor,lunch,1,0,0,1,15.5,0.0,0,31,33.0,33.0,29,24,5
2026-01-27,R5,Campus Canteen,dinner,1,0,0,1,14.5,0.0,0,97,93.3,93.3,85,75,10
2026-01-27,R5,Campus Canteen,lunch,1,0,0,1,14.5,0.0,0,65,59.3,59.3,55,50,5
2026-01-28,R1,Spice Route Kitchen,dinner,2,0,0,1,19.8,0.0,0,51,62.3,62.3,71,56,15
2026-01-28,R1,Spice Route Kitchen,lunch,2,0,0,1,19.8,0.0,0,33,41.6,41.6,39,34,5
2026-01-28,R2,Green Leaf Cafe,dinner,2,0,0,1,19.4,3.8,0,31,39.0,39.0,42,35,7
2026-01-28,R2,Green Leaf Cafe,lunch,2,0,0,1,19.4,3.8,0,23,26.6,26.6,26,22,4
2026-01-28,R3,Coastal Kitchen,dinner,2,0,0,1,21.3,1.7,0,61,72.3,72.3,77,59,18
2026-01-28,R3,Coastal Kitchen,lunch,2,0,0,1,21.3,1.7,0,38,47.6,47.6,51,38,13
2026-01-28,R4,Urban Tandoor,dinner,2,0,0,1,14.8,2.7,0,40,48.3,48.3,46,41,5
2026-01-28,R4,Urban Tandoor,lunch,2,0,0,1,14.8,2.7,0,24,32.4,32.4,33,28,5
2026-01-28,R5,Campus Canteen,dinner,2,0,0,1,16.0,1.9,0,75,92.9,92.9,93,84,9
2026-01-28,R5,Campus Canteen,lunch,2,0,0,1,16.0,1.9,0,50,59.1,59.1,53,51,2
2026-01-29,R1,Spice Route Kitchen,dinner,3,0,0,1,19.3,0.0,0,56,62.3,62.3,63,54,9
2026-01-29,R1,Spice Route Kitchen,lunch,3,0,0,1,19.3,0.0,0,34,41.4,41.4,48,39,9
2026-01-29,R2,Green Leaf Cafe,dinner,3,0,0,1,17.9,6.3,0,35,39.7,39.7,47,38,9
2026-01-29,R2,Green Leaf Cafe,lunch,3,0,0,1,17.9,6.3,0,22,26.7,26.7,27,23,4
2026-01-29,R3,Coastal Kitchen,dinner,3,0,0,1,18.5,0.5,0,59,73.0,73.0,92,67,25
2026-01-29,R3,Coastal Kitchen,lunch,3,0,0,1,18.5,0.5,0,38,47.1,47.1,62,46,16
2026-01-29,R4,Urban Tandoor,dinner,3,0,0,1,15.9,0.4,0,41,48.0,48.0,53,43,10
2026-01-29,R4,Urban Tandoor,lunch,3,0,0,1,15.9,0.4,0,28,32.3,32.3,35,30,5
2026-01-29,R5,Campus Canteen,dinner,3,0,0,1,18.5,1.8,0,84,93.6,93.6,83,77,6
2026-01-29,R5,Campus Canteen,lunch,3,0,0,1,18.5,1.8,0,51,58.3,58.3,62,54,8
2026-01-30,R1,Spice Route Kitchen,dinner,4,0,0,1,17.5,3.6,0,54,61.7,61.7,86,69,17
2026-01-30,R1,Spice Route Kitchen,lunch,4,0,0,1,17.5,3.6,0,39,41.4,41.4,56,45,11
2026-01-30,R2,Green Leaf Cafe,dinner,4,0,0,1,19.6,0.5,0,38,40.1,40.1,50,42,8
2026-01-30,R2,Green Leaf Cafe,lunch,4,0,0,1,19.6,0.5,0,23,26.9,26.9,34,29,5
2026-01-30,R3,Coastal Kitchen,dinner,4,0,0,1,14.4,4.5,0,67,72.7,72.7,102,82,20
2026-01-30,R3,Coastal Kitchen,lunch,4,0,0,1,14.4,4.5,0,46,47.6,47.6,65,49,16
2026-01-30,R4,Urban Tandoor,dinner,4,0,0,1,13.9,0.4,0,43,47.9,47.9,57,50,7
2026-01-30,R4,Urban Tandoor,lunch,4,0,0,1,13.9,0.4,0,30,32.3,32.3,38,32,6
2026-01-30,R5,Campus Canteen,dinner,4,0,0,1,17.1,0.0,0,77,92.1,92.1,107,95,12
2026-01-30,R5,Campus Canteen,lunch,4,0,0,1,17.1,0.0,0,54,58.1,58.1,72,66,6
2026-01-31,R1,Spice Route Kitchen,dinner,5,1,0,1,16.0,0.0,0,69,62.3,62.3,82,71,11
2026-01-31,R1,Spice Route Kitchen,lunch,5,1,0,1,16.0,0.0,0,45,42.7,42.7,62,52,10
2026-01-31,R2,Green Leaf Cafe,dinner,5,1,0,1,17.5,0.0,0,42,40.3,40.3,57,47,10
2026-01-31,R2,Green Leaf Cafe,lunch,5,1,0,1,17.5,0.0,0,29,26.7,26.7,35,30,5
2026-01-31,R3,Coastal Kitchen,dinner,5,1,0,1,16.4,0.7,0,82,73.9,73.9,112,88,24
2026-01-31,R3,Coastal Kitchen,lunch,5,1,0,1,16.4,0.7,0,49,47.0,47.0,86,60,26
2026-01-31,R4,Urban Tandoor,dinner,5,1,0,1,20.0,3.2,0,50,47.6,47.6,71,58,13
2026-01-31,R4,Urban Tandoor,lunch,5,1,0,1,20.0,3.2,0,32,31.4,31.4,43,36,7
2026-01-31,R5,Campus Canteen,dinner,5,1,0,1,17.2,1.2,1,95,91.6,91.6,164,144,20
2026-01-31,R5,Campus Canteen,lunch,5,1,0,1,17.2,1.2,1,66,59.3,59.3,94,90,4
2026-02-01,R1,Spice Route Kitchen,dinner,6,1,0,2,21.0,2.9,0,71,61.7,61.7,82,67,15
2026-02-01,R1,Spice Route Kitchen,lunch,6,1,0,2,21.0,2.9,0,52,43.1,43.1,60,48,12
2026-02-01,R2,Green Leaf Cafe,dinner,6,1,0,2,17.0,0.6,0,47,40.0,40.0,55,47,8
2026-02-01,R2,Green Leaf Cafe,lunch,6,1,0,2,17.0,0.6,0,30,26.7,26.7,36,30,6
2026-02-01,R3,Coastal Kitchen,dinner,6,1,0,2,14.9,0.0,0,88,74.1,74.1,106,77,29
2026-02-01,R3,Coastal Kitchen,lunch,6,1,0,2,14.9,0.0,0,60,48.1,48.1,72,54,18
2026-02-01,R4,Urban Tandoor,dinner,6,1,0,2,18.7,1.3,0,58,47.9,47.9,70,58,12
2026-02-01,R4,Urban Tandoor,lunch,6,1,0,2,18.7,1.3,0,36,31.1,31.1,42,37,5
2026-02-01,R5,Campus Canteen,dinner,6,1,0,2,16.8,4.1,0,144,96.6,96.6,116,107,9
2026-02-01,R5,Campus Canteen,lunch,6,1,0,2,16.8,4.1,0,90,62.0,62.0,84,73,11
2026-02-02,R1,Spice Route Kitchen,dinner,0,0,0,2,16.8,8.3,0,67,61.4,61.4,53,42,11
2026-02-02,R1,Spice Route Kitchen,lunch,0,0,0,2,16.8,8.3,0,48,43.0,43.0,36,29,7
2026-02-02,R2,Green Leaf Cafe,dinner,0,0,0,2,18.8,0.0,0,47,40.4,40.4,39,33,6
2026-02-02,R2,Green Leaf Cafe,lunch,0,0,0,2,18.8,0.0,0,30,26.6,26.6,26,22,4
2026-02-02,R3,Coastal Kitchen,dinner,0,0,0,2,16.1,0.0,0,77,73.6,73.6,84,62,22
2026-02-02,R3,Coastal Kitchen,lunch,0,0,0,2,16.1,0.0,0,54,47.7,47.7,58,43,15
2026-02-02,R4,Urban Tandoor,dinner,0,0,0,2,16.0,2.8,0,58,48.9,48.9,48,40,8
2026-02-02,R4,Urban Tandoor,lunch,0,0,0,2,16.0,2.8,0,37,31.1,31.1,33,27,6
2026-02-02,R5,Campus Canteen,dinner,0,0,0,2,17.6,4.1,0,107,97.0,97.0,94,86,8
2026-02-02,R5,Campus Canteen,lunch,0,0,0,2,17.6,4.1,0,73,64.1,64.1,57,53,4
2026-02-03,R1,Spice Route Kitchen,dinner,1,0,0,2,16.4,1.9,0,42,58.6,58.6,63,51,12
2026-02-03,R1,Spice Route Kitchen,lunch,1,0,0,2,16.4,1.9,0,29,40.0,40.0,43,35,8
2026-02-03,R2,Green Leaf Cafe,dinner,1,0,0,2,17.1,0.0,0,33,39.0,39.0,33,30,3
2026-02-03,R2,Green Leaf Cafe,lunch,1,0,0,2,17.1,0.0,0,22,25.6,25.6,28,25,3
2026-02-03,R3,Coastal Kitchen,dinner,1,0,0,2,16.4,3.2,0,62,70.9,70.9,75,56,19
2026-02-03,R3,Coastal Kitchen,lunch,1,0,0,2,16.4,3.2,0,43,46.9,46.9,53,43,10
2026-02-03,R4,Urban Tandoor,dinner,1,0,0,2,14.7,0.4,0,40,47.1,47.1,49,40,9
2026-02-03,R4,Urban Tandoor,lunch,1,0,0,2,14.7,0.4,0,27,30.6,30.6,33,30,3
2026-02-03,R5,Campus Canteen,dinner,1,0,0,2,13.7,0.0,0,86,95.4,95.4,79,74,5
2026-02-03,R5,Campus Canteen,lunch,1,0,0,2,13.7,0.0,0,53,62.4,62.4,57,47,10
2026-02-04,R1,Spice Route Kitchen,dinner,2,0,0,2,16.7,0.0,0,51,58.6,58.6,65,51,14
2026-02-04,R1,Spice Route Kitchen,lunch,2,0,0,2,16.7,0.0,0,35,40.3,40.3,42,35,7
2026-02-04,R2,Green Leaf Cafe,dinner,2,0,0,2,17.6,3.1,0,30,38.9,38.9,37,32,5
2026-02-04,R2,Green Leaf Cafe,lunch,2,0,0,2,17.6,3.1,0,25,25.9,25.9,26,23,3
2026-02-04,R3,Coastal Kitchen,dinner,2,0,0,2,12.5,1.9,0,56,70.1,70.1,73,57,16
2026-02-04,R3,Coastal Kitchen,lunch,2,0,0,2,12.5,1.9,0,43,47.6,47.6,51,40,11
2026-02-04,R4,Urban Tandoor,dinner,2,0,0,2,17.4,0.0,0,40,47.1,47.1,46,40,6
2026-02-04,R4,Urban Tandoor,lunch,2,0,0,2,17.4,0.0,0,30,31.4,31.4,29,26,3
2026-02-04,R5,Campus Canteen,dinner,2,0,0,2,17.9,0.0,0,74,95.3,95.3,88,73,15
2026-02-04,R5,Campus Canteen,lunch,2,0,0,2,17.9,0.0,0,47,62.0,62.0,56,49,7
2026-02-05,R1,Spice Route Kitchen,dinner,3,0,0,2,19.3,2.1,0,51,57.9,57.9,68,54,14
2026-02-05,R1,Spice Route Kitchen,lunch,3,0,0,2,19.3,2.1,0,35,40.4,40.4,46,38,8
2026-02-05,R2,Green Leaf Cafe,dinner,3,0,0,2,17.9,0.0,0,32,38.4,38.4,41,35,6
2026-02-05,R2,Green Leaf Cafe,lunch,3,0,0,2,17.9,0.0,0,23,26.0,26.0,26,22,4
2026-02-05,R3,Coastal Kitchen,dinner,3,0,0,2,17.0,0.0,0,57,69.9,69.9,91,71,20
2026-02-05,R3,Coastal Kitchen,lunch,3,0,0,2,17.0,0.0,0,40,47.9,47.9,54,42,12
2026-02-05,R4,Urban Tandoor,dinner,3,0,0,2,18.2,0.0,0,40,47.0,47.0,48,42,6
2026-02-05,R4,Urban Tandoor,lunch,3,0,0,2,18.2,0.0,0,26,31.1,31.1,33,28,5
2026-02-05,R5,Campus Canteen,dinner,3,0,0,2,19.0,0.0,0,73,93.7,93.7,91,78,13
2026-02-05,R5,Campus Canteen,lunch,3,0,0,2,19.0,0.0,0,49,61.7,61.7,57,53,4
2026-02-06,R1,Spice Route Kitchen,dinner,4,0,0,2,19.8,0.0,0,54,57.9,57.9,71,58,13
2026-02-06,R1,Spice Route Kitchen,lunch,4,0,0,2,19.8,0.0,0,38,40.3,40.3,56,44,12
2026-02-06,R2,Green Leaf Cafe,dinner,4,0,0,2,14.4,0.0,0,35,38.0,38.0,43,37,6
2026-02-06,R2,Green Leaf Cafe,lunch,4,0,0,2,14.4,0.0,0,22,25.9,25.9,27,23,4
2026-02-06,R3,Coastal Kitchen,dinner,4,0,0,2,18.8,0.0,0,71,70.4,70.4,92,70,22
2026-02-06,R3,Coastal Kitchen,lunch,4,0,0,2,18.8,0.0,0,42,47.3,47.3,56,45,11
2026-02-06,R4,Urban Tandoor,dinner,4,0,0,2,18.3,3.6,0,42,46.9,46.9,53,45,8
2026-02-06,R4,Urban Tandoor,lunch,4,0,0,2,18.3,3.6,0,28,30.9,30.9,39,33,6
2026-02-06,R5,Campus Canteen,dinner,4,0,0,2,17.0,0.0,0,78,93.9,93.9,111,96,15
2026-02-06,R5,Campus Canteen,lunch,4,0,0,2,17.0,0.0,0,53,61.6,61.6,76,68,8
2026-02-07,R1,Spice Route Kitchen,dinner,5,1,0,2,15.5,0.0,0,58,56.3,56.3,89,74,15
2026-02-07,R1,Spice Route Kitchen,lunch,5,1,0,2,15.5,0.0,0,44,40.1,40.1,58,48,10
2026-02-07,R2,Green Leaf Cafe,dinner,5,1,0,2,16.4,3.5,0,37,37.3,37.3,49,42,7
2026-02-07,R2,Green Leaf Cafe,lunch,5,1,0,2,16.4,3.5,0,23,25.0,25.0,32,27,5
2026-02-07,R3,Coastal Kitchen,dinner,5,1,0,2,20.4,0.0,0,70,68.7,68.7,117,91,26
2026-02-07,R3,Coastal Kitchen,lunch,5,1,0,2,20.4,0.0,0,45,46.7,46.7,68,53,15
2026-02-07,R4,Urban Tandoor,dinner,5,1,0,2,17.4,0.0,0,45,46.1,46.1,72,62,10
2026-02-07,R4,Urban Tandoor,lunch,5,1,0,2,17.4,0.0,0,33,31.0,31.0,46,38,8
2026-02-07,R5,Campus Canteen,dinner,5,1,0,2,16.7,2.3,0,96,94.0,94.0,123,108,15
2026-02-07,R5,Campus Canteen,lunch,5,1,0,2,16.7,2.3,0,68,61.9,61.9,83,75,8
2026-02-08,R1,Spice Route Kitchen,dinner,6,1,0,2,15.4,2.7,0,74,56.7,56.7,87,70,17
2026-02-08,R1,Spice Route Kitchen,lunch,6,1,0,2,15.4,2.7,0,48,39.6,39.6,56,48,8
2026-02-08,R2,Green Leaf Cafe,dinner,6,1,0,2,17.9,0.8,0,42,36.6,36.6,53,46,7
2026-02-08,R2,Green Leaf Cafe,lunch,6,1,0,2,17.9,0.8,0,27,24.6,24.6,33,30,3
2026-02-08,R3,Coastal Kitchen,dinner,6,1,0,2,18.2,4.8,0,91,69.1,69.1,99,75,24
2026-02-08,R3,Coastal Kitchen,lunch,6,1,0,2,18.2,4.8,0,53,45.7,45.7,66,50,16
2026-02-08,R4,Urban Tandoor,dinner,6,1,0,2,17.3,0.0,0,62,46.7,46.7,65,56,9
2026-02-08,R4,Urban Tandoor,lunch,6,1,0,2,17.3,0.0,0,38,31.3,31.3,43,36,7
2026-02-08,R5,Campus Canteen,dinner,6,1,0,2,19.8,0.0,0,108,88.9,88.9,108,98,10
2026-02-08,R5,Campus Canteen,lunch,6,1,0,2,19.8,0.0,0,75,59.7,59.7,84,74,10
2026-02-09,R1,Spice Route Kitchen,dinner,0,0,0,2,16.4,0.4,0,70,57.1,57.1,62,47,15
2026-02-09,R1,Spice Route Kitchen,lunch,0,0,0,2,16.4,0.4,0,48,39.6,39.6,50,39,11
2026-02-09,R2,Green Leaf Cafe,dinner,0,0,0,2,15.7,5.2,0,46,36.4,36.4,36,32,4
2026-02-09,R2,Green Leaf Cafe,lunch,0,0,0,2,15.7,5.2,0,30,24.6,24.6,29,25,4
2026-02-09,R3,Coastal Kitchen,dinner,0,0,0,2,19.5,0.0,0,75,68.9,68.9,84,64,20
2026-02-09,R3,Coastal Kitchen,lunch,0,0,0,2,19.5,0.0,0,50,45.1,45.1,53,40,13
2026-02-09,R4,Urban Tandoor,dinner,0,0,0,2,21.2,0.4,0,56,46.4,46.4,49,40,9
2026-02-09,R4,Urban Tandoor,lunch,0,0,0,2,21.2,0.4,0,36,31.1,31.1,33,27,6
2026-02-09,R5,Campus Canteen,dinner,0,0,0,2,20.5,0.7,0,98,87.6,87.6,89,77,12
2026-02-09,R5,Campus Canteen,lunch,0,0,0,2,20.5,0.7,0,74,59.9,59.9,59,52,7
2026-02-10,R1,Spice Route Kitchen,dinner,1,0,0,2,16.8,3.3,0,47,57.9,57.9,63,51,12
2026-02-10,R1,Spice Route Kitchen,lunch,1,0,0,2,16.8,3.3,0,39,41.0,41.0,40,32,8
2026-02-10,R2,Green Leaf Cafe,dinner,1,0,0,2,18.8,5.0,0,32,36.3,36.3,39,32,7
2026-02-10,R2,Green Leaf Cafe,lunch,1,0,0,2,18.8,5.0,0,25,25.0,25.0,25,22,3
2026-02-10,R3,Coastal Kitchen,dinner,1,0,0,2,18.0,3.2,0,64,69.1,69.1,75,59,16
2026-02-10,R3,Coastal Kitchen,lunch,1,0,0,2,18.0,3.2,0,40,44.7,44.7,43,36,7
2026-02-10,R4,Urban Tandoor,dinner,1,0,0,2,17.4,0.0,0,40,46.4,46.4,48,41,7
2026-02-10,R4,Urban Tandoor,lunch,1,0,0,2,17.4,0.0,0,27,31.1,31.1,31,26,5
2026-02-10,R5,Campus Canteen,dinner,1,0,0,2,21.1,2.0,0,77,86.3,86.3,93,80,13
2026-02-10,R5,Campus Canteen,lunch,1,0,0,2,21.1,2.0,0,52,59.7,59.7,58,50,8
2026-02-11,R1,Spice Route Kitchen,dinner,2,0,0,2,19.2,4.0,0,51,57.9,57.9,68,55,13
2026-02-11,R1,Spice Route Kitchen,lunch,2,0,0,2,19.2,4.0,0,32,40.6,40.6,44,35,9
2026-02-11,R2,Green Leaf Cafe,dinner,2,0,0,2,18.7,0.0,0,32,36.6,36.6,38,32,6
2026-02-11,R2,Green Leaf Cafe,lunch,2,0,0,2,18.7,0.0,0,22,24.6,24.6,24,22,2
2026-02-11,R3,Coastal Kitchen,dinner,2,0,0,2,19.5,0.0,0,59,69.6,69.6,80,63,17
2026-02-11,R3,Coastal Kitchen,lunch,2,0,0,2,19.5,0.0,0,36,43.7,43.7,53,42,11
2026-02-11,R4,Urban Tandoor,dinner,2,0,0,2,18.6,0.0,0,41,46.6,46.6,51,43,8
2026-02-11,R4,Urban Tandoor,lunch,2,0,0,2,18.6,0.0,0,26,30.6,30.6,36,31,5
2026-02-11,R5,Campus Canteen,dinner,2,0,0,2,20.6,2.3,0,80,87.1,87.1,85,77,8
2026-02-11,R5,Campus Canteen,lunch,2,0,0,2,20.6,2.3,0,50,60.1,60.1,56,50,6
2026-02-12,R1,Spice Route Kitchen,dinner,3,0,0,2,17.5,0.0,0,55,58.4,58.4,71,59,12
2026-02-12,R1,Spice Route Kitchen,lunch,3,0,0,2,17.5,0.0,0,35,40.6,40.6,44,35,9
2026-02-12,R2,Green Leaf Cafe,dinner,3,0,0,2,18.5,2.5,0,32,36.6,36.6,39,34,5
2026-02-12,R2,Green Leaf Cafe,lunch,3,0,0,2,18.5,2.5,0,22,24.4,24.4,28,24,4
2026-02-12,R3,Coastal Kitchen,dinner,3,0,0,2,18.8,2.2,0,63,70.4,70.4,82,62,20
2026-02-12,R3,Coastal Kitchen,lunch,3,0,0,2,18.8,2.2,0,42,44.0,44.0,54,43,11
2026-02-12,R4,Urban Tandoor,dinner,3,0,0,2,18.9,0.0,0,43,47.0,47.0,50,41,9
2026-02-12,R4,Urban Tandoor,lunch,3,0,0,2,18.9,0.0,0,31,31.3,31.3,35,30,5
2026-02-12,R5,Campus Canteen,dinner,3,0,0,2,14.9,4.5,0,77,87.7,87.7,92,85,7
2026-02-12,R5,Campus Canteen,lunch,3,0,0,2,14.9,4.5,0,50,60.3,60.3,59,55,4
2026-02-13,R1,Spice Route Kitchen,dinner,4,0,0,2,21.9,4.5,0,59,59.1,59.1,80,65,15
2026-02-13,R1,Spice Route Kitchen,lunch,4,0,0,2,21.9,4.5,0,35,40.1,40.1,53,42,11
2026-02-13,R2,Green Leaf Cafe,dinner,4,0,0,2,18.0,0.0,0,34,36.4,36.4,43,39,4
2026-02-13,R2,Green Leaf Cafe,lunch,4,0,0,2,18.0,0.0,0,24,24.7,24.7,32,28,4
2026-02-13,R3,Coastal Kitchen,dinner,4,0,0,2,17.0,0.0,0,62,69.1,69.1,89,67,22
2026-02-13,R3,Coastal Kitchen,lunch,4,0,0,2,17.0,0.0,0,43,44.1,44.1,63,50,13
2026-02-13,R4,Urban Tandoor,dinner,4,0,0,2,19.2,0.0,0,41,46.9,46.9,58,49,9
2026-02-13,R4,Urban Tandoor,lunch,4,0,0,2,19.2,0.0,0,30,31.6,31.6,38,31,7
2026-02-13,R5,Campus Canteen,dinner,4,0,0,2,16.7,1.0,0,85,88.7,88.7,111,101,10
2026-02-13,R5,Campus Canteen,lunch,4,0,0,2,16.7,1.0,0,55,60.6,60.6,70,62,8
2026-02-14,R1,Spice Route Kitchen,dinner,5,1,0,2,18.5,0.0,0,65,60.1,60.1,104,88,16
2026-02-14,R1,Spice Route Kitchen,lunch,5,1,0,2,18.5,0.0,0,42,39.9,39.9,61,51,10
2026-02-14,R2,Green Leaf Cafe,dinner,5,1,0,2,19.6,5.2,0,39,36.7,36.7,55,47,8
2026-02-14,R2,Green Leaf Cafe,lunch,5,1,0,2,19.6,5.2,0,28,25.4,25.4,33,29,4
2026-02-14,R3,Coastal Kitchen,dinner,5,1,0,2,21.1,0.0,0,67,68.7,68.7,106,84,22
2026-02-14,R3,Coastal Kitchen,lunch,5,1,0,2,21.1,0.0,0,50,44.9,44.9,81,61,20
2026-02-14,R4,Urban Tandoor,dinner,5,1,0,2,18.0,0.0,0,49,47.4,47.4,71,60,11
2026-02-14,R4,Urban Tandoor,lunch,5,1,0,2,18.0,0.0,0,31,31.3,31.3,51,43,8
2026-02-14,R5,Campus Canteen,dinner,5,1,0,2,17.2,0.5,0,101,89.4,89.4,124,107,17
2026-02-14,R5,Campus Canteen,lunch,5,1,0,2,17.2,0.5,0,62,59.7,59.7,86,79,7
2026-02-15,R1,Spice Route Kitchen,dinner,6,1,0,2,16.8,1.9,0,88,62.1,62.1,73,61,12
2026-02-15,R1,Spice Route Kitchen,lunch,6,1,0,2,16.8,1.9,0,51,40.3,40.3,57,46,11
2026-02-15,R2,Green Leaf Cafe,dinner,6,1,0,2,20.5,0.0,0,47,37.4,37.4,50,43,7
2026-02-15,R2,Green Leaf Cafe,lunch,6,1,0,2,20.5,0.0,0,29,25.7,25.7,30,27,3
2026-02-15,R3,Coastal Kitchen,dinner,6,1,0,2,19.4,1.1,0,84,67.7,67.7,107,81,26
2026-02-15,R3,Coastal Kitchen,lunch,6,1,0,2,19.4,1.1,0,61,46.0,46.0,66,52,14
2026-02-15,R4,Urban Tandoor,dinner,6,1,0,2,22.7,0.0,0,60,47.1,47.1,66,53,13
2026-02-15,R4,Urban Tandoor,lunch,6,1,0,2,22.7,0.0,0,43,32.0,32.0,38,34,4
2026-02-15,R5,Campus Canteen,dinner,6,1,0,2,23.2,0.0,0,107,89.3,89.3,109,96,13
2026-02-15,R5,Campus Canteen,lunch,6,1,0,2,23.2,0.0,0,79,60.3,60.3,76,69,7
2026-02-16,R1,Spice Route Kitchen,dinner,0,0,0,2,17.3,0.0,1,61,60.9,60.9,82,69,13
2026-02-16,R1,Spice Route Kitchen,lunch,0,0,0,2,17.3,0.0,1,46,40.0,40.0,48,41,7
2026-02-16,R2,Green Leaf Cafe,dinner,0,0,0,2,16.1,2.5,0,43,37.0,37.0,37,31,6
2026-02-16,R2,Green Leaf Cafe,lunch,0,0,0,2,16.1,2.5,0,27,25.3,25.3,25,22,3
2026-02-16,R3,Coastal Kitchen,dinner,0,0,0,2,19.8,0.7,0,81,68.6,68.6,78,58,20
2026-02-16,R3,Coastal Kitchen,lunch,0,0,0,2,19.8,0.7,0,52,46.3,46.3,53,39,14
2026-02-16,R4,Urban Tandoor,dinner,0,0,0,2,18.1,2.8,0,53,46.7,46.7,43,37,6
2026-02-16,R4,Urban Tandoor,lunch,0,0,0,2,18.1,2.8,0,34,31.7,31.7,33,28,5
2026-02-16,R5,Campus Canteen,dinner,0,0,0,2,22.5,0.0,0,96,89.0,89.0,96,85,11
2026-02-16,R5,Campus Canteen,lunch,0,0,0,2,22.5,0.0,0,69,59.6,59.6,56,50,6
2026-02-17,R1,Spice Route Kitchen,dinner,1,0,0,2,20.4,1.3,0,69,64.0,64.0,63,51,12
2026-02-17,R1,Spice Route Kitchen,lunch,1,0,0,2,20.4,1.3,0,41,40.3,40.3,45,36,9
2026-02-17,R2,Green Leaf Cafe,dinner,1,0,0,2,16.5,3.6,0,31,36.9,36.9,38,32,6
2026-02-17,R2,Green Leaf Cafe,lunch,1,0,0,2,16.5,3.6,0,22,24.9,24.9,23,21,2
2026-02-17,R3,Coastal Kitchen,dinner,1,0,0,2,22.0,0.0,0,58,67.7,67.7,78,58,20
2026-02-17,R3,Coastal Kitchen,lunch,1,0,0,2,22.0,0.0,0,39,46.1,46.1,52,41,11
2026-02-17,R4,Urban Tandoor,dinner,1,0,0,2,21.4,0.6,0,37,46.3,46.3,49,39,10
2026-02-17,R4,Urban Tandoor,lunch,1,0,0,2,21.4,0.6,0,28,31.9,31.9,34,27,7
2026-02-17,R5,Campus Canteen,dinner,1,0,0,2,19.0,2.6,0,85,90.1,90.1,85,80,5
2026-02-17,R5,Campus Canteen,lunch,1,0,0,2,19.0,2.6,0,50,59.3,59.3,58,52,6
2026-02-18,R1,Spice Route Kitchen,dinner,2,0,0,2,20.7,0.8,0,51,64.0,64.0,66,54,12
2026-02-18,R1,Spice Route Kitchen,lunch,2,0,0,2,20.7,0.8,0,36,40.9,40.9,41,35,6
2026-02-18,R2,Green Leaf Cafe,dinner,2,0,0,2,17.0,1.9,0,32,36.9,36.9,34,29,5
2026-02-18,R2,Green Leaf Cafe,lunch,2,0,0,2,17.0,1.9,0,21,24.7,24.7,25,21,4
2026-02-18,R3,Coastal Kitchen,dinner,2,0,0,2,21.6,0.0,0,58,67.6,67.6,92,70,22
2026-02-18,R3,Coastal Kitchen,lunch,2,0,0,2,21.6,0.0,0,41,46.9,46.9,53,41,12
2026-02-18,R4,Urban Tandoor,dinner,2,0,0,2,20.0,5.5,0,39,46.0,46.0,52,42,10
2026-02-18,R4,Urban Tandoor,lunch,2,0,0,2,20.0,5.5,0,27,32.0,32.0,33,28,5
2026-02-18,R5,Campus Canteen,dinner,2,0,0,2,17.7,0.0,0,80,90.1,90.1,85,73,12
2026-02-18,R5,Campus Canteen,lunch,2,0,0,2,17.7,0.0,0,52,59.6,59.6,52,47,5
2026-02-19,R1,Spice Route Kitchen,dinner,3,0,0,2,18.5,0.0,0,54,63.9,63.9,66,52,14
2026-02-19,R1,Spice Route Kitchen,lunch,3,0,0,2,18.5,0.0,0,35,40.9,40.9,48,39,9
2026-02-19,R2,Green Leaf Cafe,dinner,3,0,0,2,23.1,4.7,0,29,36.4,36.4,40,34,6
2026-02-19,R2,Green Leaf Cafe,lunch,3,0,0,2,23.1,4.7,0,21,24.6,24.6,26,23,3
2026-02-19,R3,Coastal Kitchen,dinner,3,0,0,2,19.7,4.0,0,70,68.6,68.6,84,62,22
2026-02-19,R3,Coastal Kitchen,lunch,3,0,0,2,19.7,4.0,0,41,46.7,46.7,56,45,11
2026-02-19,R4,Urban Tandoor,dinner,3,0,0,2,20.6,4.1,0,42,45.9,45.9,51,44,7
2026-02-19,R4,Urban Tandoor,lunch,3,0,0,2,20.6,4.1,0,28,31.6,31.6,33,28,5
2026-02-19,R5,Campus Canteen,dinner,3,0,0,2,17.9,0.0,1,73,89.6,89.6,128,110,18
2026-02-19,R5,Campus Canteen,lunch,3,0,0,2,17.9,0.0,1,47,59.1,59.1,90,81,9
2026-02-20,R1,Spice Route Kitchen,dinner,4,0,0,2,18.9,0.0,0,52,62.9,62.9,83,66,17
2026-02-20,R1,Spice Route Kitchen,lunch,4,0,0,2,18.9,0.0,0,39,41.4,41.4,51,42,9
2026-02-20,R2,Green Leaf Cafe,dinner,4,0,0,2,18.4,2.7,0,34,36.4,36.4,45,38,7
2026-02-20,R2,Green Leaf Cafe,lunch,4,0,0,2,18.4,2.7,0,23,24.4,24.4,30,27,3
2026-02-20,R3,Coastal Kitchen,dinner,4,0,0,2,23.2,0.0,0,62,68.6,68.6,100,75,25
2026-02-20,R3,Coastal Kitchen,lunch,4,0,0,2,23.2,0.0,0,45,47.0,47.0,67,52,15
2026-02-20,R4,Urban Tandoor,dinner,4,0,0,2,18.1,4.0,0,44,46.3,46.3,65,54,11
2026-02-20,R4,Urban Tandoor,lunch,4,0,0,2,18.1,4.0,0,28,31.3,31.3,44,37,7
2026-02-20,R5,Campus Canteen,dinner,4,0,0,2,21.8,1.7,0,110,93.1,93.1,109,93,16
2026-02-20,R5,Campus Canteen,lunch,4,0,0,2,21.8,1.7,0,81,62.9,62.9,71,66,5
2026-02-21,R1,Spice Route Kitchen,dinner,5,1,0,2,20.2,0.0,0,66,63.0,63.0,84,74,10
2026-02-21,R1,Spice Route Kitchen,lunch,5,1,0,2,20.2,0.0,0,42,41.4,41.4,62,48,14
2026-02-21,R2,Green Leaf Cafe,dinner,5,1,0,2,20.0,3.0,0,38,36.3,36.3,51,45,6
2026-02-21,R2,Green Leaf Cafe,lunch,5,1,0,2,20.0,3.0,0,27,24.3,24.3,37,33,4
2026-02-21,R3,Coastal Kitchen,dinner,5,1,0,2,19.1,0.0,0,75,69.7,69.7,105,84,21
2026-02-21,R3,Coastal Kitchen,lunch,5,1,0,2,19.1,0.0,0,52,47.3,47.3,70,57,13
2026-02-21,R4,Urban Tandoor,dinner,5,1,0,2,18.5,1.5,0,54,47.0,47.0,73,61,12
2026-02-21,R4,Urban Tandoor,lunch,5,1,0,2,18.5,1.5,0,37,32.1,32.1,48,40,8
2026-02-21,R5,Campus Canteen,dinner,5,1,0,2,22.8,1.7,0,93,92.0,92.0,117,108,9
2026-02-21,R5,Campus Canteen,lunch,5,1,0,2,22.8,1.7,0,66,63.4,63.4,74,68,6
2026-02-22,R1,Spice Route Kitchen,dinner,6,1,0,2,21.0,6.2,0,74,61.0,61.0,86,72,14
2026-02-22,R1,Spice Route Kitchen,lunch,6,1,0,2,21.0,6.2,0,48,41.0,41.0,60,51,9
2026-02-22,R2,Green Leaf Cafe,dinner,6,1,0,2,17.9,6.4,0,45,36.0,36.0,46,40,6
2026-02-22,R2,Green Leaf Cafe,lunch,6,1,0,2,17.9,6.4,0,33,24.9,24.9,34,30,4
2026-02-22,R3,Coastal Kitchen,dinner,6,1,0,2,23.6,6.9,0,84,69.7,69.7,102,80,22
2026-02-22,R3,Coastal Kitchen,lunch,6,1,0,2,23.6,6.9,0,57,46.7,46.7,62,49,13
2026-02-22,R4,Urban Tandoor,dinner,6,1,0,2,20.7,2.0,0,61,47.1,47.1,62,53,9
2026-02-22,R4,Urban Tandoor,lunch,6,1,0,2,20.7,2.0,0,40,31.7,31.7,39,33,6
2026-02-22,R5,Campus Canteen,dinner,6,1,0,2,19.8,5.7,0,108,92.1,92.1,98,91,7
2026-02-22,R5,Campus Canteen,lunch,6,1,0,2,19.8,5.7,0,68,61.9,61.9,74,68,6
2026-02-23,R1,Spice Route Kitchen,dinner,0,0,0,2,20.9,0.0,0,72,62.6,62.6,68,55,13
2026-02-23,R1,Spice Route Kitchen,lunch,0,0,0,2,20.9,0.0,0,51,41.7,41.7,42,34,8
2026-02-23,R2,Green Leaf Cafe,dinner,0,0,0,2,22.7,0.0,0,40,35.6,35.6,42,36,6
2026-02-23,R2,Green Leaf Cafe,lunch,0,0,0,2,22.7,0.0,0,30,25.3,25.3,26,22,4
2026-02-23,R3,Coastal Kitchen,dinner,0,0,0,2,19.8,5.8,0,80,69.6,69.6,76,65,11
2026-02-23,R3,Coastal Kitchen,lunch,0,0,0,2,19.8,5.8,0,49,46.3,46.3,50,40,10
2026-02-23,R4,Urban Tandoor,dinner,0,0,0,2,23.1,0.0,0,53,47.1,47.1,44,37,7
2026-02-23,R4,Urban Tandoor,lunch,0,0,0,2,23.1,0.0,0,33,31.6,31.6,33,29,4
2026-02-23,R5,Campus Canteen,dinner,0,0,0,2,17.1,0.6,0,91,91.4,91.4,100,84,16
2026-02-23,R5,Campus Canteen,lunch,0,0,0,2,17.1,0.6,0,68,61.7,61.7,55,49,6
2026-02-24,R1,Spice Route Kitchen,dinner,1,0,0,2,17.9,0.0,0,55,60.6,60.6,65,55,10
2026-02-24,R1,Spice Route Kitchen,lunch,1,0,0,2,17.9,0.0,0,34,40.7,40.7,45,36,9
2026-02-24,R2,Green Leaf Cafe,dinner,1,0,0,2,21.9,2.6,0,36,36.3,36.3,35,30,5
2026-02-24,R2,Green Leaf Cafe,lunch,1,0,0,2,21.9,2.6,0,22,25.3,25.3,23,20,3
2026-02-24,R3,Coastal Kitchen,dinner,1,0,0,2,19.7,0.3,0,65,70.6,70.6,75,54,21
2026-02-24,R3,Coastal Kitchen,lunch,1,0,0,2,19.7,0.3,0,40,46.4,46.4,56,42,14
2026-02-24,R4,Urban Tandoor,dinner,1,0,0,2,20.9,1.8,0,37,47.1,47.1,45,40,5
2026-02-24,R4,Urban Tandoor,lunch,1,0,0,2,20.9,1.8,0,29,31.7,31.7,28,25,3
2026-02-24,R5,Campus Canteen,dinner,1,0,0,2,22.2,0.0,0,84,91.3,91.3,91,82,9
2026-02-24,R5,Campus Canteen,lunch,1,0,0,2,22.2,0.0,0,49,61.6,61.6,57,54,3
2026-02-25,R1,Spice Route Kitchen,dinner,2,0,0,2,15.3,0.0,0,55,61.1,61.1,74,58,16
2026-02-25,R1,Spice Route Kitchen,lunch,2,0,0,2,15.3,0.0,0,36,40.7,40.7,41,34,7
2026-02-25,R2,Green Leaf Cafe,dinner,2,0,0,2,21.4,0.6,0,30,36.0,36.0,41,38,3
2026-02-25,R2,Green Leaf Cafe,lunch,2,0,0,2,21.4,0.6,0,20,25.1,25.1,28,25,3
2026-02-25,R3,Coastal Kitchen,dinner,2,0,0,2,17.9,4.3,0,54,70.0,70.0,80,61,19
2026-02-25,R3,Coastal Kitchen,lunch,2,0,0,2,17.9,4.3,0,42,46.6,46.6,51,40,11
2026-02-25,R4,Urban Tandoor,dinner,2,0,0,2,21.4,0.0,0,40,47.3,47.3,50,43,7
2026-02-25,R4,Urban Tandoor,lunch,2,0,0,2,21.4,0.0,0,25,31.4,31.4,34,28,6
2026-02-25,R5,Campus Canteen,dinner,2,0,0,2,19.7,0.0,0,82,91.6,91.6,91,81,10
2026-02-25,R5,Campus Canteen,lunch,2,0,0,2,19.7,0.0,0,54,61.9,61.9,54,49,5
2026-02-26,R1,Spice Route Kitchen,dinner,3,0,0,2,21.0,0.0,0,58,61.7,61.7,71,57,14
2026-02-26,R1,Spice Route Kitchen,lunch,3,0,0,2,21.0,0.0,0,34,40.6,40.6,48,37,11
2026-02-26,R2,Green Leaf Cafe,dinner,3,0,0,2,19.3,0.0,0,38,37.3,37.3,38,32,6
2026-02-26,R2,Green Leaf Cafe,lunch,3,0,0,2,19.3,0.0,0,25,25.7,25.7,24,22,2
2026-02-26,R3,Coastal Kitchen,dinner,3,0,0,2,19.1,0.0,0,61,68.7,68.7,77,60,17
2026-02-26,R3,Coastal Kitchen,lunch,3,0,0,2,19.1,0.0,0,40,46.4,46.4,50,40,10
2026-02-26,R4,Urban Tandoor,dinner,3,0,0,2,21.3,1.1,0,43,47.4,47.4,51,45,6
2026-02-26,R4,Urban Tandoor,lunch,3,0,0,2,21.3,1.1,0,28,31.4,31.4,36,30,6
2026-02-26,R5,Campus Canteen,dinner,3,0,0,2,21.7,0.0,0,81,92.7,92.7,96,84,12
2026-02-26,R5,Campus Canteen,lunch,3,0,0,2,21.7,0.0,0,49,62.1,62.1,67,58,9
2026-02-27,R1,Spice Route Kitchen,dinner,4,0,0,2,23.4,0.0,0,57,62.4,62.4,68,57,11
2026-02-27,R1,Spice Route Kitchen,lunch,4,0,0,2,23.4,0.0,0,37,40.3,40.3,48,43,5
2026-02-27,R2,Green Leaf Cafe,dinner,4,0,0,2,22.5,5.8,0,32,37.0,37.0,46,41,5
2026-02-27,R2,Green Leaf Cafe,lunch,4,0,0,2,22.5,5.8,0,22,25.6,25.6,31,28,3
2026-02-27,R3,Coastal Kitchen,dinner,4,0,0,2,22.0,0.8,0,60,68.4,68.4,101,76,25
2026-02-27,R3,Coastal Kitchen,lunch,4,0,0,2,22.0,0.8,0,40,45.7,45.7,58,44,14
2026-02-27,R4,Urban Tandoor,dinner,4,0,0,2,20.5,0.0,0,45,47.6,47.6,62,53,9
2026-02-27,R4,Urban Tandoor,lunch,4,0,0,2,20.5,0.0,0,30,31.7,31.7,36,32,4
2026-02-27,R5,Campus Canteen,dinner,4,0,0,2,22.8,8.4,0,84,89.0,89.0,90,81,9
2026-02-27,R5,Campus Canteen,lunch,4,0,0,2,22.8,8.4,0,58,58.9,58.9,59,54,5
2026-02-28,R1,Spice Route Kitchen,dinner,5,1,0,2,22.3,0.7,0,57,61.1,61.1,91,74,17
2026-02-28,R1,Spice Route Kitchen,lunch,5,1,0,2,22.3,0.7,0,43,40.4,40.4,65,55,10
2026-02-28,R2,Green Leaf Cafe,dinner,5,1,0,2,22.2,3.5,0,41,37.4,37.4,53,47,6
2026-02-28,R2,Green Leaf Cafe,lunch,5,1,0,2,22.2,3.5,0,28,25.7,25.7,35,30,5
2026-02-28,R3,Coastal Kitchen,dinner,5,1,0,2,22.7,0.0,0,76,68.6,68.6,101,76,25
2026-02-28,R3,Coastal Kitchen,lunch,5,1,0,2,22.7,0.0,0,44,44.6,44.6,72,55,17
2026-02-28,R4,Urban Tandoor,dinner,5,1,0,2,19.4,3.1,0,53,47.4,47.4,68,58,10
2026-02-28,R4,Urban Tandoor,lunch,5,1,0,2,19.4,3.1,0,32,31.0,31.0,49,41,8
2026-02-28,R5,Campus Canteen,dinner,5,1,0,2,22.3,0.0,0,81,87.3,87.3,118,108,10
2026-02-28,R5,Campus Canteen,lunch,5,1,0,2,22.3,0.0,0,54,57.1,57.1,71,67,4
2026-03-01,R1,Spice Route Kitchen,dinner,6,1,0,3,19.9,0.5,0,74,61.1,61.1,94,77,17
2026-03-01,R1,Spice Route Kitchen,lunch,6,1,0,3,19.9,0.5,0,55,41.4,41.4,59,49,10
2026-03-01,R2,Green Leaf Cafe,dinner,6,1,0,3,20.0,0.0,0,47,37.7,37.7,52,43,9
2026-03-01,R2,Green Leaf Cafe,lunch,6,1,0,3,20.0,0.0,0,30,25.3,25.3,34,29,5
2026-03-01,R3,Coastal Kitchen,dinner,6,1,0,3,21.4,0.0,0,76,67.4,67.4,127,95,32
2026-03-01,R3,Coastal Kitchen,lunch,6,1,0,3,21.4,0.0,0,55,44.3,44.3,71,52,19
2026-03-01,R4,Urban Tandoor,dinner,6,1,0,3,20.1,0.9,0,58,47.0,47.0,69,58,11
2026-03-01,R4,Urban Tandoor,lunch,6,1,0,3,20.1,0.9,0,41,31.1,31.1,42,35,7
2026-03-01,R5,Campus Canteen,dinner,6,1,0,3,18.9,0.0,0,108,87.3,87.3,109,98,11
2026-03-01,R5,Campus Canteen,lunch,6,1,0,3,18.9,0.0,0,67,57.0,57.0,74,67,7
2026-03-02,R1,Spice Route Kitchen,dinner,0,0,0,3,23.6,0.2,0,77,61.9,61.9,64,53,11
2026-03-02,R1,Spice Route Kitchen,lunch,0,0,0,3,23.6,0.2,0,49,41.1,41.1,41,34,7
2026-03-02,R2,Green Leaf Cafe,dinner,0,0,0,3,24.2,0.0,0,43,38.1,38.1,37,32,5
2026-03-02,R2,Green Leaf Cafe,lunch,0,0,0,3,24.2,0.0,0,29,25.1,25.1,25,22,3
2026-03-02,R3,Coastal Kitchen,dinner,0,0,0,3,20.4,2.3,0,95,69.6,69.6,81,60,21
2026-03-02,R3,Coastal Kitchen,lunch,0,0,0,3,20.4,2.3,0,52,44.7,44.7,48,38,10
2026-03-02,R4,Urban Tandoor,dinner,0,0,0,3,25.2,0.0,0,58,47.7,47.7,45,41,4
2026-03-02,R4,Urban Tandoor,lunch,0,0,0,3,25.2,0.0,0,35,31.4,31.4,33,29,4
2026-03-02,R5,Campus Canteen,dinner,0,0,0,3,23.6,4.8,0,98,88.3,88.3,90,80,10
2026-03-02,R5,Campus Canteen,lunch,0,0,0,3,23.6,4.8,0,67,56.9,56.9,58,52,6
2026-03-03,R1,Spice Route Kitchen,dinner,1,0,0,3,21.5,0.0,0,53,61.6,61.6,62,51,11
2026-03-03,R1,Spice Route Kitchen,lunch,1,0,0,3,21.5,0.0,0,34,41.1,41.1,43,34,9
2026-03-03,R2,Green Leaf Cafe,dinner,1,0,0,3,24.6,0.0,0,32,37.6,37.6,43,36,7
2026-03-03,R2,Green Leaf Cafe,lunch,1,0,0,3,24.6,0.0,0,22,25.1,25.1,24,21,3
2026-03-03,R3,Coastal Kitchen,dinner,1,0,0,3,18.5,0.0,0,60,68.9,68.9,76,54,22
2026-03-03,R3,Coastal Kitchen,lunch,1,0,0,3,18.5,0.0,0,38,44.4,44.4,54,40,14
2026-03-03,R4,Urban Tandoor,dinner,1,0,0,3,19.9,0.0,0,41,48.3,48.3,52,44,8
2026-03-03,R4,Urban Tandoor,lunch,1,0,0,3,19.9,0.0,0,29,31.4,31.4,31,26,5
2026-03-03,R5,Campus Canteen,dinner,1,0,0,3,24.4,0.0,0,80,87.7,87.7,77,71,6
2026-03-03,R5,Campus Canteen,lunch,1,0,0,3,24.4,0.0,0,52,57.3,57.3,58,51,7
2026-03-04,R1,Spice Route Kitchen,dinner,2,0,0,3,19.3,0.0,0,51,61.0,61.0,71,57,14
2026-03-04,R1,Spice Route Kitchen,lunch,2,0,0,3,19.3,0.0,0,34,40.9,40.9,48,39,9
2026-03-04,R2,Green Leaf Cafe,dinner,2,0,0,3,23.8,0.0,0,36,38.4,38.4,41,34,7
2026-03-04,R2,Green Leaf Cafe,lunch,2,0,0,3,23.8,0.0,0,21,25.3,25.3,24,20,4
2026-03-04,R3,Coastal Kitchen,dinner,2,0,0,3,18.8,0.0,0,54,68.9,68.9,79,61,18
2026-03-04,R3,Coastal Kitchen,lunch,2,0,0,3,18.8,0.0,0,40,44.1,44.1,50,38,12
2026-03-04,R4,Urban Tandoor,dinner,2,0,0,3,18.7,2.2,0,44,48.9,48.9,49,42,7
2026-03-04,R4,Urban Tandoor,lunch,2,0,0,3,18.7,2.2,0,26,31.6,31.6,33,28,5
2026-03-04,R5,Campus Canteen,dinner,2,0,0,3,23.5,0.0,0,71,86.1,86.1,85,78,7
2026-03-04,R5,Campus Canteen,lunch,2,0,0,3,23.5,0.0,0,51,56.9,56.9,62,55,7
2026-03-05,R1,Spice Route Kitchen,dinner,3,0,0,3,25.3,0.2,0,57,60.9,60.9,67,51,16
2026-03-05,R1,Spice Route Kitchen,lunch,3,0,0,3,25.3,0.2,0,39,41.6,41.6,43,36,7
2026-03-05,R2,Green Leaf Cafe,dinner,3,0,0,3,21.6,0.0,0,34,37.9,37.9,42,36,6
2026-03-05,R2,Green Leaf Cafe,lunch,3,0,0,3,21.6,0.0,0,20,24.6,24.6,27,25,2
2026-03-05,R3,Coastal Kitchen,dinner,3,0,0,3,20.4,1.7,0,61,68.9,68.9,74,60,14
2026-03-05,R3,Coastal Kitchen,lunch,3,0,0,3,20.4,1.7,0,38,43.9,43.9,59,46,13
2026-03-05,R4,Urban Tandoor,dinner,3,0,0,3,21.7,4.0,0,42,48.7,48.7,46,41,5
2026-03-05,R4,Urban Tandoor,lunch,3,0,0,3,21.7,4.0,0,28,31.6,31.6,32,27,5
2026-03-05,R5,Campus Canteen,dinner,3,0,0,3,21.8,4.0,0,78,85.7,85.7,90,81,9
2026-03-05,R5,Campus Canteen,lunch,3,0,0,3,21.8,4.0,0,55,57.7,57.7,54,49,5
2026-03-06,R1,Spice Route Kitchen,dinner,4,0,0,3,23.9,0.0,0,51,60.0,60.0,72,59,13
2026-03-06,R1,Spice Route Kitchen,lunch,4,0,0,3,23.9,0.0,0,36,41.4,41.4,59,46,13
2026-03-06,R2,Green Leaf Cafe,dinner,4,0,0,3,20.1,0.0,0,36,38.4,38.4,51,42,9
2026-03-06,R2,Green Leaf Cafe,lunch,4,0,0,3,20.1,0.0,0,25,25.0,25.0,36,30,6
2026-03-06,R3,Coastal Kitchen,dinner,4,0,0,3,21.9,0.0,0,60,68.9,68.9,108,82,26
2026-03-06,R3,Coastal Kitchen,lunch,4,0,0,3,21.9,0.0,0,46,44.7,44.7,64,52,12
2026-03-06,R4,Urban Tandoor,dinner,4,0,0,3,21.5,4.7,0,41,48.1,48.1,63,53,10
2026-03-06,R4,Urban Tandoor,lunch,4,0,0,3,21.5,4.7,0,27,31.1,31.1,39,35,4
2026-03-06,R5,Campus Canteen,dinner,4,0,0,3,23.5,3.7,0,81,85.3,85.3,104,97,7
2026-03-06,R5,Campus Canteen,lunch,4,0,0,3,23.5,3.7,0,49,56.4,56.4,75,67,8
2026-03-07,R1,Spice Route Kitchen,dinner,5,1,0,3,21.5,0.0,0,59,60.3,60.3,102,85,17
2026-03-07,R1,Spice Route Kitchen,lunch,5,1,0,3,21.5,0.0,0,46,41.9,41.9,61,49,12
2026-03-07,R2,Green Leaf Cafe,dinner,5,1,0,3,22.3,3.3,0,42,38.6,38.6,49,41,8
2026-03-07,R2,Green Leaf Cafe,lunch,5,1,0,3,22.3,3.3,0,30,25.3,25.3,34,30,4
2026-03-07,R3,Coastal Kitchen,dinner,5,1,0,3,22.3,0.0,0,82,69.7,69.7,107,87,20
2026-03-07,R3,Coastal Kitchen,lunch,5,1,0,3,22.3,0.0,0,52,45.9,45.9,73,57,16
2026-03-07,R4,Urban Tandoor,dinner,5,1,0,3,21.1,0.9,0,53,48.1,48.1,73,63,10
2026-03-07,R4,Urban Tandoor,lunch,5,1,0,3,21.1,0.9,0,35,31.6,31.6,44,37,7
2026-03-07,R5,Campus Canteen,dinner,5,1,0,3,20.3,0.0,1,97,87.6,87.6,161,148,13
2026-03-07,R5,Campus Canteen,lunch,5,1,0,3,20.3,0.0,1,67,58.3,58.3,107,100,7
2026-03-08,R1,Spice Route Kitchen,dinner,6,1,0,3,21.7,0.8,0,85,61.9,61.9,90,73,17
2026-03-08,R1,Spice Route Kitchen,lunch,6,1,0,3,21.7,0.8,0,49,41.0,41.0,53,44,9
2026-03-08,R2,Green Leaf Cafe,dinner,6,1,0,3,21.3,0.0,0,41,37.7,37.7,53,49,4
2026-03-08,R2,Green Leaf Cafe,lunch,6,1,0,3,21.3,0.0,0,30,25.3,25.3,34,28,6
2026-03-08,R3,Coastal Kitchen,dinner,6,1,0,3,19.3,0.0,0,87,71.3,71.3,99,75,24
2026-03-08,R3,Coastal Kitchen,lunch,6,1,0,3,19.3,0.0,0,57,46.1,46.1,71,53,18
2026-03-08,R4,Urban Tandoor,dinner,6,1,0,3,20.8,0.0,0,63,48.9,48.9,62,52,10
2026-03-08,R4,Urban Tandoor,lunch,6,1,0,3,20.8,0.0,0,37,31.0,31.0,40,33,7
2026-03-08,R5,Campus Canteen,dinner,6,1,0,3,20.4,0.0,0,148,93.3,93.3,117,106,11
2026-03-08,R5,Campus Canteen,lunch,6,1,0,3,20.4,0.0,0,100,63.0,63.0,78,70,8
2026-03-09,R1,Spice Route Kitchen,dinner,0,0,0,3,18.6,0.0,0,73,61.3,61.3,63,52,11
2026-03-09,R1,Spice Route Kitchen,lunch,0,0,0,3,18.6,0.0,0,44,40.3,40.3,43,36,7
2026-03-09,R2,Green Leaf Cafe,dinner,0,0,0,3,22.0,0.0,0,49,38.6,38.6,38,33,5
2026-03-09,R2,Green Leaf Cafe,lunch,0,0,0,3,22.0,0.0,0,28,25.1,25.1,25,22,3
2026-03-09,R3,Coastal Kitchen,dinner,0,0,0,3,22.5,0.0,0,75,68.4,68.4,79,61,18
2026-03-09,R3,Coastal Kitchen,lunch,0,0,0,3,22.5,0.0,0,53,46.3,46.3,51,40,11
2026-03-09,R4,Urban Tandoor,dinner,0,0,0,3,21.6,0.0,0,52,48.0,48.0,55,46,9
2026-03-09,R4,Urban Tandoor,lunch,0,0,0,3,21.6,0.0,0,33,30.7,30.7,30,25,5
2026-03-09,R5,Campus Canteen,dinner,0,0,0,3,21.9,6.0,0,106,94.4,94.4,90,81,9
2026-03-09,R5,Campus Canteen,lunch,0,0,0,3,21.9,6.0,0,70,63.4,63.4,65,55,10
2026-03-10,R1,Spice Route Kitchen,dinner,1,0,0,3,24.4,0.0,0,52,61.1,61.1,62,53,9
2026-03-10,R1,Spice Route Kitchen,lunch,1,0,0,3,24.4,0.0,0,36,40.6,40.6,42,35,7
2026-03-10,R2,Green Leaf Cafe,dinner,1,0,0,3,26.1,2.0,0,33,38.7,38.7,44,36,8
2026-03-10,R2,Green Leaf Cafe,lunch,1,0,0,3,26.1,2.0,0,22,25.1,25.1,21,18,3
2026-03-10,R3,Coastal Kitchen,dinner,1,0,0,3,22.6,0.0,0,61,68.6,68.6,72,56,16
2026-03-10,R3,Coastal Kitchen,lunch,1,0,0,3,22.6,0.0,0,40,46.6,46.6,50,40,10
2026-03-10,R4,Urban Tandoor,dinner,1,0,0,3,20.2,0.0,0,46,48.7,48.7,43,37,6
2026-03-10,R4,Urban Tandoor,lunch,1,0,0,3,20.2,0.0,0,25,30.1,30.1,32,27,5
2026-03-10,R5,Campus Canteen,dinner,1,0,0,3,25.7,0.0,0,81,94.6,94.6,83,71,12
2026-03-10,R5,Campus Canteen,lunch,1,0,0,3,25.7,0.0,0,55,63.9,63.9,54,49,5
2026-03-11,R1,Spice Route Kitchen,dinner,2,0,0,3,23.8,3.7,0,53,61.4,61.4,61,50,11
2026-03-11,R1,Spice Route Kitchen,lunch,2,0,0,3,23.8,3.7,0,35,40.7,40.7,43,36,7
2026-03-11,R2,Green Leaf Cafe,dinner,2,0,0,3,19.4,0.0,0,36,38.7,38.7,37,32,5
2026-03-11,R2,Green Leaf Cafe,lunch,2,0,0,3,19.4,0.0,0,18,24.7,24.7,29,25,4
2026-03-11,R3,Coastal Kitchen,dinner,2,0,0,3,24.5,1.0,0,56,68.9,68.9,70,53,17
2026-03-11,R3,Coastal Kitchen,lunch,2,0,0,3,24.5,1.0,0,40,46.6,46.6,52,40,12
2026-03-11,R4,Urban Tandoor,dinner,2,0,0,3,21.4,0.0,0,37,47.7,47.7,47,39,8
2026-03-11,R4,Urban Tandoor,lunch,2,0,0,3,21.4,0.0,0,27,30.3,30.3,30,26,4
2026-03-11,R5,Campus Canteen,dinner,2,0,0,3,21.5,0.3,0,71,94.6,94.6,81,73,8
2026-03-11,R5,Campus Canteen,lunch,2,0,0,3,21.5,0.3,0,49,63.6,63.6,56,52,4
2026-03-12,R1,Spice Route Kitchen,dinner,3,0,0,3,25.8,0.0,0,50,60.4,60.4,67,54,13
2026-03-12,R1,Spice Route Kitchen,lunch,3,0,0,3,25.8,0.0,0,36,40.3,40.3,44,36,8
2026-03-12,R2,Green Leaf Cafe,dinner,3,0,0,3,18.0,0.0,0,32,38.4,38.4,40,34,6
2026-03-12,R2,Green Leaf Cafe,lunch,3,0,0,3,18.0,0.0,0,25,25.4,25.4,26,24,2
2026-03-12,R3,Coastal Kitchen,dinner,3,0,0,3,19.5,0.0,0,53,67.7,67.7,88,67,21
2026-03-12,R3,Coastal Kitchen,lunch,3,0,0,3,19.5,0.0,0,40,46.9,46.9,66,48,18
2026-03-12,R4,Urban Tandoor,dinner,3,0,0,3,23.1,0.0,0,39,47.3,47.3,61,51,10
2026-03-12,R4,Urban Tandoor,lunch,3,0,0,3,23.1,0.0,0,26,30.0,30.0,33,28,5
2026-03-12,R5,Campus Canteen,dinner,3,0,0,3,25.3,1.7,0,73,93.9,93.9,94,85,9
2026-03-12,R5,Campus Canteen,lunch,3,0,0,3,25.3,1.7,0,52,63.1,63.1,60,54,6
2026-03-13,R1,Spice Route Kitchen,dinner,4,0,0,3,24.4,3.1,0,54,60.9,60.9,75,62,13
2026-03-13,R1,Spice Route Kitchen,lunch,4,0,0,3,24.4,3.1,0,36,40.3,40.3,55,46,9
2026-03-13,R2,Green Leaf Cafe,dinner,4,0,0,3,20.5,1.1,0,34,38.1,38.1,48,41,7
2026-03-13,R2,Green Leaf Cafe,lunch,4,0,0,3,20.5,1.1,0,24,25.3,25.3,35,30,5
2026-03-13,R3,Coastal Kitchen,dinner,4,0,0,3,19.7,0.9,0,67,68.7,68.7,98,74,24
2026-03-13,R3,Coastal Kitchen,lunch,4,0,0,3,19.7,0.9,0,48,47.1,47.1,63,48,15
2026-03-13,R4,Urban Tandoor,dinner,4,0,0,3,23.2,0.0,0,51,48.7,48.7,62,50,12
2026-03-13,R4,Urban Tandoor,lunch,4,0,0,3,23.2,0.0,0,28,30.1,30.1,43,36,7
2026-03-13,R5,Campus Canteen,dinner,4,0,0,3,25.1,4.1,0,85,94.4,94.4,97,88,9
2026-03-13,R5,Campus Canteen,lunch,4,0,0,3,25.1,4.1,0,54,63.9,63.9,68,62,6
2026-03-14,R1,Spice Route Kitchen,dinner,5,1,0,3,22.7,0.0,0,62,61.3,61.3,92,73,19
2026-03-14,R1,Spice Route Kitchen,lunch,5,1,0,3,22.7,0.0,0,46,40.3,40.3,57,48,9
2026-03-14,R2,Green Leaf Cafe,dinner,5,1,0,3,20.9,0.0,0,41,38.0,38.0,54,48,6
2026-03-14,R2,Green Leaf Cafe,lunch,5,1,0,3,20.9,0.0,0,30,25.3,25.3,36,31,5
2026-03-14,R3,Coastal Kitchen,dinner,5,1,0,3,19.7,0.6,0,74,67.6,67.6,105,80,25
2026-03-14,R3,Coastal Kitchen,lunch,5,1,0,3,19.7,0.6,0,48,46.6,46.6,73,56,17
2026-03-14,R4,Urban Tandoor,dinner,5,1,0,3,23.6,2.7,0,50,48.3,48.3,70,58,12
2026-03-14,R4,Urban Tandoor,lunch,5,1,0,3,23.6,2.7,0,36,30.3,30.3,44,39,5
2026-03-14,R5,Campus Canteen,dinner,5,1,0,3,26.2,0.0,0,88,93.1,93.1,117,105,12
2026-03-14,R5,Campus Canteen,lunch,5,1,0,3,26.2,0.0,0,62,63.1,63.1,84,71,13
2026-03-15,R1,Spice Route Kitchen,dinner,6,1,0,3,24.1,7.8,0,73,59.6,59.6,86,69,17
2026-03-15,R1,Spice Route Kitchen,lunch,6,1,0,3,24.1,7.8,0,48,40.1,40.1,55,45,10
2026-03-15,R2,Green Leaf Cafe,dinner,6,1,0,3,24.0,4.9,0,48,39.0,39.0,47,43,4
2026-03-15,R2,Green Leaf Cafe,lunch,6,1,0,3,24.0,4.9,0,31,25.4,25.4,33,29,4
2026-03-15,R3,Coastal Kitchen,dinner,6,1,0,3,23.3,0.0,0,80,66.6,66.6,102,79,23
2026-03-15,R3,Coastal Kitchen,lunch,6,1,0,3,23.3,0.0,0,56,46.4,46.4,66,52,14
2026-03-15,R4,Urban Tandoor,dinner,6,1,0,3,22.7,1.7,0,58,47.6,47.6,59,50,9
2026-03-15,R4,Urban Tandoor,lunch,6,1,0,3,22.7,1.7,0,39,30.6,30.6,45,38,7
2026-03-15,R5,Campus Canteen,dinner,6,1,0,3,21.9,0.0,0,105,87.0,87.0,106,93,13
2026-03-15,R5,Campus Canteen,lunch,6,1,0,3,21.9,0.0,0,71,59.0,59.0,80,69,11
2026-03-16,R1,Spice Route Kitchen,dinner,0,0,0,3,28.1,0.0,0,69,59.0,59.0,69,55,14
2026-03-16,R1,Spice Route Kitchen,lunch,0,0,0,3,28.1,0.0,0,45,40.3,40.3,41,35,6
2026-03-16,R2,Green Leaf Cafe,dinner,0,0,0,3,26.7,0.0,0,43,38.1,38.1,42,36,6
2026-03-16,R2,Green Leaf Cafe,lunch,0,0,0,3,26.7,0.0,0,29,25.6,25.6,24,21,3
2026-03-16,R3,Coastal Kitchen,dinner,0,0,0,3,22.7,5.2,0,79,67.1,67.1,73,57,16
2026-03-16,R3,Coastal Kitchen,lunch,0,0,0,3,22.7,5.2,0,52,46.3,46.3,52,40,12
2026-03-16,R4,Urban Tandoor,dinner,0,0,0,3,25.8,0.0,0,50,47.3,47.3,48,40,8
2026-03-16,R4,Urban Tandoor,lunch,0,0,0,3,25.8,0.0,0,38,31.3,31.3,35,27,8
2026-03-16,R5,Campus Canteen,dinner,0,0,0,3,22.0,0.0,0,93,85.1,85.1,93,81,12
2026-03-16,R5,Campus Canteen,lunch,0,0,0,3,22.0,0.0,0,69,58.9,58.9,59,52,7
2026-03-17,R1,Spice Route Kitchen,dinner,1,0,0,3,22.4,0.4,0,55,59.4,59.4,59,50,9
2026-03-17,R1,Spice Route Kitchen,lunch,1,0,0,3,22.4,0.4,0,35,40.1,40.1,40,32,8
2026-03-17,R2,Green Leaf Cafe,dinner,1,0,0,3,24.5,2.7,0,36,38.6,38.6,38,34,4
2026-03-17,R2,Green Leaf Cafe,lunch,1,0,0,3,24.5,2.7,0,21,25.4,25.4,24,22,2
2026-03-17,R3,Coastal Kitchen,dinner,1,0,0,3,23.4,0.0,0,57,66.6,66.6,81,57,24
2026-03-17,R3,Coastal Kitchen,lunch,1,0,0,3,23.4,0.0,0,40,46.3,46.3,49,38,11
2026-03-17,R4,Urban Tandoor,dinner,1,0,0,3,24.6,0.0,0,40,46.4,46.4,43,36,7
2026-03-17,R4,Urban Tandoor,lunch,1,0,0,3,24.6,0.0,0,27,31.6,31.6,31,26,5
2026-03-17,R5,Campus Canteen,dinner,1,0,0,3,27.0,0.0,0,81,85.1,85.1,73,68,5
2026-03-17,R5,Campus Canteen,lunch,1,0,0,3,27.0,0.0,0,52,58.4,58.4,62,56,6
2026-03-18,R1,Spice Route Kitchen,dinner,2,0,0,3,24.7,0.0,0,50,59.0,59.0,61,50,11
2026-03-18,R1,Spice Route Kitchen,lunch,2,0,0,3,24.7,0.0,0,32,39.7,39.7,43,37,6
2026-03-18,R2,Green Leaf Cafe,dinner,2,0,0,3,27.2,0.0,0,34,38.3,38.3,38,33,5
2026-03-18,R2,Green Leaf Cafe,lunch,2,0,0,3,27.2,0.0,0,22,26.0,26.0,27,23,4
2026-03-18,R3,Coastal Kitchen,dinner,2,0,0,3,22.9,0.0,0,57,66.7,66.7,79,59,20
2026-03-18,R3,Coastal Kitchen,lunch,2,0,0,3,22.9,0.0,0,38,46.0,46.0,58,43,15
2026-03-18,R4,Urban Tandoor,dinner,2,0,0,3,26.1,0.6,0,36,46.3,46.3,48,42,6
2026-03-18,R4,Urban Tandoor,lunch,2,0,0,3,26.1,0.6,0,26,31.4,31.4,35,29,6
2026-03-18,R5,Campus Canteen,dinner,2,0,0,3,23.3,6.4,0,68,84.7,84.7,83,72,11
2026-03-18,R5,Campus Canteen,lunch,2,0,0,3,23.3,6.4,0,56,59.4,59.4,55,50,5
2026-03-19,R1,Spice Route Kitchen,dinner,3,0,0,3,26.4,4.1,0,50,59.0,59.0,72,61,11
2026-03-19,R1,Spice Route Kitchen,lunch,3,0,0,3,26.4,4.1,0,37,39.9,39.9,46,39,7
2026-03-19,R2,Green Leaf Cafe,dinner,3,0,0,3,26.2,0.0,0,33,38.4,38.4,42,35,7
2026-03-19,R2,Green Leaf Cafe,lunch,3,0,0,3,26.2,0.0,0,23,25.7,25.7,27,23,4
2026-03-19,R3,Coastal Kitchen,dinner,3,0,0,3,25.9,0.0,0,59,67.6,67.6,83,66,17
2026-03-19,R3,Coastal Kitchen,lunch,3,0,0,3,25.9,0.0,0,43,46.4,46.4,58,43,15
2026-03-19,R4,Urban Tandoor,dinner,3,0,0,3,23.5,0.0,0,42,46.7,46.7,52,45,7
2026-03-19,R4,Urban Tandoor,lunch,3,0,0,3,23.5,0.0,0,29,31.9,31.9,36,29,7
2026-03-19,R5,Campus Canteen,dinner,3,0,0,3,24.2,6.7,0,72,84.6,84.6,83,76,7
2026-03-19,R5,Campus Canteen,lunch,3,0,0,3,24.2,6.7,0,50,59.1,59.1,63,57,6
2026-03-20,R1,Spice Route Kitchen,dinner,4,0,0,3,27.3,0.0,0,61,60.0,60.0,79,63,16
2026-03-20,R1,Spice Route Kitchen,lunch,4,0,0,3,27.3,0.0,0,39,40.3,40.3,54,45,9
2026-03-20,R2,Green Leaf Cafe,dinner,4,0,0,3,24.3,0.0,0,35,38.6,38.6,48,40,8
2026-03-20,R2,Green Leaf Cafe,lunch,4,0,0,3,24.3,0.0,0,23,25.6,25.6,28,25,3
2026-03-20,R3,Coastal Kitchen,dinner,4,0,0,3,24.3,6.3,0,66,67.4,67.4,103,78,25
2026-03-20,R3,Coastal Kitchen,lunch,4,0,0,3,24.3,6.3,0,43,45.7,45.7,63,47,16
2026-03-20,R4,Urban Tandoor,dinner,4,0,0,3,21.7,0.0,0,45,45.9,45.9,62,51,11
2026-03-20,R4,Urban Tandoor,lunch,4,0,0,3,21.7,0.0,0,29,32.0,32.0,41,34,7
2026-03-20,R5,Campus Canteen,dinner,4,0,0,3,21.9,3.1,0,76,83.3,83.3,103,95,8
2026-03-20,R5,Campus Canteen,lunch,4,0,0,3,21.9,3.1,0,57,59.6,59.6,77,68,9
2026-03-21,R1,Spice Route Kitchen,dinner,5,1,0,3,26.9,0.2,0,63,60.1,60.1,81,68,13
2026-03-21,R1,Spice Route Kitchen,lunch,5,1,0,3,26.9,0.2,0,45,40.1,40.1,63,52,11
2026-03-21,R2,Green Leaf Cafe,dinner,5,1,0,3,24.7,0.0,0,40,38.4,38.4,50,44,6
2026-03-21,R2,Green Leaf Cafe,lunch,5,1,0,3,24.7,0.0,0,25,24.9,24.9,41,34,7
2026-03-21,R3,Coastal Kitchen,dinner,5,1,0,3,25.0,3.1,0,78,68.0,68.0,114,88,26
2026-03-21,R3,Coastal Kitchen,lunch,5,1,0,3,25.0,3.1,0,47,45.6,45.6,74,58,16
2026-03-21,R4,Urban Tandoor,dinner,5,1,0,3,21.6,5.2,0,51,46.0,46.0,68,58,10
2026-03-21,R4,Urban Tandoor,lunch,5,1,0,3,21.6,5.2,0,34,31.7,31.7,48,41,7
2026-03-21,R5,Campus Canteen,dinner,5,1,0,3,25.4,0.0,0,95,84.3,84.3,135,120,15
2026-03-21,R5,Campus Canteen,lunch,5,1,0,3,25.4,0.0,0,68,60.4,60.4,79,70,9
2026-03-22,R1,Spice Route Kitchen,dinner,6,1,0,3,25.4,4.0,0,68,59.4,59.4,85,71,14
2026-03-22,R1,Spice Route Kitchen,lunch,6,1,0,3,25.4,4.0,0,52,40.7,40.7,59,48,11
2026-03-22,R2,Green Leaf Cafe,dinner,6,1,0,3,28.6,1.1,0,44,37.9,37.9,48,42,6
2026-03-22,R2,Green Leaf Cafe,lunch,6,1,0,3,28.6,1.1,0,34,25.3,25.3,36,30,6
2026-03-22,R3,Coastal Kitchen,dinner,6,1,0,3,24.3,8.4,0,88,69.1,69.1,95,68,27
2026-03-22,R3,Coastal Kitchen,lunch,6,1,0,3,24.3,8.4,0,58,45.9,45.9,60,47,13
2026-03-22,R4,Urban Tandoor,dinner,6,1,0,3,25.5,1.8,0,58,46.0,46.0,70,60,10
2026-03-22,R4,Urban Tandoor,lunch,6,1,0,3,25.5,1.8,0,41,32.0,32.0,47,39,8
2026-03-22,R5,Campus Canteen,dinner,6,1,0,3,26.5,2.1,0,120,86.4,86.4,110,101,9
2026-03-22,R5,Campus Canteen,lunch,6,1,0,3,26.5,2.1,0,70,60.3,60.3,79,69,10
2026-03-23,R1,Spice Route Kitchen,dinner,0,0,0,3,24.8,0.0,0,71,59.7,59.7,68,55,13
2026-03-23,R1,Spice Route Kitchen,lunch,0,0,0,3,24.8,0.0,0,48,41.1,41.1,44,36,8
2026-03-23,R2,Green Leaf Cafe,dinner,0,0,0,3,27.0,0.0,0,42,37.7,37.7,37,32,5
2026-03-23,R2,Green Leaf Cafe,lunch,0,0,0,3,27.0,0.0,0,30,25.4,25.4,23,21,2
2026-03-23,R3,Coastal Kitchen,dinner,0,0,0,3,23.2,0.0,1,68,67.6,67.6,110,86,24
2026-03-23,R3,Coastal Kitchen,lunch,0,0,0,3,23.2,0.0,1,47,45.1,45.1,76,60,16
2026-03-23,R4,Urban Tandoor,dinner,0,0,0,3,27.3,1.7,0,60,47.4,47.4,49,41,8
2026-03-23,R4,Urban Tandoor,lunch,0,0,0,3,27.3,1.7,0,39,32.1,32.1,33,28,5
2026-03-23,R5,Campus Canteen,dinner,0,0,0,3,22.7,4.2,0,101,87.6,87.6,90,82,8
2026-03-23,R5,Campus Canteen,lunch,0,0,0,3,22.7,4.2,0,69,60.3,60.3,61,54,7
2026-03-24,R1,Spice Route Kitchen,dinner,1,0,0,3,25.8,2.1,0,55,59.7,59.7,65,52,13
2026-03-24,R1,Spice Route Kitchen,lunch,1,0,0,3,25.8,2.1,0,36,41.3,41.3,42,35,7
2026-03-24,R2,Green Leaf Cafe,dinner,1,0,0,3,24.6,0.0,1,32,37.1,37.1,54,47,7
2026-03-24,R2,Green Leaf Cafe,lunch,1,0,0,3,24.6,0.0,1,21,25.4,25.4,32,27,5
2026-03-24,R3,Coastal Kitchen,dinner,1,0,0,3,26.6,0.0,0,86,71.7,71.7,80,65,15
2026-03-24,R3,Coastal Kitchen,lunch,1,0,0,3,26.6,0.0,0,60,48.0,48.0,48,39,9
2026-03-24,R4,Urban Tandoor,dinner,1,0,0,3,27.0,0.3,0,41,47.6,47.6,44,38,6
2026-03-24,R4,Urban Tandoor,lunch,1,0,0,3,27.0,0.3,0,28,32.3,32.3,35,30,5
2026-03-24,R5,Campus Canteen,dinner,1,0,0,3,23.7,1.5,0,82,87.7,87.7,78,72,6
2026-03-24,R5,Campus Canteen,lunch,1,0,0,3,23.7,1.5,0,54,60.6,60.6,55,47,8
2026-03-25,R1,Spice Route Kitchen,dinner,2,0,0,3,24.1,0.6,0,52,60.0,60.0,72,57,15
2026-03-25,R1,Spice Route Kitchen,lunch,2,0,0,3,24.1,0.6,0,35,41.7,41.7,40,34,6
2026-03-25,R2,Green Leaf Cafe,dinner,2,0,0,3,25.1,1.5,0,47,39.0,39.0,38,33,5
2026-03-25,R2,Green Leaf Cafe,lunch,2,0,0,3,25.1,1.5,0,27,26.1,26.1,29,23,6
2026-03-25,R3,Coastal Kitchen,dinner,2,0,0,3,23.4,1.6,0,65,72.9,72.9,75,58,17
2026-03-25,R3,Coastal Kitchen,lunch,2,0,0,3,23.4,1.6,0,39,48.1,48.1,51,37,14
2026-03-25,R4,Urban Tandoor,dinner,2,0,0,3,24.8,0.0,0,38,47.9,47.9,57,47,10
2026-03-25,R4,Urban Tandoor,lunch,2,0,0,3,24.8,0.0,0,30,32.9,32.9,32,27,5
2026-03-25,R5,Campus Canteen,dinner,2,0,0,3,25.0,4.2,0,72,88.3,88.3,87,79,8
2026-03-25,R5,Campus Canteen,lunch,2,0,0,3,25.0,4.2,0,47,59.3,59.3,61,56,5
2026-03-26,R1,Spice Route Kitchen,dinner,3,0,0,3,26.7,6.3,0,57,61.0,61.0,68,56,12
2026-03-26,R1,Spice Route Kitchen,lunch,3,0,0,3,26.7,6.3,0,34,41.3,41.3,53,44,9
2026-03-26,R2,Green Leaf Cafe,dinner,3,0,0,3,27.1,5.3,0,33,39.0,39.0,47,40,7
2026-03-26,R2,Green Leaf Cafe,lunch,3,0,0,3,27.1,5.3,0,23,26.1,26.1,24,20,4
2026-03-26,R3,Coastal Kitchen,dinner,3,0,0,3,25.2,2.5,0,58,72.7,72.7,84,63,21
2026-03-26,R3,Coastal Kitchen,lunch,3,0,0,3,25.2,2.5,0,37,47.3,47.3,52,41,11
2026-03-26,R4,Urban Tandoor,dinner,3,0,0,3,27.9,0.0,0,47,48.6,48.6,52,45,7
2026-03-26,R4,Urban Tandoor,lunch,3,0,0,3,27.9,0.0,0,27,32.6,32.6,34,29,5
2026-03-26,R5,Campus Canteen,dinner,3,0,0,3,29.6,0.8,0,79,89.3,89.3,93,82,11
2026-03-26,R5,Campus Canteen,lunch,3,0,0,3,29.6,0.8,0,56,60.1,60.1,60,53,7
